Country Name,Country Code,Year,LifeExpectancy,Under5_Mortality,FertilityRate,HealthExp_pct_GDP,HealthExp_perCapita_USD,GNI_perCapita_Atlas_USD
Afghanistan,AFG,1985,45.5770243902439,216.0,7.458,,,
Afghanistan,AFG,1986,46.4269512195122,209.2,7.46,,,
Afghanistan,AFG,1987,47.2963414634146,202.1,7.461,,,
Afghanistan,AFG,1988,48.1697317073171,195.0,7.461,,,
Afghanistan,AFG,1989,49.0311219512195,187.8,7.461,,,
Afghanistan,AFG,1990,49.8610487804878,181.0,7.466,,,
Afghanistan,AFG,1991,50.6409756097561,174.2,7.479,,,
Afghanistan,AFG,1992,51.3629268292683,167.8,7.502,,,
Afghanistan,AFG,1993,52.0218780487805,162.0,7.535,,,
Afghanistan,AFG,1994,52.6143414634146,156.8,7.572,,,
Afghanistan,AFG,1995,53.1393902439024,152.3,7.606,,,
Afghanistan,AFG,1996,53.6020487804878,148.6,7.63,,,
Afghanistan,AFG,1997,54.0178292682927,145.5,7.636,,,
Afghanistan,AFG,1998,54.4027317073171,142.6,7.617,,,
Afghanistan,AFG,1999,54.7672682926829,139.9,7.571,,,
Afghanistan,AFG,2000,55.1258780487805,137.0,7.496,,,
Afghanistan,AFG,2001,55.4875365853659,133.8,7.395,,,
Afghanistan,AFG,2002,55.8571951219512,130.3,7.273,7.76307316,15.48190406,
Afghanistan,AFG,2003,56.2352926829268,126.8,7.137,8.81605343,19.33236793,
Afghanistan,AFG,2004,56.6263170731707,123.2,6.987,8.78670722,20.89000224,220.0
Afghanistan,AFG,2005,57.027243902439,119.6,6.822,8.06810435,21.89580296,250.0
Afghanistan,AFG,2006,57.4325609756098,116.3,6.639,7.43397155,22.18140928,280.0
Afghanistan,AFG,2007,57.8338292682927,113.2,6.437,6.72831635,26.98894729,340.0
Afghanistan,AFG,2008,58.2250243902439,110.4,6.218,8.32809334,33.80518937,370.0
Afghanistan,AFG,2009,58.6036829268293,107.6,5.985,9.41897064,43.52543981,470.0
Afghanistan,AFG,2010,58.9708292682927,105.0,5.746,9.19772273,52.8857608,520.0
Afghanistan,AFG,2011,59.3279512195122,102.3,5.506,7.87199189,52.38254929,570.0
Afghanistan,AFG,2012,59.6796097560976,99.5,5.272,8.51891268,58.16803071,720.0
Afghanistan,AFG,2013,60.0282682926829,96.7,5.05,8.13486556,53.36597308,730.0
Afghanistan,AFG,2014,60.3744634146342,93.9,4.843,8.18227382,56.57452735,670.0
Afghanistan,AFG,2015,,91.1,,,,630.0
Albania,ALB,1985,71.4712195121951,54.3,3.269,,,
Albania,ALB,1986,71.6975609756098,50.7,3.217,,,720.0
Albania,ALB,1987,71.8619512195122,47.6,3.164,,,760.0
Albania,ALB,1988,71.9532926829268,44.9,3.108,,,760.0
Albania,ALB,1989,71.9785853658537,42.5,3.046,,,790.0
Albania,ALB,1990,71.9573170731707,40.6,2.978,,,680.0
Albania,ALB,1991,71.9184146341463,38.8,2.905,,,420.0
Albania,ALB,1992,71.9008048780488,37.3,2.829,,,300.0
Albania,ALB,1993,71.9358536585366,36.0,2.751,,,320.0
Albania,ALB,1994,72.0419512195122,34.6,2.672,,,400.0
Albania,ALB,1995,72.2360243902439,33.2,2.591,6.59707903,51.48380136,660.0
Albania,ALB,1996,72.5274146341463,31.8,2.508,7.43197435,72.42532839,920.0
Albania,ALB,1997,72.8980975609756,30.3,2.423,7.56809993,52.94161894,830.0
Albania,ALB,1998,73.3265853658537,28.9,2.337,6.94329921,61.25168194,900.0
Albania,ALB,1999,73.7933902439025,27.5,2.249,6.86818989,75.95312403,1010.0
Albania,ALB,2000,74.2715365853659,26.2,2.16,6.2559844,74.02882494,1170.0
Albania,ALB,2001,74.7325609756098,24.9,2.068,6.00014389,78.66819861,1330.0
Albania,ALB,2002,75.1546097560976,23.6,1.975,6.30011348,89.9161553,1410.0
Albania,ALB,2003,75.5232926829268,22.5,1.884,6.26700723,112.63011779,1690.0
Albania,ALB,2004,75.8312195121951,21.5,1.798,6.37953469,153.26255007,2150.0
Albania,ALB,2005,76.0816097560976,20.5,1.724,6.11631076,166.22792891,2670.0
Albania,ALB,2006,76.2861219512195,19.5,1.668,5.86129625,175.46111256,3090.0
Albania,ALB,2007,76.4702926829268,18.7,1.635,6.10393525,216.94308134,3480.0
Albania,ALB,2008,76.6520731707317,17.9,1.625,5.86941616,254.735035,4050.0
Albania,ALB,2009,76.8403658536586,17.3,1.636,5.79133946,238.07097947,4280.0
Albania,ALB,2010,77.0369512195122,16.6,1.663,5.33503501,219.27385748,4360.0
Albania,ALB,2011,77.2405853658537,16.0,1.699,5.71466526,255.2555999,4390.0
Albania,ALB,2012,77.4439756097561,15.5,1.735,5.58917285,239.51286789,4360.0
Albania,ALB,2013,77.6404634146342,14.9,1.765,5.65513948,253.3418956,4480.0
Albania,ALB,2014,77.8304634146342,14.4,1.784,5.88310543,272.20429151,4450.0
Albania,ALB,2015,,14.0,,,,4290.0
Algeria,DZA,1985,64.073756097561,71.2,5.835,,,2390.0
Algeria,DZA,1986,64.8571951219512,61.9,5.627,,,2590.0
Algeria,DZA,1987,65.4871463414634,55.4,5.412,,,2810.0
Algeria,DZA,1988,65.9894390243903,51.2,5.191,,,2750.0
Algeria,DZA,1989,66.3820487804878,48.5,4.962,,,2540.0
Algeria,DZA,1990,66.6945853658537,46.8,4.726,,,2360.0
Algeria,DZA,1991,66.9587317073171,45.7,4.479,,,1990.0
Algeria,DZA,1992,67.2096829268293,44.9,4.223,,,1890.0
Algeria,DZA,1993,67.4754878048781,44.1,3.962,,,1720.0
Algeria,DZA,1994,67.7755365853659,43.3,3.702,,,1610.0
Algeria,DZA,1995,68.1210731707317,42.5,3.448,3.70152453,53.87082951,1550.0
Algeria,DZA,1996,68.5092195121951,41.8,3.208,3.34906968,53.4514481,1510.0
Algeria,DZA,1997,68.9212195121951,41.1,2.988,3.59465773,57.94416343,1500.0
Algeria,DZA,1998,69.3409512195122,40.6,2.796,3.59408178,57.08920215,1530.0
Algeria,DZA,1999,69.7629268292683,40.2,2.635,3.43391495,54.28883852,1530.0
Algeria,DZA,2000,70.1839024390244,39.7,2.514,3.48902094,61.30289682,1590.0
Algeria,DZA,2001,70.601756097561,38.9,2.438,3.83786516,66.508593,1660.0
Algeria,DZA,2002,71.0148536585366,37.8,2.404,3.73006375,66.18230218,1720.0
Algeria,DZA,2003,71.421,36.5,2.407,3.60102674,75.43769203,1920.0
Algeria,DZA,2004,71.8162682926829,35.1,2.441,3.54406326,92.1539956,2240.0
Algeria,DZA,2005,72.1965609756098,33.6,2.499,3.23516801,100.35610741,2710.0
Algeria,DZA,2006,72.5577073170732,32.1,2.576,3.35511843,116.33972015,3100.0
Algeria,DZA,2007,72.8983658536585,30.7,2.661,3.82141191,150.54703923,3590.0
Algeria,DZA,2008,73.2193170731707,29.4,2.744,4.20191141,206.40840341,4200.0
Algeria,DZA,2009,73.5210243902439,28.3,2.818,5.35942501,207.72120828,4280.0
Algeria,DZA,2010,73.8040487804878,27.3,2.873,5.11715468,228.91595202,4470.0
Algeria,DZA,2011,74.07,26.6,2.903,5.29292834,286.968847,4590.0
Algeria,DZA,2012,74.3240975609756,26.1,2.909,6.14311272,335.26909118,5200.0
Algeria,DZA,2013,74.5689512195122,25.8,2.893,7.12438268,345.65370409,5520.0
Algeria,DZA,2014,74.8080975609756,25.6,2.857,7.20717804,361.7291743,5490.0
Algeria,DZA,2015,,25.5,,,,4870.0
American Samoa,ASM,1985,,,,,,
American Samoa,ASM,1986,,,,,,
American Samoa,ASM,1987,,,,,,
American Samoa,ASM,1988,,,,,,
American Samoa,ASM,1989,,,,,,
American Samoa,ASM,1990,,,,,,
American Samoa,ASM,1991,,,,,,
American Samoa,ASM,1992,,,,,,
American Samoa,ASM,1993,,,,,,
American Samoa,ASM,1994,,,,,,
American Samoa,ASM,1995,,,,,,
American Samoa,ASM,1996,,,,,,
American Samoa,ASM,1997,,,,,,
American Samoa,ASM,1998,,,,,,
American Samoa,ASM,1999,,,,,,
American Samoa,ASM,2000,,,,,,
American Samoa,ASM,2001,,,,,,
American Samoa,ASM,2002,,,,,,
American Samoa,ASM,2003,,,,,,
American Samoa,ASM,2004,,,,,,
American Samoa,ASM,2005,,,,,,
American Samoa,ASM,2006,,,,,,
American Samoa,ASM,2007,,,,,,
American Samoa,ASM,2008,,,,,,
American Samoa,ASM,2009,,,,,,
American Samoa,ASM,2010,,,,,,
American Samoa,ASM,2011,,,,,,
American Samoa,ASM,2012,,,,,,
American Samoa,ASM,2013,,,,,,
American Samoa,ASM,2014,,,,,,
American Samoa,ASM,2015,,,,,,
Andorra,ADO,1985,,,,,,7640.0
Andorra,ADO,1986,,,,,,8700.0
Andorra,ADO,1987,,,,,,11020.0
Andorra,ADO,1988,,,,,,14080.0
Andorra,ADO,1989,,,,,,15360.0
Andorra,ADO,1990,,8.5,,,,16880.0
Andorra,ADO,1991,,7.9,,,,18260.0
Andorra,ADO,1992,,7.4,,,,20140.0
Andorra,ADO,1993,,6.9,,,,18730.0
Andorra,ADO,1994,,6.4,,,,17880.0
Andorra,ADO,1995,,6.0,,5.80799984,1282.52258662,17840.0
Andorra,ADO,1996,,5.7,,6.09433321,1386.66114884,18990.0
Andorra,ADO,1997,,5.3,,6.14492202,1395.5214956,20190.0
Andorra,ADO,1998,,5.0,,7.75592576,1831.20946786,19410.0
Andorra,ADO,1999,,4.8,,5.72830824,1369.1612816,19250.0
Andorra,ADO,2000,,4.6,,5.78129974,1242.21097786,19930.0
Andorra,ADO,2001,,4.4,,5.78874692,1268.63334966,21000.0
Andorra,ADO,2002,,4.2,,5.97260274,1450.79647062,22590.0
Andorra,ADO,2003,,4.1,,5.74503291,1827.84175497,27150.0
Andorra,ADO,2004,,4.0,,5.70388241,2127.73674755,33610.0
Andorra,ADO,2005,,3.9,,5.22335314,2089.66776214,40040.0
Andorra,ADO,2006,,3.7,1.24,5.31389324,2256.10300159,42740.0
Andorra,ADO,2007,,3.6,1.18,6.33545578,2997.57274716,44250.0
Andorra,ADO,2008,,3.5,1.25,6.5674086,3081.87021953,43760.0
Andorra,ADO,2009,,3.4,1.19,6.75968963,2897.93204128,44180.0
Andorra,ADO,2010,,3.3,1.27,7.99926652,3173.99169088,41670.0
Andorra,ADO,2011,,3.2,,6.70379149,2794.50281318,40580.0
Andorra,ADO,2012,,3.1,,7.54733741,2993.7301066,41010.0
Andorra,ADO,2013,,3.0,,11.4780464,4914.39117816,43270.0
Andorra,ADO,2014,,2.9,,8.12713561,3746.33415672,
Andorra,ADO,2015,,2.8,,,,
Angola,AGO,1985,40.7777804878049,228.3,7.279,,,
Angola,AGO,1986,40.887487804878,227.5,7.268,,,
Angola,AGO,1987,40.9738780487805,226.9,7.256,,,750.0
Angola,AGO,1988,41.0377073170732,226.5,7.242,,,750.0
Angola,AGO,1989,41.0876585365854,226.2,7.226,,,520.0
Angola,AGO,1990,41.1383414634146,226.0,7.208,,,550.0
Angola,AGO,1991,41.2063414634146,225.9,7.187,,,880.0
Angola,AGO,1992,41.3130243902439,226.0,7.164,,,590.0
Angola,AGO,1993,41.4781951219512,225.8,7.139,,,480.0
Angola,AGO,1994,41.716243902439,225.5,7.112,,,370.0
Angola,AGO,1995,42.0514634146341,224.8,7.083,6.45887795,18.00618425,460.0
Angola,AGO,1996,42.5016341463415,224.0,7.051,2.81473208,13.75622193,460.0
Angola,AGO,1997,43.0621219512195,222.6,7.017,3.4825593,19.27911944,440.0
Angola,AGO,1998,43.7142682926829,220.8,6.981,3.33560211,15.14206043,430.0
Angola,AGO,1999,44.439,218.9,6.943,3.37784418,14.23259059,360.0
Angola,AGO,2000,45.2047804878049,216.7,6.905,2.78728366,16.8991726,390.0
Angola,AGO,2001,45.9731463414634,214.1,6.866,5.38455772,30.91774474,430.0
Angola,AGO,2002,46.7117317073171,211.7,6.829,3.63392075,28.19059742,510.0
Angola,AGO,2003,47.3931707317073,209.2,6.792,4.40528442,37.44842882,620.0
Angola,AGO,2004,48.003512195122,206.7,6.755,4.70732007,53.4564375,880.0
Angola,AGO,2005,48.5388048780488,203.9,6.716,4.10396002,64.68519176,1170.0
Angola,AGO,2006,49.0070487804878,200.5,6.671,4.54243749,102.37922537,1630.0
Angola,AGO,2007,49.4357317073171,196.4,6.619,3.38311163,106.60251904,2360.0
Angola,AGO,2008,49.8473902439024,192.0,6.559,3.84493395,163.11605053,3020.0
Angola,AGO,2009,50.2510243902439,187.3,6.492,4.37177378,160.83547792,3510.0
Angola,AGO,2010,50.6541707317073,182.5,6.416,3.39114609,131.79621085,3570.0
Angola,AGO,2011,51.0593170731707,177.3,6.335,3.3795827,160.36072269,3740.0
Angola,AGO,2012,51.464,172.2,6.251,3.30479422,168.02721742,4140.0
Angola,AGO,2013,51.8661707317073,167.1,6.165,4.26303169,225.73659246,4720.0
Angola,AGO,2014,52.2668780487805,162.2,6.08,3.30698293,179.35785371,4800.0
Angola,AGO,2015,,156.9,,,,4180.0
Antigua and Barbuda,ATG,1985,69.928512195122,,2.092,,,2840.0
Antigua and Barbuda,ATG,1986,70.1825609756098,,2.082,,,3130.0
Antigua and Barbuda,ATG,1987,70.4326341463415,,2.07,,,3960.0
Antigua and Barbuda,ATG,1988,70.6797317073171,,2.062,,,5050.0
Antigua and Barbuda,ATG,1989,70.9228292682927,,2.058,,,5430.0
Antigua and Barbuda,ATG,1990,71.1629512195122,25.5,2.061,,,5740.0
Antigua and Barbuda,ATG,1991,71.4005853658537,24.2,2.073,,,6160.0
Antigua and Barbuda,ATG,1992,71.6347073170732,23.1,2.096,,,6370.0
Antigua and Barbuda,ATG,1993,71.8658536585366,21.9,2.128,,,6810.0
Antigua and Barbuda,ATG,1994,72.093,20.8,2.166,,,7180.0
Antigua and Barbuda,ATG,1995,72.3176829268293,19.7,2.208,4.1436129,353.19289801,6920.0
Antigua and Barbuda,ATG,1996,72.5388536585366,18.8,2.248,3.92096985,356.41139064,7130.0
Antigua and Barbuda,ATG,1997,72.7575609756098,17.9,2.281,3.93930715,373.27456563,7620.0
Antigua and Barbuda,ATG,1998,72.9737804878049,17.0,2.304,3.92020732,386.62789176,7730.0
Antigua and Barbuda,ATG,1999,73.1860243902439,16.2,2.316,3.96104693,400.73519335,8000.0
Antigua and Barbuda,ATG,2000,73.3972926829268,15.5,2.316,4.12504853,416.41326943,8620.0
Antigua and Barbuda,ATG,2001,73.6070975609756,14.8,2.305,4.48439049,439.38001025,8890.0
Antigua and Barbuda,ATG,2002,73.8154390243902,14.1,2.288,4.41378705,442.60837448,9290.0
Antigua and Barbuda,ATG,2003,74.0217804878049,13.5,2.268,4.53434099,470.78383885,10140.0
Antigua and Barbuda,ATG,2004,74.2261463414634,12.9,2.246,4.20698542,462.48912816,10990.0
Antigua and Barbuda,ATG,2005,74.4254390243903,12.4,2.224,4.41010035,532.73416909,11920.0
Antigua and Barbuda,ATG,2006,74.6181463414634,11.8,2.203,4.34002161,590.23941594,13400.0
Antigua and Barbuda,ATG,2007,74.8032195121951,11.3,2.183,4.26972324,652.2483176,14750.0
Antigua and Barbuda,ATG,2008,74.9791707317073,10.9,2.164,4.69201433,740.68854173,14990.0
Antigua and Barbuda,ATG,2009,75.1470243902439,10.4,2.146,4.86206202,679.68040921,13420.0
Antigua and Barbuda,ATG,2010,75.3087804878049,9.9,2.13,5.6285144,732.68117568,12620.0
Antigua and Barbuda,ATG,2011,75.4660243902439,9.5,2.115,5.64852918,724.01950759,12370.0
Antigua and Barbuda,ATG,2012,75.6218048780488,9.1,2.102,5.38593825,728.48132414,12850.0
Antigua and Barbuda,ATG,2013,75.7786585365854,8.7,2.088,5.33222783,711.43035589,13030.0
Antigua and Barbuda,ATG,2014,75.9376341463415,8.4,2.075,5.54168311,773.71224648,13320.0
Antigua and Barbuda,ATG,2015,,8.1,,,,13390.0
Arab World,ARB,1985,61.8189457951327,99.7288805797079,5.88399795764083,,,
Arab World,ARB,1986,62.440710370971,94.3689705110271,5.76169549195974,,,
Arab World,ARB,1987,63.0092850696788,89.8037236937127,5.62821637632331,,,
Arab World,ARB,1988,63.5170691137247,85.9693348327178,5.48520454982152,,,
Arab World,ARB,1989,63.9635171966052,82.7749127621882,5.33509324946382,,,
Arab World,ARB,1990,64.4487756958338,80.0094546516321,5.18590250466104,,,
Arab World,ARB,1991,64.7962243465133,77.5996999238254,5.03282421110711,,,
Arab World,ARB,1992,65.0698103741899,75.3419055836158,4.90251056612493,,,
Arab World,ARB,1993,65.4002521549252,73.2855564659743,4.7414670832451,,,
Arab World,ARB,1994,65.7461078405466,71.2795103399552,4.57943142674875,,,2132.04205946196
Arab World,ARB,1995,66.1458310860618,69.3767145967398,4.41096034362775,3.70042840357833,85.7495769077374,2167.77077418037
Arab World,ARB,1996,66.4867392942915,67.5093998364135,4.26604019957844,3.69191852654919,91.0568380744579,2274.65246380399
Arab World,ARB,1997,66.8179436424344,65.7453542744067,4.13055727958744,3.86246235072094,97.6628517266039,2351.26273313726
Arab World,ARB,1998,67.1181903396738,63.9459779238283,4.0038194066528,4.17531632381833,99.7593894888633,2338.68485849528
Arab World,ARB,1999,67.4033131440575,62.1908383555164,3.8885232978678,4.27767331933882,108.104006573068,2324.35080395823
Arab World,ARB,2000,67.6514348947179,60.4129886142128,3.79119668430734,4.11978520218344,115.388478469894,2430.74593350188
Arab World,ARB,2001,67.8846698166577,58.6279292660645,3.70538895064845,4.39070899425013,117.896799443508,2511.95360922734
Arab World,ARB,2002,68.1026251611506,56.8526389354576,3.63139157999874,4.41518265324053,118.738833805679,2506.3058525008
Arab World,ARB,2003,68.3135558757881,55.0878217295702,3.57316164748613,4.2019881873439,113.859433733153,2685.3693351455
Arab World,ARB,2004,68.5327227981639,53.3442113468608,3.52235756086214,3.93819681130729,126.019905052709,3081.24006571516
Arab World,ARB,2005,68.7535209692104,51.6420745414292,3.48515134177968,3.57556927189032,138.744454322676,3554.75588136846
Arab World,ARB,2006,68.9831885620902,49.9084533082219,3.45837027599463,3.52586529636454,159.438760361755,4091.42969732095
Arab World,ARB,2007,69.2070082278487,48.1750886248976,3.44313489066242,3.62253889146817,186.207286681419,4708.27546009457
Arab World,ARB,2008,69.41718277696,46.389048974492,3.43703292025418,3.53325395414224,221.068163345658,5516.01113054046
Arab World,ARB,2009,69.6189294898082,44.672467738387,3.43520079273384,4.57201083116348,241.923228175044,5599.28315780016
Arab World,ARB,2010,69.8130248039599,42.9943054790763,3.43717717991401,4.16209567762145,249.482165530098,5822.41737183138
Arab World,ARB,2011,69.9930095159335,41.5158481179613,3.43419091666541,4.09427517865551,284.015080658953,6068.12350471518
Arab World,ARB,2012,70.173669569961,40.196742093535,3.42514099551509,4.38336381148631,326.130424121291,7024.37979821774
Arab World,ARB,2013,70.3698056783184,38.9643397866078,3.40520670959757,4.64436992339317,341.765837417159,7523.86988475792
Arab World,ARB,2014,70.5679019105773,37.7893204701455,3.3749730864754,4.84586088473097,356.113001127244,7540.19555094894
Arab World,ARB,2015,,36.764145085562,,,,7060.6199461417
Argentina,ARG,1985,70.6313902439024,33.1,3.093,,,2650.0
Argentina,ARG,1986,70.7990731707317,31.9,3.073,,,3010.0
Argentina,ARG,1987,70.967756097561,30.8,3.056,,,3600.0
Argentina,ARG,1988,71.1459024390244,29.7,3.037,,,3900.0
Argentina,ARG,1989,71.3375365853659,28.6,3.016,,,2910.0
Argentina,ARG,1990,71.5436585365854,27.6,2.989,,,3170.0
Argentina,ARG,1991,71.7632926829268,26.6,2.954,,,3950.0
Argentina,ARG,1992,71.9889512195122,25.7,2.913,,,6280.0
Argentina,ARG,1993,72.2156585365854,24.8,2.866,,,7070.0
Argentina,ARG,1994,72.4413902439024,24.1,2.815,,,7540.0
Argentina,ARG,1995,72.6651219512195,23.4,2.762,8.31099274,612.95824318,7330.0
Argentina,ARG,1996,72.8873414634146,22.7,2.711,8.02499359,616.81447153,7700.0
Argentina,ARG,1997,73.1080487804878,22.0,2.664,8.36136161,683.68795122,8110.0
Argentina,ARG,1998,73.3276829268293,21.4,2.623,8.53592553,704.46065824,7990.0
Argentina,ARG,1999,73.5442682926829,20.8,2.589,9.35514932,724.11127656,7540.0
Argentina,ARG,2000,73.7558048780488,20.2,2.561,9.21275669,706.90499353,7440.0
Argentina,ARG,2001,73.9603170731707,19.7,2.537,9.37589012,672.65232677,6960.0
Argentina,ARG,2002,74.1557804878049,19.2,2.516,8.31392968,223.90609457,3930.0
Argentina,ARG,2003,74.3412682926829,18.6,2.495,8.21606274,277.93844386,3550.0
Argentina,ARG,2004,74.5187804878049,17.9,2.474,6.84056093,323.75024296,3560.0
Argentina,ARG,2005,74.6878048780488,17.1,2.452,6.84561938,389.81827568,4600.0
Argentina,ARG,2006,74.8499024390244,16.4,2.432,6.68187054,447.1689734,5500.0
Argentina,ARG,2007,75.0090487804878,15.8,2.413,6.49458405,539.23777278,6530.0
Argentina,ARG,2008,75.1662682926829,15.4,2.396,6.66371839,673.84210464,7680.0
Argentina,ARG,2009,75.3245609756098,15.0,2.382,7.63475841,711.95419553,7790.0
Argentina,ARG,2010,75.4849756097561,14.6,2.37,6.55015616,738.48082303,9240.0
Argentina,ARG,2011,75.6490487804878,14.2,2.358,5.89274265,795.75029309,10710.0
Argentina,ARG,2012,75.816243902439,13.8,2.347,5.01904817,726.79434807,11870.0
Argentina,ARG,2013,75.9860975609756,13.3,2.335,4.98687258,731.4512884,12850.0
Argentina,ARG,2014,76.1586097560976,12.9,2.322,4.78591616,605.1878448,12330.0
Argentina,ARG,2015,,12.5,,,,12460.0
Armenia,ARM,1985,69.5,61.5,2.481,,,
Armenia,ARM,1986,69.0242926829268,59.1,2.519,,,
Armenia,ARM,1987,68.5675609756098,56.7,2.549,,,
Armenia,ARM,1988,68.1820975609756,81.7,2.566,,,
Armenia,ARM,1989,67.899512195122,52.1,2.565,,,
Armenia,ARM,1990,67.7478048780488,49.8,2.538,,,
Armenia,ARM,1991,67.7382926829268,47.5,2.482,,,
Armenia,ARM,1992,67.8533414634147,45.2,2.399,,,310.0
Armenia,ARM,1993,68.0695609756098,42.9,2.295,,,330.0
Armenia,ARM,1994,68.3766585365854,40.8,2.176,,,400.0
Armenia,ARM,1995,68.7635609756098,38.7,2.053,6.41873606,25.62249443,450.0
Armenia,ARM,1996,69.2168536585366,36.8,1.938,5.7907572,29.14083557,520.0
Armenia,ARM,1997,69.7164146341464,35.0,1.838,5.76758904,30.12181086,560.0
Armenia,ARM,1998,70.2402195121951,33.3,1.762,5.75617179,34.98812191,590.0
Armenia,ARM,1999,70.7670975609756,31.7,1.712,5.68179057,33.89211786,610.0
Armenia,ARM,2000,71.2765853658537,30.1,1.688,6.25348348,38.82927307,660.0
Armenia,ARM,2001,71.7558292682927,28.7,1.687,5.94041648,41.12659264,710.0
Armenia,ARM,2002,72.2016097560976,27.3,1.698,5.40041921,41.9909141,800.0
Armenia,ARM,2003,72.6095853658537,25.9,1.714,5.56388068,51.50899053,950.0
Armenia,ARM,2004,72.973756097561,24.6,1.729,5.50118169,65.49067686,1160.0
Armenia,ARM,2005,73.2873902439024,23.4,1.737,5.25211644,86.10079034,1520.0
Armenia,ARM,2006,73.5482682926829,22.2,1.736,4.57775072,98.22416727,1990.0
Armenia,ARM,2007,73.7646585365854,21.1,1.726,4.30883082,134.06043976,2710.0
Armenia,ARM,2008,73.945,20.0,1.707,3.79932298,149.38303441,3520.0
Armenia,ARM,2009,74.0958292682927,19.0,1.68,4.54532341,132.51720397,3250.0
Armenia,ARM,2010,74.2263414634146,18.0,1.648,4.56226302,143.06442355,3370.0
Armenia,ARM,2011,74.3428292682927,17.2,1.613,3.71354097,127.00593164,3420.0
Armenia,ARM,2012,74.4520975609756,16.3,1.581,4.48215825,149.92806121,3760.0
Armenia,ARM,2013,74.5613658536585,15.5,1.553,4.55022679,158.98019679,3930.0
Armenia,ARM,2014,74.6757073170732,14.7,1.531,4.48014942,161.55238559,4020.0
Armenia,ARM,2015,,14.1,,,,3880.0
Aruba,ABW,1985,73.0979756097561,,2.332,,,
Aruba,ABW,1986,73.1793658536585,,2.32,,,
Aruba,ABW,1987,73.2427073170732,,2.307,,,
Aruba,ABW,1988,73.296243902439,,2.291,,,
Aruba,ABW,1989,73.3444878048781,,2.272,,,
Aruba,ABW,1990,73.3899756097561,,2.249,,,
Aruba,ABW,1991,73.4331219512195,,2.221,,,
Aruba,ABW,1992,73.471756097561,,2.187,,,
Aruba,ABW,1993,73.5053170731707,,2.149,,,
Aruba,ABW,1994,73.535756097561,,2.108,,,
Aruba,ABW,1995,73.5636097560976,,2.064,,,
Aruba,ABW,1996,73.5894390243902,,2.021,,,
Aruba,ABW,1997,73.6148048780488,,1.979,,,
Aruba,ABW,1998,73.6422926829268,,1.94,,,
Aruba,ABW,1999,73.6753902439025,,1.905,,,
Aruba,ABW,2000,73.7206097560976,,1.874,,,
Aruba,ABW,2001,73.7829024390244,,1.848,,,
Aruba,ABW,2002,73.865243902439,,1.825,,,
Aruba,ABW,2003,73.9685609756098,,1.805,,,
Aruba,ABW,2004,74.0908536585366,,1.786,,,
Aruba,ABW,2005,74.2280731707317,,1.77,,,
Aruba,ABW,2006,74.3761951219512,,1.754,,,
Aruba,ABW,2007,74.526756097561,,1.741,,,
Aruba,ABW,2008,74.6757317073171,,1.728,,,
Aruba,ABW,2009,74.8181463414634,,1.716,,,
Aruba,ABW,2010,74.9535365853659,,1.704,,,
Aruba,ABW,2011,75.0813902439024,,1.692,,,
Aruba,ABW,2012,75.205756097561,,1.68,,,
Aruba,ABW,2013,75.3286585365854,,1.669,,,
Aruba,ABW,2014,75.4510975609756,,1.657,,,
Aruba,ABW,2015,,,,,,
Australia,AUS,1985,75.6292682926829,11.3,1.923,,,11860.0
Australia,AUS,1986,75.8707317073171,11.0,1.868,,,12190.0
Australia,AUS,1987,76.1517073170732,10.6,1.845,,,12430.0
Australia,AUS,1988,76.4326829268293,10.2,1.831,,,13980.0
Australia,AUS,1989,76.7136585365854,9.7,1.838,,,15470.0
Australia,AUS,1990,76.9946341463415,9.2,1.902,,,17220.0
Australia,AUS,1991,77.2756097560976,8.6,1.849,,,18210.0
Australia,AUS,1992,77.3780487804878,8.1,1.888,,,18620.0
Australia,AUS,1993,77.8780487804878,7.7,1.859,,,18850.0
Australia,AUS,1994,77.8780487804878,7.3,1.842,,,18750.0
Australia,AUS,1995,77.8292682926829,7.0,1.822,7.25973523,1591.17992691,19290.0
Australia,AUS,1996,78.0780487804878,6.8,1.796,7.44304741,1789.35369193,20500.0
Australia,AUS,1997,78.4804878048781,6.6,1.778,7.49922799,1787.62517117,21950.0
Australia,AUS,1998,78.6317073170732,6.5,1.762,7.66270214,1613.10676376,21770.0
Australia,AUS,1999,78.9317073170732,6.4,1.755,7.78975897,1775.35382432,21430.0
Australia,AUS,2000,79.2341463414634,6.2,1.756,8.07814515,1745.92530648,21110.0
Australia,AUS,2001,79.6341463414634,6.1,1.739,8.17867869,1665.20028425,20110.0
Australia,AUS,2002,79.9365853658537,6.0,1.756,8.39043833,1883.31574958,19960.0
Australia,AUS,2003,80.2390243902439,6.0,1.748,8.31845119,2370.88055821,21110.0
Australia,AUS,2004,80.490243902439,5.9,1.768,8.57432053,2933.22886859,25490.0
Australia,AUS,2005,80.8414634146341,5.7,1.807,8.45389263,3214.03087478,30310.0
Australia,AUS,2006,81.0414634146342,5.6,1.908,8.49118995,3421.90797166,34140.0
Australia,AUS,2007,81.2926829268293,5.4,1.959,8.5306305,4077.85232896,37310.0
Australia,AUS,2008,81.3951219512195,5.2,1.984,8.78349607,4410.43770246,42360.0
Australia,AUS,2009,81.5439024390244,5.0,1.971,9.04605596,4256.64084463,44010.0
Australia,AUS,2010,81.6951219512195,4.8,1.928,9.01527191,5324.51741475,46530.0
Australia,AUS,2011,81.8951219512195,4.5,1.927,9.19934655,6368.42412403,50130.0
Australia,AUS,2012,82.0463414634146,4.3,1.921,9.35738514,6543.52388728,59810.0
Australia,AUS,2013,82.1487804878049,4.1,1.859,9.36373848,6258.4673609,65500.0
Australia,AUS,2014,82.2512195121951,3.9,1.859,9.42230024,6031.1074579,64620.0
Australia,AUS,2015,,3.8,,,,60070.0
Austria,AUT,1985,73.8146341463415,12.6,1.47,,,9330.0
Austria,AUT,1986,74.3170731707317,11.9,1.45,,,10780.0
Austria,AUT,1987,74.7682926829268,11.1,1.43,,,13760.0
Austria,AUT,1988,75.2170731707317,10.5,1.45,,,18010.0
Austria,AUT,1989,75.2658536585366,10.0,1.45,,,19230.0
Austria,AUT,1990,75.5682926829269,9.5,1.46,,,20560.0
Austria,AUT,1991,75.6170731707317,9.0,1.51,,,21730.0
Austria,AUT,1992,75.8170731707317,8.5,1.51,,,24430.0
Austria,AUT,1993,76.0682926829268,8.0,1.5,,,24780.0
Austria,AUT,1994,76.419512195122,7.4,1.47,,,26040.0
Austria,AUT,1995,76.6682926829268,6.8,1.42,9.54702427,2867.56475911,28090.0
Austria,AUT,1996,76.8707317073171,6.4,1.45,9.52730055,2811.46105314,30050.0
Austria,AUT,1997,77.319512195122,6.1,1.39,9.8252159,2563.91879728,29550.0
Austria,AUT,1998,77.6707317073171,5.8,1.37,9.99743397,2675.56255775,27920.0
Austria,AUT,1999,77.8756097560976,5.6,1.34,10.18758732,2709.57173208,27210.0
Austria,AUT,2000,78.1268292682927,5.5,1.36,10.06456722,2415.78238586,26690.0
Austria,AUT,2001,78.5756097560976,5.4,1.33,10.11903601,2418.43634953,25270.0
Austria,AUT,2002,78.6780487804878,5.3,1.39,10.27003327,2643.57683335,24950.0
Austria,AUT,2003,78.6317073170732,5.2,1.38,10.48033992,3285.60049041,27940.0
Austria,AUT,2004,79.1804878048781,5.0,1.42,10.55988254,3779.74711463,33620.0
Austria,AUT,2005,79.3317073170732,4.9,1.41,10.53141508,3916.48423374,38500.0
Austria,AUT,2006,79.8804878048781,4.8,1.41,10.35154773,4075.33464566,41260.0
Austria,AUT,2007,80.1804878048781,4.7,1.38,10.40127692,4710.11058824,44200.0
Austria,AUT,2008,80.4317073170732,4.6,1.42,10.60392998,5286.91522868,48790.0
Austria,AUT,2009,80.3317073170732,4.5,1.39,11.19443731,5153.78854406,48710.0
Austria,AUT,2010,80.5804878048781,4.4,1.44,11.16524816,5049.56233972,49350.0
Austria,AUT,2011,80.9829268292683,4.2,1.43,10.93557307,5431.67400978,50310.0
Austria,AUT,2012,80.9365853658537,4.0,1.44,11.16821981,5239.51757942,49830.0
Austria,AUT,2013,81.1365853658537,3.9,1.44,11.1377909,5478.24494959,50600.0
Austria,AUT,2014,81.3365853658537,3.7,1.44,11.20547328,5580.49394331,49570.0
Austria,AUT,2015,,3.5,,,,47120.0
Azerbaijan,AZE,1985,65.4277804878049,101.1,2.91,,,
Azerbaijan,AZE,1986,65.5413414634147,99.0,2.9,,,
Azerbaijan,AZE,1987,65.5259268292683,97.2,2.9026,,,
Azerbaijan,AZE,1988,65.3691463414634,95.8,2.8,,,
Azerbaijan,AZE,1989,65.0892682926829,94.9,2.8,,,
Azerbaijan,AZE,1990,64.7463658536585,94.7,2.74,,,
Azerbaijan,AZE,1991,64.4241463414634,95.0,2.87,,,
Azerbaijan,AZE,1992,64.207243902439,95.4,2.74,,,
Azerbaijan,AZE,1993,64.1540243902439,95.7,2.7,,,590.0
Azerbaijan,AZE,1994,64.2815853658537,95.5,2.52,,,440.0
Azerbaijan,AZE,1995,64.5758292682927,94.3,2.29,5.79187601,18.01915735,400.0
Azerbaijan,AZE,1996,64.994,92.1,2.06,6.12391391,24.7783912,400.0
Azerbaijan,AZE,1997,65.4623902439024,88.6,2.07,5.45197597,27.2665367,450.0
Azerbaijan,AZE,1998,65.9233658536585,84.2,2.0,5.43466004,30.26766499,510.0
Azerbaijan,AZE,1999,66.3554878048781,79.3,2.07,5.35714447,30.49546759,570.0
Azerbaijan,AZE,2000,66.758243902439,74.0,2.0,4.67081301,30.29752578,610.0
Azerbaijan,AZE,2001,67.1502926829268,68.8,1.8,4.48244097,31.16934787,660.0
Azerbaijan,AZE,2002,67.5610731707317,63.8,1.8,4.46710558,33.61683581,720.0
Azerbaijan,AZE,2003,68.0036829268293,59.3,1.9,6.56328804,57.03998429,820.0
Azerbaijan,AZE,2004,68.4701951219512,55.2,2.0535,7.92454395,81.25548578,950.0
Azerbaijan,AZE,2005,68.9372682926829,51.7,2.0,7.8639081,121.89057566,1270.0
Azerbaijan,AZE,2006,69.375243902439,48.6,1.97,6.16806759,149.73086751,1890.0
Azerbaijan,AZE,2007,69.756512195122,45.8,1.97,5.09525293,192.38440974,2710.0
Azerbaijan,AZE,2008,70.0639512195122,43.3,1.9,4.37406647,241.55761229,3870.0
Azerbaijan,AZE,2009,70.2936829268293,41.0,1.82,5.85024048,288.53611228,4800.0
Azerbaijan,AZE,2010,70.4513170731707,39.0,1.92,5.3336001,310.14890456,5370.0
Azerbaijan,AZE,2011,70.5518048780488,37.3,1.96,5.00932503,358.2574,5530.0
Azerbaijan,AZE,2012,70.6239512195122,35.7,2.0,5.36689762,399.49742884,6290.0
Azerbaijan,AZE,2013,70.6905853658537,34.2,2.0,5.53755045,432.418509,7350.0
Azerbaijan,AZE,2014,70.7632195121951,32.9,2.0,6.0368632,471.41439556,7600.0
Azerbaijan,AZE,2015,,31.7,,,,6560.0
"Bahamas, The",BHS,1985,69.6106097560976,27.9,2.857,,,8210.0
"Bahamas, The",BHS,1986,69.8290975609756,27.3,2.789,,,9600.0
"Bahamas, The",BHS,1987,70.0427804878049,26.5,2.728,,,11180.0
"Bahamas, The",BHS,1988,70.2496585365854,25.6,2.683,,,13090.0
"Bahamas, The",BHS,1989,70.4477804878049,24.6,2.654,,,14660.0
"Bahamas, The",BHS,1990,70.6306585365854,23.5,2.639,,,14040.0
"Bahamas, The",BHS,1991,70.7918048780488,22.5,2.631,,,13470.0
"Bahamas, The",BHS,1992,70.9296341463415,21.6,2.621,,,13630.0
"Bahamas, The",BHS,1993,71.0481463414634,20.6,2.601,,,13350.0
"Bahamas, The",BHS,1994,71.1548048780488,19.6,2.566,,,13680.0
"Bahamas, The",BHS,1995,71.2625609756098,18.7,2.514,6.8503937,838.47639309,14260.0
"Bahamas, The",BHS,1996,71.3904390243902,17.8,2.443,6.91604323,879.51739302,15940.0
"Bahamas, The",BHS,1997,71.5498780487805,17.0,2.357,5.55011883,959.5076803,13660.0
"Bahamas, The",BHS,1998,71.7478780487805,16.4,2.263,5.58609619,1031.02525737,15790.0
"Bahamas, The",BHS,1999,71.9843658536585,15.9,2.165,5.23029011,1072.52054011,19020.0
"Bahamas, The",BHS,2000,72.2542926829268,15.7,2.071,5.20817529,1106.27712821,20330.0
"Bahamas, The",BHS,2001,72.5450975609756,15.5,1.989,5.14618628,1106.29152399,20870.0
"Bahamas, The",BHS,2002,72.8412682926829,15.5,1.924,5.25568411,1182.81298315,21230.0
"Bahamas, The",BHS,2003,73.1272926829268,15.4,1.88,5.6180021,1236.43426749,21640.0
"Bahamas, The",BHS,2004,73.3946585365854,15.4,1.857,6.02453452,1325.12768998,22780.0
"Bahamas, The",BHS,2005,73.6388780487805,15.3,1.853,5.95416502,1393.62469362,23510.0
"Bahamas, The",BHS,2006,73.8584634146342,15.1,1.862,6.93251788,1644.47339942,23610.0
"Bahamas, The",BHS,2007,74.0594634146342,14.8,1.877,7.07559268,1719.8036343,23860.0
"Bahamas, The",BHS,2008,74.2474390243902,14.5,1.891,7.3029743,1727.6913083,23800.0
"Bahamas, The",BHS,2009,74.4239024390244,14.2,1.901,7.4319201,1638.219083,22280.0
"Bahamas, The",BHS,2010,74.5923902439024,13.9,1.904,7.43658423,1630.1376802,21660.0
"Bahamas, The",BHS,2011,74.7544146341464,13.5,1.9,7.63371738,1642.38655838,21290.0
"Bahamas, The",BHS,2012,74.9144634146342,13.2,1.893,7.43010401,1642.98980052,21450.0
"Bahamas, The",BHS,2013,75.0735365853659,12.8,1.883,7.04554853,1572.2566856,21250.0
"Bahamas, The",BHS,2014,75.2336585365854,12.4,1.872,7.74236489,1720.1594667,21310.0
"Bahamas, The",BHS,2015,,12.1,,,,21310.0
Bahrain,BHR,1985,71.4278780487805,24.9,4.362,,,8090.0
Bahrain,BHR,1986,71.6716829268293,24.2,4.248,,,7450.0
Bahrain,BHR,1987,71.8959512195122,23.6,4.128,,,7830.0
Bahrain,BHR,1988,72.1057073170732,23.3,4.002,,,7570.0
Bahrain,BHR,1989,72.3079756097561,23.2,3.872,,,7310.0
Bahrain,BHR,1990,72.507243902439,23.0,3.738,,,7220.0
Bahrain,BHR,1991,72.709512195122,22.7,3.601,,,9800.0
Bahrain,BHR,1992,72.9147317073171,22.0,3.466,,,9890.0
Bahrain,BHR,1993,73.1239024390244,21.0,3.335,,,10040.0
Bahrain,BHR,1994,73.337512195122,19.6,3.212,,,9690.0
Bahrain,BHR,1995,73.5550731707317,18.1,3.1,4.11287292,495.1691674,10380.0
Bahrain,BHR,1996,73.7750975609756,16.6,3.005,4.03746857,491.51576395,10770.0
Bahrain,BHR,1997,73.9916097560976,15.2,2.926,4.34798137,532.05210217,10260.0
Bahrain,BHR,1998,74.2030975609756,14.1,2.862,4.31625384,488.70156865,10000.0
Bahrain,BHR,1999,74.4060731707317,13.2,2.81,4.18890934,495.57855433,9800.0
Bahrain,BHR,2000,74.5994878048781,12.6,2.765,3.50896583,476.88675431,10900.0
Bahrain,BHR,2001,74.7818292682927,12.1,2.718,3.79531921,490.2564085,11540.0
Bahrain,BHR,2002,74.9540731707317,11.8,2.665,3.89413936,515.02984522,12260.0
Bahrain,BHR,2003,75.1177073170732,11.5,2.602,3.73972896,543.81704368,13240.0
Bahrain,BHR,2004,75.2732195121951,11.2,2.529,3.36600777,547.8238566,14970.0
Bahrain,BHR,2005,75.4221463414634,10.9,2.449,3.15804988,581.65193609,16970.0
Bahrain,BHR,2006,75.5664634146342,10.5,2.367,3.07675509,605.16717182,18220.0
Bahrain,BHR,2007,75.707756097561,10.0,2.292,3.07767478,651.47085327,19840.0
Bahrain,BHR,2008,75.847512195122,9.4,2.229,3.16848651,730.11507581,20840.0
Bahrain,BHR,2009,75.9877804878049,8.8,2.179,3.786504,725.74826487,18650.0
Bahrain,BHR,2010,76.1275609756098,8.3,2.142,3.63764959,741.5719713,18660.0
Bahrain,BHR,2011,76.2678536585366,7.8,2.115,3.40195337,756.55105445,17860.0
Bahrain,BHR,2012,76.4076341463415,7.3,2.095,4.36591164,1006.91174428,19470.0
Bahrain,BHR,2013,76.5459512195122,6.9,2.075,4.68637938,1142.49525375,21060.0
Bahrain,BHR,2014,76.6832682926829,6.5,2.056,4.98079638,1242.84417722,20860.0
Bahrain,BHR,2015,,6.2,,,,20350.0
Bangladesh,BGD,1985,55.5906585365854,173.5,5.501,,,220.0
Bangladesh,BGD,1986,56.1151951219512,167.7,5.298,,,240.0
Bangladesh,BGD,1987,56.6685853658537,161.8,5.092,,,270.0
Bangladesh,BGD,1988,57.2348780487805,155.8,4.887,,,280.0
Bangladesh,BGD,1989,57.8156585365854,149.7,4.686,,,290.0
Bangladesh,BGD,1990,58.4175609756098,143.7,4.494,,,310.0
Bangladesh,BGD,1991,59.0502682926829,137.7,4.314,,,310.0
Bangladesh,BGD,1992,59.7178536585366,131.7,4.146,,,320.0
Bangladesh,BGD,1993,60.4188048780488,125.8,3.99,,,320.0
Bangladesh,BGD,1994,61.1455365853659,119.9,3.846,,,320.0
Bangladesh,BGD,1995,61.8873902439024,114.2,3.713,3.22157662,10.30063773,330.0
Bangladesh,BGD,1996,62.6295609756098,108.6,3.592,2.96373618,11.13232975,360.0
Bangladesh,BGD,1997,63.3578780487805,103.2,3.479,2.25028592,8.54668435,390.0
Bangladesh,BGD,1998,64.0591463414634,97.9,3.372,2.25182094,8.63466988,400.0
Bangladesh,BGD,1999,64.7238292682927,92.8,3.269,2.29318008,8.94507051,410.0
Bangladesh,BGD,2000,65.3479756097561,88.0,3.169,2.32679549,9.12687459,420.0
Bangladesh,BGD,2001,65.9301707317073,83.5,3.069,2.46995061,9.63872102,430.0
Bangladesh,BGD,2002,66.4781707317073,79.0,2.971,2.59288743,10.33343179,420.0
Bangladesh,BGD,2003,67.0001463414634,74.8,2.874,2.51003846,10.84788936,450.0
Bangladesh,BGD,2004,67.4971951219512,70.7,2.779,2.61548602,11.96017109,490.0
Bangladesh,BGD,2005,67.9718536585366,66.8,2.687,2.67725039,12.43576137,540.0
Bangladesh,BGD,2006,68.4256341463415,63.0,2.6,2.79623022,13.50854518,560.0
Bangladesh,BGD,2007,68.8599756097561,59.4,2.521,2.79895606,15.2414902,590.0
Bangladesh,BGD,2008,69.2778536585366,55.9,2.449,2.84653391,17.59674697,650.0
Bangladesh,BGD,2009,69.6837804878049,52.6,2.387,2.90958368,19.82214837,710.0
Bangladesh,BGD,2010,70.0802926829268,49.6,2.332,3.06355993,23.13738001,780.0
Bangladesh,BGD,2011,70.4719512195122,46.7,2.286,3.155874,25.40782617,870.0
Bangladesh,BGD,2012,70.8602682926829,44.0,2.245,3.08120807,25.58110909,950.0
Bangladesh,BGD,2013,71.245243902439,41.6,2.209,2.88285726,28.15857423,1010.0
Bangladesh,BGD,2014,71.6259024390244,39.5,2.175,2.81899856,30.83346991,1080.0
Bangladesh,BGD,2015,,37.6,,,,1190.0
Barbados,BRB,1985,69.9449512195122,22.0,1.83,,,4450.0
Barbados,BRB,1986,70.2013658536585,21.2,1.805,,,4950.0
Barbados,BRB,1987,70.4517804878049,20.4,1.782,,,5630.0
Barbados,BRB,1988,70.6966829268293,19.5,1.765,,,6260.0
Barbados,BRB,1989,70.9365853658537,18.7,1.75,,,6640.0
Barbados,BRB,1990,71.1719512195122,17.9,1.74,,,7660.0
Barbados,BRB,1991,71.4033414634146,17.2,1.733,,,7530.0
Barbados,BRB,1992,71.6312195121951,16.6,1.729,,,7460.0
Barbados,BRB,1993,71.8540975609756,16.1,1.728,,,7650.0
Barbados,BRB,1994,72.0724878048781,15.7,1.729,,,8030.0
Barbados,BRB,1995,72.2843902439025,15.5,1.73,5.21222112,447.47926118,8440.0
Barbados,BRB,1996,72.4888048780488,15.4,1.733,5.06553288,462.00082725,8860.0
Barbados,BRB,1997,72.6842195121951,15.5,1.736,5.10668175,490.43994246,9280.0
Barbados,BRB,1998,72.8706585365854,15.7,1.739,4.8775902,526.20647959,9670.0
Barbados,BRB,1999,73.0485853658537,16.0,1.742,5.01105957,564.43366057,10080.0
Barbados,BRB,2000,73.219512195122,16.3,1.744,5.15515307,595.96869233,11070.0
Barbados,BRB,2001,73.3839268292683,16.6,1.746,5.47182997,629.15148918,10910.0
Barbados,BRB,2002,73.5463170731707,16.8,1.749,5.76189211,672.50621043,10950.0
Barbados,BRB,2003,73.7071707317073,16.8,1.752,5.81503159,698.67264684,11610.0
Barbados,BRB,2004,73.8680243902439,16.7,1.755,5.71254394,734.16243853,12630.0
Barbados,BRB,2005,74.0303414634146,16.5,1.759,5.37770788,763.73567022,13620.0
Barbados,BRB,2006,74.1931219512195,16.2,1.763,5.27479782,825.33785711,14640.0
Barbados,BRB,2007,74.3564146341464,15.8,1.768,5.63907522,928.2949345,15660.0
Barbados,BRB,2008,74.5191951219512,15.4,1.772,6.01496305,996.65561603,15980.0
Barbados,BRB,2009,74.6824878048781,15.1,1.777,6.21396814,1026.93619314,15810.0
Barbados,BRB,2010,74.8452926829268,14.7,1.781,6.16899137,980.95802595,15860.0
Barbados,BRB,2011,75.0081463414634,14.4,1.785,6.66975378,1035.87240864,15740.0
Barbados,BRB,2012,75.1710243902439,14.1,1.788,7.42925203,1137.94885959,15310.0
Barbados,BRB,2013,75.3339512195122,13.7,1.791,7.5687307,1146.95193125,15020.0
Barbados,BRB,2014,75.4964146341463,13.3,1.794,7.469303,1146.04169074,14860.0
Barbados,BRB,2015,,13.0,,,,14800.0
Belarus,BLR,1985,70.9926829268293,19.4,2.09,,,
Belarus,BLR,1986,71.549512195122,18.7,2.09,,,
Belarus,BLR,1987,70.990243902439,18.1,2.03,,,
Belarus,BLR,1988,71.3414634146341,17.5,2.04,,,
Belarus,BLR,1989,71.5878048780488,17.0,2.03,,,
Belarus,BLR,1990,70.8365853658537,16.6,1.91,,,
Belarus,BLR,1991,70.3780487804878,16.6,1.8,,,
Belarus,BLR,1992,70.0219512195122,16.8,1.75,,,1670.0
Belarus,BLR,1993,68.9707317073171,17.1,1.61,,,1590.0
Belarus,BLR,1994,68.7682926829268,17.5,1.51,,,1460.0
Belarus,BLR,1995,68.4609756097561,17.9,1.386,6.74025354,69.90902831,1370.0
Belarus,BLR,1996,68.6121951219512,18.0,1.31,6.23562466,89.28572446,1450.0
Belarus,BLR,1997,68.4609756097561,17.8,1.23,6.59252515,92.09951399,1530.0
Belarus,BLR,1998,68.4073170731707,17.0,1.27,5.95665774,90.21034481,1550.0
Belarus,BLR,1999,67.9073170731707,15.8,1.31,6.16338326,74.77466174,1400.0
Belarus,BLR,2000,68.9121951219512,14.3,1.31,6.12884845,74.96563964,1380.0
Belarus,BLR,2001,68.5073170731707,13.0,1.27,6.62474592,82.22756341,1300.0
Belarus,BLR,2002,68.0560975609756,11.9,1.22,6.47012421,95.75315276,1380.0
Belarus,BLR,2003,68.5536585365854,10.9,1.21,6.58928033,119.76260105,1630.0
Belarus,BLR,2004,68.9560975609756,10.2,1.2,6.58678934,157.24226058,2180.0
Belarus,BLR,2005,68.8512195121951,9.4,1.21,6.88634578,215.87461505,2820.0
Belarus,BLR,2006,69.4048780487805,8.7,1.287,6.33679804,244.18011302,3520.0
Belarus,BLR,2007,70.2034146341464,7.9,1.37,6.43772703,304.98919382,4310.0
Belarus,BLR,2008,70.4560975609756,7.2,1.42,5.94918995,379.10780381,5470.0
Belarus,BLR,2009,70.4073170731707,6.6,1.42,6.08504113,313.28704175,5590.0
Belarus,BLR,2010,70.4048780487805,6.1,1.44,5.55420409,322.54246097,5990.0
Belarus,BLR,2011,70.5536585365854,5.6,1.51,4.92365904,293.116383,6130.0
Belarus,BLR,2012,71.9658536585366,5.3,1.62,5.00822363,335.96615969,6400.0
Belarus,BLR,2013,72.4707317073171,5.0,1.62,6.07206556,465.16745243,6790.0
Belarus,BLR,2014,72.9756097560976,4.7,1.62,5.68772158,450.21395576,7340.0
Belarus,BLR,2015,,4.6,,,,6460.0
Belgium,BEL,1985,74.520243902439,11.8,1.51,,,8870.0
Belgium,BEL,1986,74.7317073170732,11.4,1.54,,,10210.0
Belgium,BEL,1987,75.3658536585366,11.0,1.54,,,13160.0
Belgium,BEL,1988,75.5658536585366,10.7,1.57,,,17090.0
Belgium,BEL,1989,75.6326829268293,10.3,1.58,,,18120.0
Belgium,BEL,1990,76.0519512195122,10.0,1.62,,,19400.0
Belgium,BEL,1991,76.1921951219512,9.6,1.66,,,20680.0
Belgium,BEL,1992,76.3512195121951,9.2,1.65,,,23280.0
Belgium,BEL,1993,76.3453658536585,8.7,1.61,,,23520.0
Belgium,BEL,1994,76.6917073170732,8.2,1.56,,,25210.0
Belgium,BEL,1995,76.8407317073171,7.6,1.56,7.61132513,2137.80966865,27200.0
Belgium,BEL,1996,77.1873170731707,7.1,1.59,7.91027712,2150.82765724,28760.0
Belgium,BEL,1997,77.3707317073171,6.7,1.6,7.76548243,1907.11128333,28650.0
Belgium,BEL,1998,77.4731707317073,6.3,1.6,7.88649843,1977.76610442,26720.0
Belgium,BEL,1999,77.619512195122,6.0,1.62,8.07696011,2012.6854154,26180.0
Belgium,BEL,2000,77.7219512195122,5.8,1.67,8.12059728,1845.3381169,26040.0
Belgium,BEL,2001,77.9731707317073,5.6,1.67,8.29205205,1878.36700105,24530.0
Belgium,BEL,2002,78.0756097560976,5.4,1.65,8.46176755,2075.07377086,24130.0
Belgium,BEL,2003,78.1292682926829,5.2,1.67,9.30359795,2800.31247421,27120.0
Belgium,BEL,2004,78.8780487804878,5.1,1.72,9.32102699,3242.84230124,32970.0
Belgium,BEL,2005,78.9804878048781,5.0,1.76,9.24428757,3339.71811566,37850.0
Belgium,BEL,2006,79.380487804878,4.9,1.8,9.17112797,3489.80673468,40030.0
Belgium,BEL,2007,79.7829268292683,4.8,1.82,9.25207442,4017.78879671,42760.0
Belgium,BEL,2008,79.6804878048781,4.7,1.85,9.59842645,4565.94842521,46700.0
Belgium,BEL,2009,79.9829268292683,4.6,1.84,10.39434014,4574.69481018,46250.0
Belgium,BEL,2010,80.1829268292683,4.5,1.86,10.16564067,4419.44425532,47810.0
Belgium,BEL,2011,80.5853658536585,4.4,1.81,10.42349563,4864.15444581,47010.0
Belgium,BEL,2012,80.3853658536585,4.3,1.79,10.53975001,4587.91448978,47090.0
Belgium,BEL,2013,80.5878048780488,4.3,1.75,10.57290301,4813.42112301,47240.0
Belgium,BEL,2014,80.5878048780488,4.2,1.75,10.5947509,4884.06626139,46990.0
Belgium,BEL,2015,,4.1,,,,44360.0
Belize,BLZ,1985,71.1313658536585,53.5,5.019,,,1180.0
Belize,BLZ,1986,71.3173414634147,50.6,4.886,,,1340.0
Belize,BLZ,1987,71.4305853658537,47.7,4.771,,,1580.0
Belize,BLZ,1988,71.4656097560976,44.9,4.671,,,1820.0
Belize,BLZ,1989,71.418487804878,42.2,4.584,,,2020.0
Belize,BLZ,1990,71.2837317073171,39.6,4.508,,,2230.0
Belize,BLZ,1991,71.0544146341463,37.2,4.436,,,2380.0
Belize,BLZ,1992,70.7466097560976,35.0,4.363,,,2660.0
Belize,BLZ,1993,70.3823902439024,33.1,4.286,,,2780.0
Belize,BLZ,1994,69.9862926829268,31.5,4.201,,,2790.0
Belize,BLZ,1995,69.5887804878049,30.1,4.109,4.24602899,127.20561194,2860.0
Belize,BLZ,1996,69.2198048780488,28.8,4.01,3.63127017,108.98048076,2890.0
Belize,BLZ,1997,68.9018536585366,27.8,3.908,3.92015182,115.72487768,2890.0
Belize,BLZ,1998,68.6539024390244,26.7,3.805,3.79614802,113.55565344,2790.0
Belize,BLZ,1999,68.489512195122,25.8,3.703,3.66693481,112.39146616,2870.0
Belize,BLZ,2000,68.4188780487805,25.0,3.6,3.97615331,133.72442563,3150.0
Belize,BLZ,2001,68.4441219512195,24.2,3.496,4.50244268,153.94440563,3140.0
Belize,BLZ,2002,68.5443658536585,23.5,3.39,4.37927042,155.77463811,3230.0
Belize,BLZ,2003,68.6971219512195,22.8,3.282,4.5348229,166.87208715,3450.0
Belize,BLZ,2004,68.8848292682927,22.2,3.175,4.39392269,168.3579737,3590.0
Belize,BLZ,2005,69.0863658536585,21.7,3.072,4.45271318,175.13564553,3680.0
Belize,BLZ,2006,69.279487804878,21.2,2.977,4.40074319,184.26936612,3780.0
Belize,BLZ,2007,69.452,20.6,2.893,4.76058357,205.88719474,3740.0
Belize,BLZ,2008,69.5942195121951,20.1,2.821,5.09281839,227.66022684,3940.0
Belize,BLZ,2009,69.7030731707317,19.5,2.762,5.80764478,247.33846611,4130.0
Belize,BLZ,2010,69.7820487804878,19.0,2.714,5.84584806,253.95162915,3970.0
Belize,BLZ,2011,69.8436829268293,18.5,2.676,5.60522062,253.19476568,4140.0
Belize,BLZ,2012,69.9051463414634,18.0,2.643,5.45306037,254.89203967,4260.0
Belize,BLZ,2013,69.9820487804878,17.5,2.611,5.79061965,273.26732957,4340.0
Belize,BLZ,2014,70.0774390243902,17.0,2.579,5.78895004,278.57920932,4430.0
Belize,BLZ,2015,,16.5,,,,4420.0
Benin,BEN,1985,49.9346829268293,199.7,6.972,,,260.0
Benin,BEN,1986,50.6384634146342,196.1,6.942,,,270.0
Benin,BEN,1987,51.3690243902439,192.2,6.904,,,310.0
Benin,BEN,1988,52.0967317073171,188.1,6.858,,,360.0
Benin,BEN,1989,52.7934634146341,183.9,6.805,,,340.0
Benin,BEN,1990,53.42,179.5,6.744,,,360.0
Benin,BEN,1991,53.9357073170732,175.0,6.677,,,380.0
Benin,BEN,1992,54.3270243902439,170.4,6.603,,,360.0
Benin,BEN,1993,54.5949756097561,166.2,6.526,,,380.0
Benin,BEN,1994,54.7500731707317,162.4,6.446,,,330.0
Benin,BEN,1995,54.8159512195122,159.1,6.365,4.69268216,17.0096092,350.0
Benin,BEN,1996,54.8318048780488,156.2,6.284,4.58649677,17.53350942,340.0
Benin,BEN,1997,54.8423170731707,153.6,6.205,4.31179803,15.37493441,370.0
Benin,BEN,1998,54.8901463414634,150.9,6.128,4.38570981,16.44746883,370.0
Benin,BEN,1999,54.9987804878049,147.9,6.051,4.58684538,16.93669535,370.0
Benin,BEN,2000,55.188243902439,144.7,5.975,4.33873071,14.72882077,390.0
Benin,BEN,2001,55.4664878048781,141.1,5.898,4.68672761,16.32549139,380.0
Benin,BEN,2002,55.8143170731707,137.1,5.818,4.27443185,16.18550806,380.0
Benin,BEN,2003,56.2080731707317,133.1,5.733,4.63066141,21.48840554,430.0
Benin,BEN,2004,56.6331707317073,129.2,5.645,4.56185468,23.32444356,520.0
Benin,BEN,2005,57.0659756097561,125.5,5.553,4.73384847,25.21299773,590.0
Benin,BEN,2006,57.4833902439024,122.1,5.459,4.75046608,26.47099281,610.0
Benin,BEN,2007,57.8673902439024,119.0,5.365,4.54583981,28.77488754,660.0
Benin,BEN,2008,58.204512195122,116.3,5.272,4.19564004,31.01526554,730.0
Benin,BEN,2009,58.4912682926829,113.9,5.182,4.46430984,31.80955051,770.0
Benin,BEN,2010,58.7297073170732,111.6,5.094,4.94824039,34.14297248,760.0
Benin,BEN,2011,58.9329024390244,109.3,5.009,5.36875255,40.01989767,770.0
Benin,BEN,2012,59.1219756097561,107.0,4.927,4.85686602,36.45471795,790.0
Benin,BEN,2013,59.3120243902439,104.8,4.846,4.59205377,36.95635544,860.0
Benin,BEN,2014,59.5105853658537,102.1,4.766,4.59429651,37.88944806,890.0
Benin,BEN,2015,,99.5,,,,860.0
Bermuda,BMU,1985,,,,,,17870.0
Bermuda,BMU,1986,,,,,,21170.0
Bermuda,BMU,1987,,,,,,24040.0
Bermuda,BMU,1988,,,,,,26620.0
Bermuda,BMU,1989,,,,,,26500.0
Bermuda,BMU,1990,,,,,,27060.0
Bermuda,BMU,1991,74.029512195122,,,,,27400.0
Bermuda,BMU,1992,,,,,,29000.0
Bermuda,BMU,1993,,,,,,30890.0
Bermuda,BMU,1994,,,,,,31730.0
Bermuda,BMU,1995,,,1.8,,,34290.0
Bermuda,BMU,1996,,,,,,
Bermuda,BMU,1997,,,,,,
Bermuda,BMU,1998,,,,,,
Bermuda,BMU,1999,,,,,,
Bermuda,BMU,2000,77.8853658536585,,1.74,,,
Bermuda,BMU,2001,77.8853658536585,,1.75,,,
Bermuda,BMU,2002,78.0878048780488,,1.77,,,
Bermuda,BMU,2003,78.3341463414634,,1.8,,,
Bermuda,BMU,2004,78.4853658536586,,1.78,,,
Bermuda,BMU,2005,78.6853658536586,,1.76,,,
Bermuda,BMU,2006,78.8878048780488,,1.76,,,
Bermuda,BMU,2007,78.9341463414634,,1.76,,,117640.0
Bermuda,BMU,2008,79.2365853658537,,1.77,,,120490.0
Bermuda,BMU,2009,79.3884390243903,,1.76,,,111580.0
Bermuda,BMU,2010,79.2885365853658,,1.76,,,110440.0
Bermuda,BMU,2011,81.1526829268293,,1.59,,,107530.0
Bermuda,BMU,2012,81.6778048780488,,1.59,,,106080.0
Bermuda,BMU,2013,80.5724390243902,,1.63,,,106140.0
Bermuda,BMU,2014,80.7973170731707,,1.63,,,
Bermuda,BMU,2015,,,,,,
Bhutan,BTN,1985,48.6390731707317,165.2,6.306,,,300.0
Bhutan,BTN,1986,49.3814390243903,158.8,6.23,,,350.0
Bhutan,BTN,1987,50.133756097561,152.2,6.127,,,490.0
Bhutan,BTN,1988,50.8984878048781,145.9,5.994,,,540.0
Bhutan,BTN,1989,51.6756829268293,139.8,5.829,,,560.0
Bhutan,BTN,1990,52.4623170731707,133.7,5.639,,,580.0
Bhutan,BTN,1991,53.2519268292683,127.8,5.431,,,500.0
Bhutan,BTN,1992,54.040512195122,122.0,5.216,,,480.0
Bhutan,BTN,1993,54.8260975609756,116.4,5.003,,,450.0
Bhutan,BTN,1994,55.6091707317073,110.8,4.796,,,490.0
Bhutan,BTN,1995,56.3997317073171,105.3,4.597,3.97733171,23.6875586,510.0
Bhutan,BTN,1996,57.205756097561,99.8,4.4,6.31150093,38.97348351,560.0
Bhutan,BTN,1997,58.035243902439,94.5,4.203,7.3507957,51.63753261,610.0
Bhutan,BTN,1998,58.8886829268293,89.4,4.002,7.23627296,51.1295446,580.0
Bhutan,BTN,1999,59.7620731707317,84.4,3.801,6.93946877,53.03179568,620.0
Bhutan,BTN,2000,60.6503902439025,79.6,3.604,6.91231672,53.80294856,780.0
Bhutan,BTN,2001,61.5466341463415,75.0,3.417,5.91345001,48.50597329,820.0
Bhutan,BTN,2002,62.4358292682927,70.6,3.247,7.75160507,69.56595849,860.0
Bhutan,BTN,2003,63.303,66.4,3.095,4.9041054,49.47924229,950.0
Bhutan,BTN,2004,64.1361707317073,62.3,2.962,4.40750213,48.83543061,1070.0
Bhutan,BTN,2005,64.9184390243903,58.5,2.844,5.28092275,66.41020899,1220.0
Bhutan,BTN,2006,65.6379024390244,54.8,2.738,5.26868823,70.92105204,1340.0
Bhutan,BTN,2007,66.2930975609756,51.3,2.636,5.87866065,103.17991674,1630.0
Bhutan,BTN,2008,66.8850243902439,48.1,2.534,6.57982434,119.13277535,1750.0
Bhutan,BTN,2009,67.4166585365854,45.1,2.431,6.02784218,107.70620341,1830.0
Bhutan,BTN,2010,67.8924146341463,42.3,2.331,5.17176159,113.8456025,1990.0
Bhutan,BTN,2011,68.3231951219512,39.9,2.236,4.73145771,117.61404531,2170.0
Bhutan,BTN,2012,68.7229024390244,37.8,2.152,3.70384573,90.82385575,2320.0
Bhutan,BTN,2013,69.1029268292683,36.0,2.082,3.82579516,90.3048197,2340.0
Bhutan,BTN,2014,69.471243902439,34.4,2.027,3.57301481,88.79259723,2370.0
Bhutan,BTN,2015,,32.9,,,,2370.0
Bolivia,BOL,1985,52.4708048780488,148.5,5.3,,,820.0
Bolivia,BOL,1986,52.9856585365854,143.8,5.215,,,740.0
Bolivia,BOL,1987,53.5079756097561,138.9,5.132,,,720.0
Bolivia,BOL,1988,54.0352682926829,134.0,5.051,,,710.0
Bolivia,BOL,1989,54.5690487804878,129.2,4.971,,,720.0
Bolivia,BOL,1990,55.1072926829268,124.4,4.894,,,720.0
Bolivia,BOL,1991,55.6500243902439,119.7,4.817,,,740.0
Bolivia,BOL,1992,56.198243902439,115.2,4.741,,,770.0
Bolivia,BOL,1993,56.7494390243903,110.7,4.664,,,800.0
Bolivia,BOL,1994,57.3051219512195,106.2,4.585,,,820.0
Bolivia,BOL,1995,57.8632926829268,101.8,4.503,3.72938541,33.09682604,850.0
Bolivia,BOL,1996,58.4249512195122,97.5,4.418,4.62820984,44.36005534,910.0
Bolivia,BOL,1997,58.9886097560976,93.1,4.331,4.1695752,41.98645971,960.0
Bolivia,BOL,1998,59.5542682926829,88.7,4.241,5.10001351,53.99445302,1000.0
Bolivia,BOL,1999,60.1214146341463,84.4,4.148,6.19650543,62.74014723,980.0
Bolivia,BOL,2000,60.6900487804878,80.2,4.055,5.66983151,57.09498025,990.0
Bolivia,BOL,2001,61.2591951219512,76.2,3.96,6.31154371,60.4793491,960.0
Bolivia,BOL,2002,61.8288292682927,72.2,3.866,6.52937179,59.65076339,930.0
Bolivia,BOL,2003,62.3989756097561,68.5,3.773,5.30411075,49.37919218,920.0
Bolivia,BOL,2004,62.9686341463415,64.8,3.683,5.21561551,51.7702391,970.0
Bolivia,BOL,2005,63.5397804878049,61.4,3.595,5.66626332,60.16329369,1030.0
Bolivia,BOL,2006,64.1149512195122,58.1,3.51,5.19483534,65.04620113,1120.0
Bolivia,BOL,2007,64.6941219512195,54.9,3.427,4.96364424,70.05347817,1240.0
Bolivia,BOL,2008,65.2738048780488,52.0,3.348,5.00221817,88.30533886,1490.0
Bolivia,BOL,2009,65.848,49.3,3.271,5.76173626,104.13262766,1640.0
Bolivia,BOL,2010,66.407756097561,47.0,3.2,5.44301385,109.7640013,1810.0
Bolivia,BOL,2011,66.9425609756098,44.9,3.133,5.49176327,132.827973,2010.0
Bolivia,BOL,2012,67.4454634146341,43.1,3.073,5.5569911,149.33998013,2280.0
Bolivia,BOL,2013,67.9134390243903,41.3,3.017,5.9649866,178.727251,2620.0
Bolivia,BOL,2014,68.344,39.8,2.968,6.33482729,208.78419416,2870.0
Bolivia,BOL,2015,,38.4,,,,3080.0
Bosnia and Herzegovina,BIH,1985,71.3515853658537,27.0,2.027,,,
Bosnia and Herzegovina,BIH,1986,71.4743658536585,24.9,1.982,,,
Bosnia and Herzegovina,BIH,1987,71.4639268292683,23.0,1.931,,,
Bosnia and Herzegovina,BIH,1988,71.318243902439,21.2,1.876,,,
Bosnia and Herzegovina,BIH,1989,71.0656585365854,19.7,1.82,,,
Bosnia and Herzegovina,BIH,1990,70.7832195121951,18.3,1.767,,,
Bosnia and Herzegovina,BIH,1991,70.5728048780488,17.0,1.724,,,
Bosnia and Herzegovina,BIH,1992,70.5180487804878,18.4,1.692,,,
Bosnia and Herzegovina,BIH,1993,70.6691219512195,18.4,1.671,,,
Bosnia and Herzegovina,BIH,1994,71.029512195122,15.6,1.659,,,
Bosnia and Herzegovina,BIH,1995,71.5660975609756,15.2,1.648,9.02980068,46.55402722,
Bosnia and Herzegovina,BIH,1996,72.2088048780488,12.5,1.63,10.22157282,73.52989563,750.0
Bosnia and Herzegovina,BIH,1997,72.8587317073171,11.6,1.598,8.12932882,81.39734793,1000.0
Bosnia and Herzegovina,BIH,1998,73.4372926829268,10.7,1.55,8.14897906,91.28518957,1310.0
Bosnia and Herzegovina,BIH,1999,73.9096341463415,9.9,1.486,8.90972456,110.33013565,1380.0
Bosnia and Herzegovina,BIH,2000,74.2607317073171,9.2,1.413,7.08827392,103.79207055,1470.0
Bosnia and Herzegovina,BIH,2001,74.5009268292683,8.6,1.342,7.16021767,109.28768834,1590.0
Bosnia and Herzegovina,BIH,2002,74.6755853658537,8.3,1.282,7.01047901,123.83322058,1740.0
Bosnia and Herzegovina,BIH,2003,74.8243658536585,8.2,1.242,7.9408288,176.79511584,2020.0
Bosnia and Herzegovina,BIH,2004,74.9594878048781,8.2,1.221,9.0438333,240.03937977,2520.0
Bosnia and Herzegovina,BIH,2005,75.0935365853659,8.3,1.22,8.49615182,248.78939818,3070.0
Bosnia and Herzegovina,BIH,2006,75.2314390243902,8.3,1.234,8.28337432,277.65792549,3380.0
Bosnia and Herzegovina,BIH,2007,75.3714878048781,8.3,1.253,8.37007608,343.84924954,3840.0
Bosnia and Herzegovina,BIH,2008,75.5119756097561,8.1,1.27,8.58190329,426.9177068,4620.0
Bosnia and Herzegovina,BIH,2009,75.6573658536585,7.8,1.283,9.64051655,442.13800467,4840.0
Bosnia and Herzegovina,BIH,2010,75.8076829268293,7.4,1.288,9.57831611,428.64731846,4780.0
Bosnia and Herzegovina,BIH,2011,75.9629268292683,6.9,1.286,9.71201831,472.10801693,4780.0
Bosnia and Herzegovina,BIH,2012,76.1201707317073,6.5,1.28,9.9397549,446.75239012,4690.0
Bosnia and Herzegovina,BIH,2013,76.2769268292683,6.1,1.272,9.46431161,449.38279161,4870.0
Bosnia and Herzegovina,BIH,2014,76.433243902439,5.7,1.263,9.57201597,463.63992785,4820.0
Bosnia and Herzegovina,BIH,2015,,5.4,,,,4680.0
Botswana,BWA,1985,62.5096585365854,57.1,5.567,,,970.0
Botswana,BWA,1986,62.7351951219512,55.1,5.393,,,1050.0
Botswana,BWA,1987,62.8898292682927,53.7,5.214,,,1230.0
Botswana,BWA,1988,62.9456341463415,53.0,5.036,,,1830.0
Botswana,BWA,1989,62.8636829268293,53.1,4.863,,,2160.0
Botswana,BWA,1990,62.5565853658537,54.2,4.698,,,2540.0
Botswana,BWA,1991,61.924512195122,56.4,4.542,,,2870.0
Botswana,BWA,1992,60.9384878048781,59.1,4.394,,,3050.0
Botswana,BWA,1993,59.6189756097561,62.4,4.252,,,3100.0
Botswana,BWA,1994,58.0273902439024,66.1,4.117,,,2750.0
Botswana,BWA,1995,56.2361219512195,69.9,3.989,4.07625751,125.96851903,3040.0
Botswana,BWA,1996,54.3361219512195,73.5,3.866,4.03790507,125.6657195,2970.0
Botswana,BWA,1997,52.4746097560976,76.5,3.746,4.29532105,138.61191717,3110.0
Botswana,BWA,1998,50.8123414634146,79.0,3.631,3.85635148,127.46658711,3010.0
Botswana,BWA,1999,49.4864878048781,82.0,3.519,3.74391572,132.11474526,2970.0
Botswana,BWA,2000,48.6936341463415,82.9,3.413,4.64378253,154.78565733,3000.0
Botswana,BWA,2001,48.6103170731707,81.6,3.312,5.72932944,178.44845835,3100.0
Botswana,BWA,2002,49.2434146341464,79.8,3.219,6.47357061,197.06371022,2790.0
Botswana,BWA,2003,50.524512195122,78.1,3.134,4.64786115,192.8375504,3230.0
Botswana,BWA,2004,52.3563170731707,75.8,3.06,5.55872796,271.23338338,3770.0
Botswana,BWA,2005,54.5522195121951,69.0,2.998,5.62371187,299.62537779,4760.0
Botswana,BWA,2006,56.8732682926829,63.4,2.952,4.92953585,263.34446263,5270.0
Botswana,BWA,2007,59.0745609756098,62.6,2.921,4.71306526,267.07285268,5570.0
Botswana,BWA,2008,60.9585853658537,61.7,2.903,5.55037104,313.44303556,5590.0
Botswana,BWA,2009,62.4170975609756,57.3,2.895,6.38817073,321.66194177,5180.0
Botswana,BWA,2010,63.4022926829268,53.5,2.893,5.64265217,378.78103239,5480.0
Botswana,BWA,2011,63.9516097560976,51.8,2.89,5.24916763,384.13222682,6510.0
Botswana,BWA,2012,64.2227317073171,49.5,2.881,6.27218857,427.51677594,7160.0
Botswana,BWA,2013,64.3608048780488,46.6,2.864,5.83806784,396.6018688,7330.0
Botswana,BWA,2014,64.429243902439,44.8,2.836,5.41200262,385.31409704,7030.0
Botswana,BWA,2015,,43.6,,,,6510.0
Brazil,BRA,1985,63.5625609756098,75.1,3.449,,,1560.0
Brazil,BRA,1986,63.9004634146341,71.9,3.308,,,1780.0
Brazil,BRA,1987,64.2458292682927,68.8,3.17,,,2030.0
Brazil,BRA,1988,64.5982195121951,66.0,3.039,,,2240.0
Brazil,BRA,1989,64.9611951219512,63.4,2.917,,,2740.0
Brazil,BRA,1990,65.3403170731707,60.8,2.809,,,2710.0
Brazil,BRA,1991,65.7426829268293,58.2,2.717,,,3250.0
Brazil,BRA,1992,66.1718048780488,55.4,2.643,,,3140.0
Brazil,BRA,1993,66.6276829268293,52.5,2.583,,,3070.0
Brazil,BRA,1994,67.1068292682927,49.4,2.537,,,3010.0
Brazil,BRA,1995,67.6031951219512,46.3,2.502,6.51076042,314.29574548,3680.0
Brazil,BRA,1996,68.1097317073171,43.2,2.474,6.70694533,346.29741186,4470.0
Brazil,BRA,1997,68.6163902439024,40.2,2.451,6.69245518,353.30487142,5030.0
Brazil,BRA,1998,69.1130975609756,37.2,2.427,6.55967037,333.46925024,4820.0
Brazil,BRA,1999,69.5912926829268,34.5,2.399,6.90990454,240.29981289,4100.0
Brazil,BRA,2000,70.0419756097561,32.0,2.364,7.02774504,262.75871702,3840.0
Brazil,BRA,2001,70.4596097560976,29.6,2.318,7.19063692,225.78060687,3290.0
Brazil,BRA,2002,70.845243902439,27.4,2.264,7.13005982,201.09410168,3040.0
Brazil,BRA,2003,71.2018780487805,25.4,2.202,6.94296392,211.32890012,2920.0
Brazil,BRA,2004,71.532,23.6,2.135,7.06793519,254.29243197,3280.0
Brazil,BRA,2005,71.8396341463415,21.9,2.066,8.26702693,391.29355366,3910.0
Brazil,BRA,2006,72.1317317073171,20.4,2.002,8.35570723,485.39290018,4710.0
Brazil,BRA,2007,72.4148292682927,19.2,1.944,8.28058988,599.60405404,5980.0
Brazil,BRA,2008,72.6954146341463,18.1,1.898,8.23798966,716.75561525,7330.0
Brazil,BRA,2009,72.9780243902439,17.2,1.863,8.64909707,731.9202567,7990.0
Brazil,BRA,2010,73.2641463414634,16.6,1.838,8.26736921,919.66852266,9650.0
Brazil,BRA,2011,73.5523414634146,16.2,1.823,8.0901717,1055.13616868,11010.0
Brazil,BRA,2012,73.8395853658537,16.0,1.812,8.26089862,984.92254668,12020.0
Brazil,BRA,2013,74.1224390243903,16.0,1.801,8.48312451,993.4641213,12180.0
Brazil,BRA,2014,74.4018780487805,16.2,1.79,8.32283359,947.42769597,11790.0
Brazil,BRA,2015,,16.4,,,,9850.0
British Virgin Islands,VGB,1985,,,,,,
British Virgin Islands,VGB,1986,,,,,,
British Virgin Islands,VGB,1987,,,,,,
British Virgin Islands,VGB,1988,,,,,,
British Virgin Islands,VGB,1989,,,,,,
British Virgin Islands,VGB,1990,,,,,,
British Virgin Islands,VGB,1991,,,,,,
British Virgin Islands,VGB,1992,,,,,,
British Virgin Islands,VGB,1993,,,,,,
British Virgin Islands,VGB,1994,,,,,,
British Virgin Islands,VGB,1995,,,,,,
British Virgin Islands,VGB,1996,,,,,,
British Virgin Islands,VGB,1997,,,,,,
British Virgin Islands,VGB,1998,,,,,,
British Virgin Islands,VGB,1999,,,,,,
British Virgin Islands,VGB,2000,,,,,,
British Virgin Islands,VGB,2001,,,,,,
British Virgin Islands,VGB,2002,,,,,,
British Virgin Islands,VGB,2003,,,,,,
British Virgin Islands,VGB,2004,,,,,,
British Virgin Islands,VGB,2005,,,,,,
British Virgin Islands,VGB,2006,,,,,,
British Virgin Islands,VGB,2007,,,,,,
British Virgin Islands,VGB,2008,,,,,,
British Virgin Islands,VGB,2009,,,,,,
British Virgin Islands,VGB,2010,,,,,,
British Virgin Islands,VGB,2011,,,,,,
British Virgin Islands,VGB,2012,,,,,,
British Virgin Islands,VGB,2013,,,,,,
British Virgin Islands,VGB,2014,,,,,,
British Virgin Islands,VGB,2015,,,,,,
Brunei Darussalam,BRN,1985,71.7599268292683,14.7,3.794,,,
Brunei Darussalam,BRN,1986,72.0287804878049,14.1,3.755,,,
Brunei Darussalam,BRN,1987,72.2926341463415,13.5,3.715,,,
Brunei Darussalam,BRN,1988,72.5504878048781,13.0,3.668,,,
Brunei Darussalam,BRN,1989,72.8033414634146,12.6,3.608,,,12170.0
Brunei Darussalam,BRN,1990,73.0511951219512,12.2,3.532,,,12550.0
Brunei Darussalam,BRN,1991,73.2950487804878,11.9,3.438,,,13680.0
Brunei Darussalam,BRN,1992,73.5333902439024,11.6,3.329,,,15270.0
Brunei Darussalam,BRN,1993,73.767243902439,11.2,3.209,,,15130.0
Brunei Darussalam,BRN,1994,73.9970975609756,10.9,3.08,,,15190.0
Brunei Darussalam,BRN,1995,74.2229512195122,10.6,2.946,2.96502086,475.80475431,15790.0
Brunei Darussalam,BRN,1996,74.4443170731708,10.3,2.806,3.72384445,629.83039123,16330.0
Brunei Darussalam,BRN,1997,74.6621707317073,10.0,2.664,3.73573354,626.74769117,16330.0
Brunei Darussalam,BRN,1998,74.8755365853659,9.7,2.526,4.45519327,569.41747061,14530.0
Brunei Darussalam,BRN,1999,75.0854146341464,9.6,2.395,3.81591842,542.02507101,14140.0
Brunei Darussalam,BRN,2000,75.2888048780488,9.4,2.278,3.05392326,554.44713015,14800.0
Brunei Darussalam,BRN,2001,75.483243902439,9.3,2.181,3.05915827,508.30374721,16210.0
Brunei Darussalam,BRN,2002,75.6676829268293,9.2,2.105,3.03624423,516.67610392,17310.0
Brunei Darussalam,BRN,2003,75.8461707317073,9.1,2.049,3.09075683,579.79060657,18000.0
Brunei Darussalam,BRN,2004,76.0241219512195,9.1,2.013,3.00570028,665.2179303,20200.0
Brunei Darussalam,BRN,2005,76.2134634146341,9.0,1.994,2.62469019,691.28688514,23290.0
Brunei Darussalam,BRN,2006,76.4281219512195,9.0,1.986,2.24345194,699.00076497,27730.0
Brunei Darussalam,BRN,2007,76.6755609756098,9.0,1.982,2.31773158,758.09649105,30970.0
Brunei Darussalam,BRN,2008,76.956756097561,9.0,1.977,2.22944566,842.71856864,34030.0
Brunei Darussalam,BRN,2009,77.2682926829268,9.1,1.968,2.84871691,789.85048953,32190.0
Brunei Darussalam,BRN,2010,77.5982682926829,9.3,1.953,2.73321659,859.66173542,
Brunei Darussalam,BRN,2011,77.9323170731708,9.5,1.934,2.24592919,938.48472101,
Brunei Darussalam,BRN,2012,78.2525853658537,9.7,1.913,2.30071015,961.89376061,37320.0
Brunei Darussalam,BRN,2013,78.5466585365854,9.9,1.893,2.61249972,1022.86920561,
Brunei Darussalam,BRN,2014,78.8095853658537,10.1,1.874,2.64816289,957.60599801,
Brunei Darussalam,BRN,2015,,10.2,,,,
Bulgaria,BGR,1985,71.2280487804878,23.6,1.97,,,1970.0
Bulgaria,BGR,1986,71.7307317073171,22.5,2.02,,,2200.0
Bulgaria,BGR,1987,71.5268292682927,21.7,1.96,,,2750.0
Bulgaria,BGR,1988,71.6043902439024,21.3,1.97,,,3140.0
Bulgaria,BGR,1989,71.7224390243903,21.5,1.9,,,2850.0
Bulgaria,BGR,1990,71.6414634146342,22.1,1.82,,,2260.0
Bulgaria,BGR,1991,71.5609756097561,22.6,1.66,,,1620.0
Bulgaria,BGR,1992,71.4943902439024,22.9,1.55,,,1430.0
Bulgaria,BGR,1993,71.3468292682927,23.1,1.46,,,1250.0
Bulgaria,BGR,1994,71.2087804878049,23.1,1.37,,,1240.0
Bulgaria,BGR,1995,71.0534146341464,23.1,1.23,4.75327488,81.37640068,1360.0
Bulgaria,BGR,1996,70.8973170731707,23.1,1.23,4.57258827,55.9550585,1300.0
Bulgaria,BGR,1997,70.3512195121951,23.1,1.09,4.74160776,64.20099303,1330.0
Bulgaria,BGR,1998,71.0609756097561,22.8,1.11,4.66878135,82.65661329,1390.0
Bulgaria,BGR,1999,71.4121951219512,22.0,1.23,5.85566877,96.15913071,1490.0
Bulgaria,BGR,2000,71.6634146341463,21.0,1.26,6.06955519,97.88239442,1660.0
Bulgaria,BGR,2001,71.7682926829268,20.1,1.21,7.23446648,126.03257931,1760.0
Bulgaria,BGR,2002,71.8658536585366,19.2,1.21,7.40609292,155.17154674,1960.0
Bulgaria,BGR,2003,72.0658536585366,18.1,1.23,7.43475437,201.88088789,2350.0
Bulgaria,BGR,2004,72.5634146341463,17.0,1.29,7.08595529,239.47108584,3020.0
Bulgaria,BGR,2005,72.5609756097561,15.9,1.32,7.07978092,274.97337317,3760.0
Bulgaria,BGR,2006,72.6121951219512,15.0,1.38,6.6734753,300.386581,4230.0
Bulgaria,BGR,2007,72.6634146341463,14.2,1.49,6.41034419,379.48450348,4860.0
Bulgaria,BGR,2008,72.9634146341463,13.7,1.56,6.61156197,483.39472307,6100.0
Bulgaria,BGR,2009,73.4121951219512,13.3,1.66,6.77819389,471.57466704,6640.0
Bulgaria,BGR,2010,73.5121951219512,13.0,1.57,7.24456053,488.21206822,6840.0
Bulgaria,BGR,2011,74.1634146341463,12.6,1.51,6.88297734,532.50468494,7070.0
Bulgaria,BGR,2012,74.3146341463415,12.0,1.5,7.10569778,519.48224259,7260.0
Bulgaria,BGR,2013,74.8609756097561,11.5,1.48,7.93021922,606.02521341,7480.0
Bulgaria,BGR,2014,75.4073170731707,10.9,1.48,8.44291326,661.84652732,7610.0
Bulgaria,BGR,2015,,10.4,,,,7220.0
Burkina Faso,BFA,1985,49.2512195121951,219.2,7.142,,,210.0
Burkina Faso,BFA,1986,49.4175365853659,214.4,7.119,,,240.0
Burkina Faso,BFA,1987,49.4722682926829,209.6,7.092,,,270.0
Burkina Faso,BFA,1988,49.4629024390244,205.8,7.064,,,330.0
Burkina Faso,BFA,1989,49.4198780487805,203.4,7.036,,,330.0
Burkina Faso,BFA,1990,49.3656097560976,202.2,7.007,,,330.0
Burkina Faso,BFA,1991,49.3164634146342,201.8,6.979,,,360.0
Burkina Faso,BFA,1992,49.2779512195122,202.1,6.95,,,320.0
Burkina Faso,BFA,1993,49.2596585365854,202.0,6.917,,,280.0
Burkina Faso,BFA,1994,49.2777073170732,201.1,6.882,,,230.0
Burkina Faso,BFA,1995,49.3383658536585,199.4,6.844,4.90774616,11.5762722,230.0
Burkina Faso,BFA,1996,49.443512195122,197.0,6.801,5.13518327,12.80749384,250.0
Burkina Faso,BFA,1997,49.5883414634146,194.0,6.754,5.12841993,11.77137145,250.0
Burkina Faso,BFA,1998,49.7769268292683,191.3,6.704,5.26031651,13.45372607,250.0
Burkina Faso,BFA,1999,50.0207073170732,188.5,6.65,5.26786301,13.92533426,260.0
Burkina Faso,BFA,2000,50.3459268292683,185.7,6.592,5.05909906,11.47632692,250.0
Burkina Faso,BFA,2001,50.7832195121951,182.4,6.531,4.85203751,11.51191743,240.0
Burkina Faso,BFA,2002,51.3401951219512,178.3,6.468,5.26139343,13.72644432,240.0
Burkina Faso,BFA,2003,52.0080731707317,173.1,6.403,5.60978869,18.64181617,280.0
Burkina Faso,BFA,2004,52.7677804878049,166.3,6.335,6.45328338,23.95926192,340.0
Burkina Faso,BFA,2005,53.5813170731707,158.3,6.265,6.87238586,27.97832335,410.0
Burkina Faso,BFA,2006,54.4039024390244,149.4,6.192,6.57889926,27.65285018,430.0
Burkina Faso,BFA,2007,55.1888048780488,139.9,6.116,6.62938957,31.47041295,460.0
Burkina Faso,BFA,2008,55.9022926829268,130.4,6.036,6.76855996,38.51408641,520.0
Burkina Faso,BFA,2009,56.5249756097561,121.4,5.953,7.40543097,40.86637373,550.0
Burkina Faso,BFA,2010,57.0513902439024,113.5,5.867,7.17005016,41.18892323,610.0
Burkina Faso,BFA,2011,57.4920487804878,106.9,5.78,5.16945672,34.41863315,610.0
Burkina Faso,BFA,2012,57.8793170731707,101.4,5.693,5.32688534,35.8513692,640.0
Burkina Faso,BFA,2013,58.2406341463415,96.6,5.607,5.91240213,42.2125761,690.0
Burkina Faso,BFA,2014,58.5884634146341,92.4,5.521,4.96026323,35.19599866,690.0
Burkina Faso,BFA,2015,,88.6,,,,660.0
Burundi,BDI,1985,48.7855853658537,177.5,7.52,,,240.0
Burundi,BDI,1986,48.8811707317073,172.9,7.546,,,240.0
Burundi,BDI,1987,48.8244634146341,170.6,7.565,,,250.0
Burundi,BDI,1988,48.6264146341464,170.1,7.572,,,250.0
Burundi,BDI,1989,48.3234878048781,170.7,7.564,,,220.0
Burundi,BDI,1990,48.0001219512195,171.8,7.542,,,210.0
Burundi,BDI,1991,47.7652195121951,172.9,7.508,,,210.0
Burundi,BDI,1992,47.7017317073171,173.5,7.465,,,200.0
Burundi,BDI,1993,47.8585853658537,173.5,7.418,,,170.0
Burundi,BDI,1994,48.2392682926829,172.5,7.368,,,160.0
Burundi,BDI,1995,48.8007804878049,170.5,7.318,4.3744822,8.6107346,150.0
Burundi,BDI,1996,49.4626097560976,167.7,7.267,4.49703909,7.57429011,140.0
Burundi,BDI,1997,50.1198536585366,164.4,7.217,4.11362695,7.65165177,140.0
Burundi,BDI,1998,50.6920487804878,160.5,7.165,4.50070122,7.58235593,140.0
Burundi,BDI,1999,51.149243902439,156.4,7.112,4.39141864,6.57717627,130.0
Burundi,BDI,2000,51.4854878048781,152.2,7.057,4.97839061,6.40394782,130.0
Burundi,BDI,2001,51.7248292682927,147.8,7.0,4.96067407,6.26118861,120.0
Burundi,BDI,2002,51.9282682926829,143.2,6.939,5.15367588,5.94114971,120.0
Burundi,BDI,2003,52.1453170731707,138.3,6.873,5.24840706,5.56420521,110.0
Burundi,BDI,2004,52.3963902439024,133.0,6.803,7.10205754,8.48420491,120.0
Burundi,BDI,2005,52.6969512195122,127.1,6.729,9.83776739,13.85306615,130.0
Burundi,BDI,2006,53.0538780487805,120.9,6.649,11.49013252,17.80375176,140.0
Burundi,BDI,2007,53.4560731707317,114.5,6.566,10.02676743,15.97060537,160.0
Burundi,BDI,2008,53.8910243902439,108.6,6.48,7.85946357,14.36007705,170.0
Burundi,BDI,2009,54.3512195121951,103.5,6.391,6.96418727,13.53159243,180.0
Burundi,BDI,2010,54.8291951219512,98.8,6.302,8.82066864,18.9457458,200.0
Burundi,BDI,2011,55.3120243902439,94.9,6.212,8.57801472,20.77401252,220.0
Burundi,BDI,2012,55.7892926829268,91.2,6.123,8.20755375,20.34701459,240.0
Burundi,BDI,2013,56.2516097560976,87.8,6.035,8.03161378,20.85880811,250.0
Burundi,BDI,2014,56.6920243902439,84.6,5.948,7.53556539,21.55325396,270.0
Burundi,BDI,2015,,81.7,,,,260.0
Cabo Verde,CPV,1985,63.5271219512195,78.1,5.883,,,450.0
Cabo Verde,CPV,1986,63.9820731707317,75.2,5.784,,,510.0
Cabo Verde,CPV,1987,64.4030487804878,71.8,5.68,,,640.0
Cabo Verde,CPV,1988,64.8015365853659,68.3,5.565,,,830.0
Cabo Verde,CPV,1989,65.186512195122,65.1,5.441,,,890.0
Cabo Verde,CPV,1990,65.570512195122,62.7,5.307,,,890.0
Cabo Verde,CPV,1991,65.963512195122,61.0,5.165,,,900.0
Cabo Verde,CPV,1992,66.3715365853659,60.0,5.018,,,1040.0
Cabo Verde,CPV,1993,66.7945853658537,59.2,4.866,,,1180.0
Cabo Verde,CPV,1994,67.2321219512195,58.1,4.713,,,1290.0
Cabo Verde,CPV,1995,67.6786585365854,56.1,4.554,5.28728442,66.64807171,1400.0
Cabo Verde,CPV,1996,68.1231463414634,53.0,4.389,4.82373976,60.96200677,1330.0
Cabo Verde,CPV,1997,68.5555609756098,49.0,4.216,4.73245519,57.01116574,1340.0
Cabo Verde,CPV,1998,68.9664146341464,44.3,4.036,5.23817847,65.58086991,1300.0
Cabo Verde,CPV,1999,69.3546829268293,39.6,3.852,4.64854913,64.61232373,1340.0
Cabo Verde,CPV,2000,69.7243902439024,35.5,3.666,4.81197137,59.1059178,1370.0
Cabo Verde,CPV,2001,70.0860243902439,32.2,3.484,5.18842561,65.31787238,1310.0
Cabo Verde,CPV,2002,70.4481463414634,29.9,3.309,5.17292778,70.57829328,1270.0
Cabo Verde,CPV,2003,70.8132682926829,28.5,3.147,4.99736722,87.91660186,1480.0
Cabo Verde,CPV,2004,71.1763902439025,27.8,3.0,5.06127652,99.75229306,1850.0
Cabo Verde,CPV,2005,71.5235365853658,27.7,2.87,4.85837167,103.61719673,2110.0
Cabo Verde,CPV,2006,71.8356829268293,27.9,2.759,5.11488034,126.40835742,2250.0
Cabo Verde,CPV,2007,72.0993658536585,28.1,2.665,4.30181632,135.32055847,2780.0
Cabo Verde,CPV,2008,72.3095365853659,28.2,2.586,3.96261016,146.54934854,3280.0
Cabo Verde,CPV,2009,72.4712195121951,28.1,2.52,4.24249163,149.22579278,3480.0
Cabo Verde,CPV,2010,72.5979024390244,27.8,2.464,4.8314955,163.97801653,3410.0
Cabo Verde,CPV,2011,72.7095609756098,27.3,2.417,4.5981957,173.17317694,3540.0
Cabo Verde,CPV,2012,72.8282195121951,26.6,2.376,4.60767994,161.16235028,3470.0
Cabo Verde,CPV,2013,72.9723658536585,25.9,2.339,4.29340629,155.55972512,3530.0
Cabo Verde,CPV,2014,73.147,25.2,2.303,4.75969597,173.30567196,3450.0
Cabo Verde,CPV,2015,,24.5,,,,3290.0
Cambodia,KHM,1985,50.4381219512195,121.2,6.313,,,
Cambodia,KHM,1986,51.7904634146341,119.6,6.226,,,
Cambodia,KHM,1987,52.47,118.4,6.097,,,
Cambodia,KHM,1988,52.8951951219512,117.6,5.944,,,
Cambodia,KHM,1989,53.2086829268293,117.4,5.777,,,
Cambodia,KHM,1990,53.5100731707317,117.3,5.601,,,
Cambodia,KHM,1991,53.8363414634146,117.4,5.421,,,
Cambodia,KHM,1992,54.1507804878049,117.8,5.237,,,
Cambodia,KHM,1993,54.441756097561,118.6,5.052,,,
Cambodia,KHM,1994,54.7502195121951,120.0,4.867,,,
Cambodia,KHM,1995,55.1216585365854,121.5,4.685,5.38707902,17.33401911,300.0
Cambodia,KHM,1996,55.5860243902439,122.6,4.504,7.42653701,23.62764576,310.0
Cambodia,KHM,1997,56.1438536585366,122.5,4.325,6.46012542,19.61882351,320.0
Cambodia,KHM,1998,56.7916097560976,120.4,4.146,6.02289105,16.19388105,290.0
Cambodia,KHM,1999,57.5288048780488,115.7,3.971,5.59977223,16.4908218,290.0
Cambodia,KHM,2000,58.3508780487805,108.3,3.805,5.86525812,17.63071233,300.0
Cambodia,KHM,2001,59.2472682926829,98.7,3.654,5.70229312,18.28470535,310.0
Cambodia,KHM,2002,60.187,88.3,3.521,5.94573973,20.11020685,320.0
Cambodia,KHM,2003,61.1375853658537,78.8,3.406,6.74284618,24.38114029,350.0
Cambodia,KHM,2004,62.0736097560976,71.3,3.309,6.43218295,26.18477225,400.0
Cambodia,KHM,2005,62.9677073170732,65.4,3.227,5.84121965,27.59677494,460.0
Cambodia,KHM,2006,63.7955853658537,60.4,3.155,4.47935339,24.09213888,520.0
Cambodia,KHM,2007,64.5523414634146,55.8,3.086,3.7458317,23.57187744,590.0
Cambodia,KHM,2008,65.2349756097561,51.5,3.018,5.55434947,41.26564542,670.0
Cambodia,KHM,2009,65.8444634146342,47.3,2.947,6.35516894,46.7363886,690.0
Cambodia,KHM,2010,66.3856585365854,43.1,2.875,5.95280478,46.59217577,750.0
Cambodia,KHM,2011,66.8728780487805,39.3,2.804,5.64142819,49.59668643,810.0
Cambodia,KHM,2012,67.3288780487805,35.8,2.739,6.23920837,59.12020728,880.0
Cambodia,KHM,2013,67.7720487804878,32.9,2.683,5.93281822,60.44287728,960.0
Cambodia,KHM,2014,68.2122926829268,30.6,2.635,5.67563855,61.28475128,1020.0
Cambodia,KHM,2015,,28.7,,,,1070.0
Cameroon,CMR,1985,52.8447804878049,150.2,6.697,,,780.0
Cameroon,CMR,1986,53.0567317073171,144.7,6.669,,,900.0
Cameroon,CMR,1987,53.2382195121951,140.7,6.627,,,1010.0
Cameroon,CMR,1988,53.3897804878049,138.1,6.572,,,1100.0
Cameroon,CMR,1989,53.5099512195122,137.2,6.508,,,1040.0
Cameroon,CMR,1990,53.5912682926829,138.0,6.434,,,920.0
Cameroon,CMR,1991,53.6242682926829,140.0,6.352,,,870.0
Cameroon,CMR,1992,53.6019512195122,142.8,6.264,,,870.0
Cameroon,CMR,1993,53.5248292682927,146.0,6.173,,,870.0
Cameroon,CMR,1994,53.3968780487805,149.0,6.08,,,790.0
Cameroon,CMR,1995,53.2186097560976,151.8,5.989,3.86124181,25.15316247,730.0
Cameroon,CMR,1996,52.9905365853659,154.0,5.903,5.16760946,34.45893385,650.0
Cameroon,CMR,1997,52.7260975609756,155.3,5.823,4.64471655,28.80586819,640.0
Cameroon,CMR,1998,52.4467317073171,155.3,5.749,4.42322257,28.77197867,630.0
Cameroon,CMR,1999,52.1738536585366,153.8,5.682,4.43404241,28.64365579,630.0
Cameroon,CMR,2000,51.9358780487805,150.4,5.621,4.47926062,26.11833904,600.0
Cameroon,CMR,2001,51.7571951219512,145.7,5.567,4.70069873,27.69670068,580.0
Cameroon,CMR,2002,51.6552682926829,140.2,5.515,4.86311777,31.53243555,570.0
Cameroon,CMR,2003,51.6390487804878,134.7,5.464,4.97339975,39.34488626,660.0
Cameroon,CMR,2004,51.716487804878,129.6,5.413,4.73054345,42.23896544,800.0
Cameroon,CMR,2005,51.8890487804878,125.1,5.358,4.75114245,43.47728738,900.0
Cameroon,CMR,2006,52.150243902439,120.7,5.299,4.68549975,45.23234431,960.0
Cameroon,CMR,2007,52.4791463414634,116.6,5.235,4.75670352,50.94214029,990.0
Cameroon,CMR,2008,52.8558292682927,112.8,5.166,5.17618655,61.68511416,1090.0
Cameroon,CMR,2009,53.2648536585366,109.0,5.093,5.06998858,59.05103438,1160.0
Cameroon,CMR,2010,53.6948292682927,104.8,5.017,5.28483734,60.62989094,1170.0
Cameroon,CMR,2011,54.1373658536585,101.0,4.938,3.96167517,49.87450321,1210.0
Cameroon,CMR,2012,54.587512195122,97.4,4.859,4.33911457,53.03231424,1230.0
Cameroon,CMR,2013,55.0418048780488,93.9,4.781,4.29309731,57.1497078,1290.0
Cameroon,CMR,2014,55.492756097561,90.6,4.704,4.10367158,58.6522027,1350.0
Cameroon,CMR,2015,,87.9,,,,1330.0
Canada,CAN,1985,76.3034146341464,9.7,1.67,,,13760.0
Canada,CAN,1986,76.44,9.4,1.675,,,14380.0
Canada,CAN,1987,76.739512195122,9.1,1.68,,,16110.0
Canada,CAN,1988,76.8092682926829,8.8,1.68,,,18430.0
Canada,CAN,1989,77.0656097560976,8.6,1.77,,,19660.0
Canada,CAN,1990,77.3770731707317,8.3,1.83,,,20420.0
Canada,CAN,1991,77.5534146341464,8.0,1.7,,,20730.0
Canada,CAN,1992,77.3207317073171,7.7,1.71,,,21140.0
Canada,CAN,1993,77.6851219512195,7.4,1.7,,,21000.0
Canada,CAN,1994,77.8619512195122,7.2,1.6695,,,20660.0
Canada,CAN,1995,77.9775609756098,6.9,1.639,8.86134848,1830.54180168,20670.0
Canada,CAN,1996,78.2304878048781,6.7,1.592,8.63665594,1838.85455731,20640.0
Canada,CAN,1997,78.4804878048781,6.5,1.55,8.60408832,1882.62620626,21140.0
Canada,CAN,1998,78.6624390243902,6.4,1.53,8.82742133,1856.22915297,20750.0
Canada,CAN,1999,78.8829268292683,6.3,1.51,8.72990945,1945.36654491,21250.0
Canada,CAN,2000,79.2365853658537,6.2,1.49,8.66856172,2099.84145463,22520.0
Canada,CAN,2001,79.4878048780488,6.2,1.505,9.09586921,2162.23376173,22860.0
Canada,CAN,2002,79.590243902439,6.2,1.52,9.36996095,2262.07146894,23320.0
Canada,CAN,2003,79.8390243902439,6.1,1.53,9.54031491,2690.51265964,25230.0
Canada,CAN,2004,80.1414634146341,6.1,1.53,9.55593893,3062.66880719,29230.0
Canada,CAN,2005,80.2926829268293,6.1,1.54,9.57259884,3474.43596898,33960.0
Canada,CAN,2006,80.4187804878049,6.0,1.5862,9.75077613,3945.45715331,37640.0
Canada,CAN,2007,80.6343902439024,5.9,1.6589,9.834884,4382.43080006,41220.0
Canada,CAN,2008,80.8253658536586,5.8,1.6808,10.0314672,4682.04169035,44600.0
Canada,CAN,2009,81.1114634146342,5.7,1.668,11.17309256,4582.08033632,43080.0
Canada,CAN,2010,81.4129268292683,5.6,1.6269,11.20113293,5347.69456998,44400.0
Canada,CAN,2011,81.3492926829268,5.4,1.61,10.82129629,5665.42451698,47090.0
Canada,CAN,2012,81.5624390243903,5.3,1.61,10.77921223,5719.02738741,51150.0
Canada,CAN,2013,81.7650487804878,5.2,1.61,10.66516682,5619.37646293,52560.0
Canada,CAN,2014,81.9566097560976,5.0,1.61,10.449582,5291.74613048,51770.0
Canada,CAN,2015,,4.9,,,,47500.0
Caribbean small states,CSS,1985,69.189859485331,41.1846854674701,3.31958633707099,,,2492.51031948325
Caribbean small states,CSS,1986,69.289810155377,40.1063538742592,3.23764817900822,,,2452.68003159525
Caribbean small states,CSS,1987,69.3794903249237,39.0455760148649,3.15583460178531,,,2548.70968062288
Caribbean small states,CSS,1988,69.4414621937584,38.0137212149784,3.07769816000343,,,2764.12921877073
Caribbean small states,CSS,1989,69.5112036554836,36.9949305569407,3.00370696274805,,,2843.04940225197
Caribbean small states,CSS,1990,69.5731082905683,35.8934699480998,2.9361421232796,,,2894.37514703345
Caribbean small states,CSS,1991,69.6285228353652,34.8231182211107,2.87191206840259,,,2882.00257315663
Caribbean small states,CSS,1992,69.7149903064407,33.8241126341046,2.81327247127512,,,2906.10864786506
Caribbean small states,CSS,1993,69.7191243040502,32.8288233154751,2.7586592514507,,,2961.30220466336
Caribbean small states,CSS,1994,69.7605692810801,31.8762427294652,2.7074071719216,,,3026.7942972195
Caribbean small states,CSS,1995,69.8050816619966,30.9566064608015,2.65804994191991,5.24688659557864,176.567647886079,3253.82508086184
Caribbean small states,CSS,1996,69.8586501809902,30.0760684321879,2.61176222816704,5.31668374924421,193.138810100839,3541.9203520666
Caribbean small states,CSS,1997,69.9876860660964,29.2779279712773,2.56584354797517,5.55623380894939,223.689826141809,3633.16359771009
Caribbean small states,CSS,1998,69.9923310518526,28.4683663117076,2.52045280827249,5.30403798433125,232.588123550479,3841.45395023828
Caribbean small states,CSS,1999,70.080801120159,27.7559981684982,2.4759882351321,5.13348161005959,237.944448224507,4206.55716016207
Caribbean small states,CSS,2000,70.1905836561147,27.0950086005176,2.43296842642179,5.19355069356779,258.936966875793,4575.05341365837
Caribbean small states,CSS,2001,70.3272386380308,26.4814202495224,2.39317632998342,5.12010648481285,260.916477453919,4707.35010082708
Caribbean small states,CSS,2002,70.5586674372742,25.9195468595647,2.35696900013628,5.16802890747367,275.97428826772,4944.53220936182
Caribbean small states,CSS,2003,70.6696202692495,25.358094078958,2.32481224073492,5.18384451258904,294.735732625255,5415.10608265258
Caribbean small states,CSS,2004,70.8698773598035,24.8312637371583,2.29625493621658,5.31396370743078,327.31018578529,6037.3085055553
Caribbean small states,CSS,2005,71.0842235303963,24.3340494850437,2.27159950358899,5.14042511288429,360.096437000122,6596.76955472534
Caribbean small states,CSS,2006,71.3082303342661,23.8942265282355,2.24962960154402,5.01462294817735,392.197933586858,7331.49747925645
Caribbean small states,CSS,2007,71.5358044223336,23.39531369358,2.22844165639279,5.35761107542968,462.661858954259,7992.8078703462
Caribbean small states,CSS,2008,71.7614744425427,22.9171594671916,2.206880455494,5.35971614602689,524.670530187428,8795.14460257048
Caribbean small states,CSS,2009,71.979368013565,22.4370457533856,2.18461543701078,6.24494014400231,511.615429543131,8450.68124564459
Caribbean small states,CSS,2010,72.1845959118943,21.9691194149048,2.1613576448036,5.81965206786887,501.105938336436,8431.4882400067
Caribbean small states,CSS,2011,72.3733093790669,21.4760634663563,2.13878585467875,5.74551380086842,530.442915960919,8268.06830139346
Caribbean small states,CSS,2012,72.5454847424864,21.0381941859285,2.11692018291995,6.1892376520938,580.477476142397,8765.20850423218
Caribbean small states,CSS,2013,72.7022728567253,20.5366636689122,2.09618927437672,6.1677495844694,588.747390690388,9338.39467790139
Caribbean small states,CSS,2014,72.8446998092073,20.0440315842317,2.0768111857922,6.10505883581971,596.303264101578,9502.85927824013
Caribbean small states,CSS,2015,,19.5649594467686,,,,9476.99498651197
Cayman Islands,CYM,1985,,,,,,
Cayman Islands,CYM,1986,,,,,,
Cayman Islands,CYM,1987,,,,,,
Cayman Islands,CYM,1988,,,,,,
Cayman Islands,CYM,1989,,,,,,
Cayman Islands,CYM,1990,,,,,,
Cayman Islands,CYM,1991,,,,,,
Cayman Islands,CYM,1992,,,,,,
Cayman Islands,CYM,1993,,,,,,
Cayman Islands,CYM,1994,,,,,,
Cayman Islands,CYM,1995,,,,,,
Cayman Islands,CYM,1996,,,,,,
Cayman Islands,CYM,1997,,,,,,
Cayman Islands,CYM,1998,,,,,,
Cayman Islands,CYM,1999,,,,,,
Cayman Islands,CYM,2000,,,,,,
Cayman Islands,CYM,2001,,,,,,
Cayman Islands,CYM,2002,,,,,,
Cayman Islands,CYM,2003,,,,,,
Cayman Islands,CYM,2004,,,,,,
Cayman Islands,CYM,2005,,,,,,
Cayman Islands,CYM,2006,,,,,,
Cayman Islands,CYM,2007,,,,,,
Cayman Islands,CYM,2008,,,,,,
Cayman Islands,CYM,2009,,,,,,
Cayman Islands,CYM,2010,,,,,,
Cayman Islands,CYM,2011,,,,,,
Cayman Islands,CYM,2012,,,,,,
Cayman Islands,CYM,2013,,,,,,
Cayman Islands,CYM,2014,,,,,,
Cayman Islands,CYM,2015,,,,,,
Central African Republic,CAF,1985,49.8682926829268,177.8,5.944,,,280.0
Central African Republic,CAF,1986,49.8327317073171,177.4,5.927,,,330.0
Central African Republic,CAF,1987,49.7243902439024,177.2,5.902,,,400.0
Central African Republic,CAF,1988,49.548243902439,177.0,5.868,,,470.0
Central African Republic,CAF,1989,49.3122926829268,176.8,5.826,,,470.0
Central African Republic,CAF,1990,49.0175609756098,176.5,5.78,,,460.0
Central African Republic,CAF,1991,48.6640731707317,176.2,5.734,,,460.0
Central African Republic,CAF,1992,48.2573658536585,176.0,5.691,,,450.0
Central African Republic,CAF,1993,47.8099268292683,176.1,5.653,,,430.0
Central African Republic,CAF,1994,47.3362195121951,176.4,5.622,,,360.0
Central African Republic,CAF,1995,46.846243902439,176.7,5.596,3.60367411,12.04944123,340.0
Central African Republic,CAF,1996,46.3454878048781,177.0,5.573,4.49230966,13.24873828,290.0
Central African Republic,CAF,1997,45.8463658536585,176.9,5.55,3.58946373,9.62285807,290.0
Central African Republic,CAF,1998,45.3702926829268,176.5,5.522,3.74819755,10.13627889,270.0
Central African Republic,CAF,1999,44.9431463414634,175.7,5.488,4.07258453,11.141831,270.0
Central African Republic,CAF,2000,44.5972926829268,174.8,5.446,4.23554071,10.39547393,250.0
Central African Republic,CAF,2001,44.3620731707317,173.5,5.393,3.94971705,9.69905428,250.0
Central African Republic,CAF,2002,44.2534146341464,171.9,5.329,4.16499024,10.69780249,250.0
Central African Republic,CAF,2003,44.2778048780488,170.3,5.257,4.30920674,12.51866139,260.0
Central African Republic,CAF,2004,44.4396829268293,168.4,5.176,4.10144818,13.06244806,300.0
Central African Republic,CAF,2005,44.7380975609756,166.2,5.089,4.29009912,14.28373981,340.0
Central African Republic,CAF,2006,45.1631219512195,163.9,4.996,3.98872906,14.24307254,350.0
Central African Republic,CAF,2007,45.6873902439024,161.3,4.902,4.04420573,16.34316897,380.0
Central African Republic,CAF,2008,46.284,158.2,4.807,4.30491314,19.96737755,420.0
Central African Republic,CAF,2009,46.9349756097561,154.2,4.714,3.57683853,16.25205752,450.0
Central African Republic,CAF,2010,47.6253170731707,150.2,4.624,3.89743425,17.41374391,470.0
Central African Republic,CAF,2011,48.3504390243903,146.2,4.537,3.73272849,18.08817508,480.0
Central African Republic,CAF,2012,49.1052926829268,142.1,4.451,3.62284672,17.01594078,480.0
Central African Republic,CAF,2013,49.8798780487805,138.5,4.368,3.82208893,12.53258889,310.0
Central African Republic,CAF,2014,50.6577804878049,134.0,4.286,4.20022213,15.5874302,310.0
Central African Republic,CAF,2015,,130.1,,,,320.0
Central Europe and the Baltics,CEB,1985,70.3127569888511,24.4918111827977,2.16222962902982,,,
Central Europe and the Baltics,CEB,1986,70.5649221254913,23.9664252438449,2.13764554436477,,,
Central Europe and the Baltics,CEB,1987,70.6117653159951,23.4549568038908,2.09685375515538,,,
Central Europe and the Baltics,CEB,1988,70.8617183748472,22.942592204934,2.07760218406886,,,
Central Europe and the Baltics,CEB,1989,70.7319696488415,22.3586009767711,2.01771658270962,,,
Central Europe and the Baltics,CEB,1990,70.6563673229236,21.690343855902,1.93101943205665,,,
Central Europe and the Baltics,CEB,1991,70.572607738017,21.0316164715181,1.85623912895499,,,
Central Europe and the Baltics,CEB,1992,70.7323478672471,20.3918103432763,1.75146111793174,,,2235.37902204295
Central Europe and the Baltics,CEB,1993,70.8462295706676,19.7349279295579,1.67098939718683,,,2435.07790643598
Central Europe and the Baltics,CEB,1994,70.8695267645831,19.0037281185011,1.59016621241245,,,2731.93430169562
Central Europe and the Baltics,CEB,1995,71.0258932341809,18.1267155225992,1.46886873142189,5.82142090631389,198.882348647074,3151.98264239079
Central Europe and the Baltics,CEB,1996,71.3354652442541,17.2385873845153,1.429212803985,5.97191432795882,219.081862515899,3598.71474746673
Central Europe and the Baltics,CEB,1997,71.5175893276137,16.3661943666697,1.38173276489037,5.8333124701243,212.978139045219,3819.65459456418
Central Europe and the Baltics,CEB,1998,71.8981182658969,15.4986925785205,1.33847215813743,5.96682664077025,238.402531834578,3873.32981675189
Central Europe and the Baltics,CEB,1999,72.1849217877439,14.7540951606733,1.31152823926533,6.0596265164803,233.809370282874,3919.56899906141
Central Europe and the Baltics,CEB,2000,72.7196903521431,14.0740129943332,1.31769702784364,5.97833950101616,229.097460876952,4099.29093950994
Central Europe and the Baltics,CEB,2001,73.0978554683641,13.4460904008054,1.27572029376645,6.15868428200737,260.370737316488,4183.40042034583
Central Europe and the Baltics,CEB,2002,73.243910731566,12.8559455682396,1.25211950176365,6.45284467851742,309.669289999499,4433.07397999491
Central Europe and the Baltics,CEB,2003,73.3832335486311,12.2311638958607,1.2490034522918,6.69419491478746,387.231450841039,5208.9152260243
Central Europe and the Baltics,CEB,2004,73.7386941040292,11.5890874245494,1.27375989149421,6.68655632658131,464.014615958393,6376.03435058526
Central Europe and the Baltics,CEB,2005,73.8390724870733,10.9412028654046,1.30927995419495,6.68986261837837,542.629915802421,7718.5268935877
Central Europe and the Baltics,CEB,2006,74.0933541592761,10.2363102103121,1.33789459830991,6.55910778687337,603.945816787533,8839.70877418251
Central Europe and the Baltics,CEB,2007,74.2523833324924,9.55592618693637,1.38113331310186,6.52862253715008,764.822127139309,10315.2444585228
Central Europe and the Baltics,CEB,2008,74.57753902187,8.94894581570352,1.46621365030044,6.83801716474997,977.360367380042,12295.7762084208
Central Europe and the Baltics,CEB,2009,74.9318257000873,8.33907928011075,1.4902834895033,7.34785454120062,886.109546626717,12605.499279275
Central Europe and the Baltics,CEB,2010,75.2953487288,7.84651950604465,1.46504318299051,7.18863603258999,893.74896713629,12724.3303565331
Central Europe and the Baltics,CEB,2011,75.8884748834282,7.44685176328772,1.39596396028209,6.98984910371857,957.591009516675,12887.855077233
Central Europe and the Baltics,CEB,2012,75.993488603453,7.11533336112369,1.41543412925669,6.97186169448273,894.384450674518,13057.3168141733
Central Europe and the Baltics,CEB,2013,76.3551629869809,6.87755205863664,1.37813213196902,6.87743904893129,930.530036645149,13394.3746227329
Central Europe and the Baltics,CEB,2014,76.5633272465441,6.67724489567639,1.37780775094772,6.84255916558118,952.600750192812,13506.4234689502
Central Europe and the Baltics,CEB,2015,,6.50854763434545,,,,13147.7876427507
Chad,TCD,1985,46.0525609756098,228.2,7.124,,,210.0
Chad,TCD,1986,46.2865853658537,225.5,7.161,,,210.0
Chad,TCD,1987,46.4909512195122,222.8,7.199,,,210.0
Chad,TCD,1988,46.6636097560976,220.1,7.238,,,270.0
Chad,TCD,1989,46.8065609756098,217.3,7.276,,,270.0
Chad,TCD,1990,46.9243658536585,214.6,7.313,,,270.0
Chad,TCD,1991,47.0265853658537,212.0,7.346,,,290.0
Chad,TCD,1992,47.1218536585366,209.4,7.376,,,330.0
Chad,TCD,1993,47.2167804878049,207.0,7.399,,,240.0
Chad,TCD,1994,47.3134390243902,204.8,7.416,,,220.0
Chad,TCD,1995,47.4049268292683,202.7,7.425,5.78536987,11.94746997,210.0
Chad,TCD,1996,47.4808292682927,200.6,7.426,5.41033448,12.00808395,200.0
Chad,TCD,1997,47.5336097560976,198.3,7.419,5.55698269,11.45402913,210.0
Chad,TCD,1998,47.5632195121951,195.8,7.405,5.41150051,12.1672234,220.0
Chad,TCD,1999,47.5740731707317,193.0,7.384,5.8664633,11.19411498,200.0
Chad,TCD,2000,47.5780731707317,190.2,7.354,6.27665152,10.41974525,180.0
Chad,TCD,2001,47.5871219512195,187.3,7.315,6.08614845,12.00810915,190.0
Chad,TCD,2002,47.6160975609756,184.6,7.268,8.33249881,18.39776953,190.0
Chad,TCD,2003,47.6818536585366,181.9,7.212,5.49054134,16.06431228,210.0
Chad,TCD,2004,47.7958292682927,179.4,7.147,5.71977487,26.00525913,340.0
Chad,TCD,2005,47.9739024390244,177.0,7.074,3.91024833,25.81473846,470.0
Chad,TCD,2006,48.2300243902439,174.6,6.992,3.32174296,23.65236357,530.0
Chad,TCD,2007,48.5592195121951,171.5,6.901,3.34616501,26.8162198,630.0
Chad,TCD,2008,48.9515853658537,168.0,6.804,2.9164692,27.10215388,700.0
Chad,TCD,2009,49.3931707317073,164.0,6.701,3.30677754,26.5836599,830.0
Chad,TCD,2010,49.8620731707317,160.1,6.594,2.94877337,26.41741253,910.0
Chad,TCD,2011,50.3319512195122,156.0,6.485,3.16873244,31.32111874,890.0
Chad,TCD,2012,50.7813902439024,151.6,6.374,3.0003298,29.18358859,960.0
Chad,TCD,2013,51.1914878048781,147.1,6.264,3.41745392,33.66517607,980.0
Chad,TCD,2014,51.5558048780488,142.9,6.156,3.6211644,37.10492956,980.0
Chad,TCD,2015,,138.7,,,,880.0
Channel Islands,CHI,1985,74.3981219512195,,1.437,,,
Channel Islands,CHI,1986,74.5877317073171,,1.441,,,
Channel Islands,CHI,1987,74.7818292682927,,1.446,,,
Channel Islands,CHI,1988,74.9854634146342,,1.452,,,
Channel Islands,CHI,1989,75.1985853658537,,1.457,,,
Channel Islands,CHI,1990,75.418243902439,,1.46,,,
Channel Islands,CHI,1991,75.6369268292683,,1.461,,,
Channel Islands,CHI,1992,75.8496829268293,,1.457,,,
Channel Islands,CHI,1993,76.053,,1.45,,,
Channel Islands,CHI,1994,76.2473902439024,,1.441,,,
Channel Islands,CHI,1995,76.4368536585366,,1.43,,,
Channel Islands,CHI,1996,76.6278780487805,,1.42,,,
Channel Islands,CHI,1997,76.827,,1.411,,,
Channel Islands,CHI,1998,77.0396585365854,,1.405,,,
Channel Islands,CHI,1999,77.2683414634146,,1.402,,,
Channel Islands,CHI,2000,77.514512195122,,1.402,,,42430.0
Channel Islands,CHI,2001,77.7781707317073,,1.404,,,41270.0
Channel Islands,CHI,2002,78.0557804878049,,1.408,,,40370.0
Channel Islands,CHI,2003,78.3398292682927,,1.411,,,42780.0
Channel Islands,CHI,2004,78.6253170731707,,1.413,,,49540.0
Channel Islands,CHI,2005,78.9032195121951,,1.415,,,55320.0
Channel Islands,CHI,2006,79.1665365853659,,1.417,,,59810.0
Channel Islands,CHI,2007,79.4108048780488,,1.42,,,65430.0
Channel Islands,CHI,2008,79.6330243902439,,1.424,,,
Channel Islands,CHI,2009,79.8327073170732,,1.43,,,
Channel Islands,CHI,2010,80.0103658536585,,1.436,,,
Channel Islands,CHI,2011,80.169512195122,,1.444,,,
Channel Islands,CHI,2012,80.3186585365854,,1.451,,,
Channel Islands,CHI,2013,80.4628292682927,,1.459,,,
Channel Islands,CHI,2014,80.6064878048781,,1.466,,,
Channel Islands,CHI,2015,,,,,,
Chile,CHL,1985,70.3693902439024,22.4,2.622,,,1410.0
Chile,CHL,1986,70.8428048780488,22.1,2.61,,,1410.0
Chile,CHL,1987,71.310756097561,21.9,2.593,,,1560.0
Chile,CHL,1988,71.773243902439,21.4,2.57,,,1830.0
Chile,CHL,1989,72.229243902439,20.4,2.539,,,2100.0
Chile,CHL,1990,72.6787804878049,19.1,2.501,,,2260.0
Chile,CHL,1991,73.1213414634146,17.7,2.456,,,2510.0
Chile,CHL,1992,73.5584390243903,16.4,2.407,,,3050.0
Chile,CHL,1993,73.9885609756098,15.1,2.358,,,3380.0
Chile,CHL,1994,74.4127073170732,14.0,2.311,,,3670.0
Chile,CHL,1995,74.8303902439024,13.1,2.265,5.15357961,266.96669287,4400.0
Chile,CHL,1996,75.2416097560976,12.5,2.222,5.65542143,303.30875345,5020.0
Chile,CHL,1997,75.6463658536586,12.2,2.181,5.77650605,333.67606028,5480.0
Chile,CHL,1998,76.0446585365854,12.0,2.143,6.23410258,341.34366838,5350.0
Chile,CHL,1999,76.4359756097561,11.5,2.107,6.39504662,318.9346881,5000.0
Chile,CHL,2000,76.8208292682927,10.9,2.073,6.39554049,326.1556361,5020.0
Chile,CHL,2001,77.1987073170732,10.3,2.042,6.50868916,299.80658929,4850.0
Chile,CHL,2002,77.5695853658537,9.8,2.013,6.47573804,290.11023489,4630.0
Chile,CHL,2003,77.9329756097561,9.5,1.986,7.33944363,352.96302381,4650.0
Chile,CHL,2004,78.2893902439025,9.3,1.959,6.93393245,430.30855744,5310.0
Chile,CHL,2005,78.6382926829268,9.1,1.934,6.69119625,508.88413256,6340.0
Chile,CHL,2006,78.9791707317073,9.0,1.91,6.18107636,584.73052011,7360.0
Chile,CHL,2007,79.3135365853659,8.9,1.887,6.34524532,664.98275703,8740.0
Chile,CHL,2008,79.6409024390244,8.9,1.865,6.8683536,739.61790022,10140.0
Chile,CHL,2009,79.9608048780488,8.8,1.844,7.39252832,754.59078507,10030.0
Chile,CHL,2010,80.2758048780488,8.8,1.824,6.96860594,891.1223738,10800.0
Chile,CHL,2011,80.5869756097561,8.7,1.806,7.00457914,1023.22133476,12350.0
Chile,CHL,2012,80.8948536585366,8.6,1.789,7.23794642,1108.00711313,14360.0
Chile,CHL,2013,81.1979268292683,8.4,1.774,7.5312947,1192.05409445,15270.0
Chile,CHL,2014,81.4961951219512,8.3,1.761,7.78585767,1137.35626532,14980.0
Chile,CHL,2015,,8.1,,,,14060.0
China,CHN,1985,68.1570731707317,54.0,2.65,,,290.0
China,CHN,1986,68.3718048780488,53.7,2.678,,,310.0
China,CHN,1987,68.5594390243903,53.7,2.676,,,320.0
China,CHN,1988,68.7254390243903,53.9,2.634,,,330.0
China,CHN,1989,68.8802926829269,54.0,2.551,,,320.0
China,CHN,1990,69.030512195122,53.8,2.428,,,330.0
China,CHN,1991,69.1820975609756,53.3,2.276,,,350.0
China,CHN,1992,69.3396341463415,52.4,2.111,,,390.0
China,CHN,1993,69.5092195121951,51.0,1.952,,,420.0
China,CHN,1994,69.6999268292683,49.3,1.806,,,470.0
China,CHN,1995,69.9264146341464,47.5,1.684,3.52548646,21.01694786,540.0
China,CHN,1996,70.1998292682927,45.6,1.59,3.78557264,26.31809144,650.0
China,CHN,1997,70.5226829268293,43.6,1.522,4.0245977,30.91737908,750.0
China,CHN,1998,70.8904634146341,41.5,1.477,4.33385163,35.39876146,800.0
China,CHN,1999,71.2971219512195,39.3,1.453,4.48787053,38.72079198,850.0
China,CHN,2000,71.7304634146342,36.9,1.447,4.59690987,43.62610863,930.0
China,CHN,2001,72.1757804878049,34.3,1.455,4.55782328,47.54280541,1010.0
China,CHN,2002,72.6148780487805,31.6,1.469,4.78507297,54.46619273,1100.0
China,CHN,2003,73.0331219512195,28.9,1.486,4.82123292,61.59306848,1270.0
China,CHN,2004,73.4199512195122,26.3,1.502,4.72284375,70.62028579,1500.0
China,CHN,2005,73.7669512195122,24.0,1.513,4.65846996,80.94495253,1750.0
China,CHN,2006,74.0717073170732,21.9,1.521,4.52241742,94.0511609,2050.0
China,CHN,2007,74.3404390243903,20.1,1.526,4.31833293,115.28901709,2490.0
China,CHN,2008,74.5832682926829,18.5,1.531,4.58905193,157.6781461,3070.0
China,CHN,2009,74.8032682926829,17.0,1.535,5.07535532,192.51879062,3650.0
China,CHN,2010,75.0074146341463,15.7,1.539,4.88633979,220.07939757,4300.0
China,CHN,2011,75.2021707317073,14.5,1.544,5.02886408,279.4790104,5000.0
China,CHN,2012,75.3929268292683,13.4,1.549,5.26451547,328.65976529,5870.0
China,CHN,2013,75.5851463414634,12.3,1.555,5.38570406,375.144115,6710.0
China,CHN,2014,75.7822682926829,11.4,1.562,5.54822768,419.73424056,7400.0
China,CHN,2015,,10.7,,,,7820.0
Colombia,COL,1985,67.5742926829269,42.3,3.42,,,1170.0
Colombia,COL,1986,67.7768048780488,40.3,3.32,,,1190.0
Colombia,COL,1987,67.9291951219512,38.7,3.227,,,1210.0
Colombia,COL,1988,68.0547317073171,37.4,3.142,,,1260.0
Colombia,COL,1989,68.1709756097561,36.2,3.065,,,1220.0
Colombia,COL,1990,68.2971951219512,35.1,2.994,,,1220.0
Colombia,COL,1991,68.4513170731707,34.1,2.927,,,1190.0
Colombia,COL,1992,68.6402195121951,33.1,2.86,,,1280.0
Colombia,COL,1993,68.8656341463415,32.1,2.794,,,1390.0
Colombia,COL,1994,69.1295853658537,31.0,2.727,,,1740.0
Colombia,COL,1995,69.4269268292683,30.0,2.66,6.75685008,166.93250796,2140.0
Colombia,COL,1996,69.7483658536585,28.9,2.596,8.16065798,208.3591882,2470.0
Colombia,COL,1997,70.075,27.9,2.535,8.95554088,247.19503201,2590.0
Colombia,COL,1998,70.3949512195122,26.9,2.481,8.72644655,219.11293771,2510.0
Colombia,COL,1999,70.7005609756098,26.0,2.432,8.67188966,187.94799259,2280.0
Colombia,COL,2000,70.9887073170732,25.1,2.389,5.90658511,146.00666596,2320.0
Colombia,COL,2001,71.2603902439024,24.3,2.349,5.96000372,142.8050767,2300.0
Colombia,COL,2002,71.5217317073171,23.6,2.311,5.66898945,133.58622858,2330.0
Colombia,COL,2003,71.7769024390244,22.9,2.274,5.92269295,132.97824584,2340.0
Colombia,COL,2004,72.0249512195122,22.2,2.236,5.37077635,147.18106594,2580.0
Colombia,COL,2005,72.2639268292683,21.5,2.197,5.8158366,196.92570476,2920.0
Colombia,COL,2006,72.4914390243902,20.9,2.157,6.1117047,226.6878277,3430.0
Colombia,COL,2007,72.705512195122,20.3,2.118,6.25336641,292.29559253,4070.0
Colombia,COL,2008,72.9071707317073,19.7,2.08,6.61993597,359.70788439,4660.0
Colombia,COL,2009,73.0969512195122,19.1,2.044,7.01240715,361.02757176,5090.0
Colombia,COL,2010,73.2778536585366,18.5,2.01,6.75752454,422.38951589,5540.0
Colombia,COL,2011,73.4548048780488,18.0,1.978,6.63578902,479.6196164,6180.0
Colombia,COL,2012,73.6307804878049,17.4,1.948,6.93347013,546.70837744,7150.0
Colombia,COL,2013,73.8097317073171,16.9,1.922,6.8432,549.37060753,7760.0
Colombia,COL,2014,73.9931463414634,16.4,1.897,7.20129855,569.18529029,7970.0
Colombia,COL,2015,,15.9,,,,7130.0
Comoros,COM,1985,53.8191951219512,147.2,6.921,,,320.0
Comoros,COM,1986,54.4222926829268,142.2,6.842,,,360.0
Comoros,COM,1987,55.0093658536585,137.6,6.749,,,450.0
Comoros,COM,1988,55.5809268292683,133.2,6.644,,,550.0
Comoros,COM,1989,56.130512195122,129.1,6.531,,,540.0
Comoros,COM,1990,56.6536097560976,125.1,6.412,,,560.0
Comoros,COM,1991,57.1452195121951,121.2,6.291,,,550.0
Comoros,COM,1992,57.5993414634146,117.2,6.171,,,640.0
Comoros,COM,1993,58.0134634146342,113.6,6.053,,,630.0
Comoros,COM,1994,58.3825853658537,110.5,5.941,,,500.0
Comoros,COM,1995,58.6971707317073,107.8,5.835,4.61334969,22.30768219,490.0
Comoros,COM,1996,58.9471707317073,105.6,5.736,4.48025047,20.94772167,450.0
Comoros,COM,1997,59.1355853658537,104.0,5.642,4.49258244,18.81200518,460.0
Comoros,COM,1998,59.2709268292683,102.7,5.552,4.04421255,16.74611332,420.0
Comoros,COM,1999,59.3656829268293,101.8,5.466,3.8681088,16.12569591,410.0
Comoros,COM,2000,59.4389024390244,101.1,5.384,3.55560015,13.10718446,420.0
Comoros,COM,2001,59.5101463414634,100.8,5.307,2.85941954,11.20770359,400.0
Comoros,COM,2002,59.5989268292683,100.8,5.235,3.38792052,14.52705911,390.0
Comoros,COM,2003,59.7208048780488,100.4,5.167,3.64985651,19.66169374,450.0
Comoros,COM,2004,59.888756097561,99.4,5.103,3.95907616,24.13613917,540.0
Comoros,COM,2005,60.1097804878049,97.8,5.042,4.31649402,26.5404512,620.0
Comoros,COM,2006,60.3883170731707,95.7,4.984,4.57135897,29.29066293,650.0
Comoros,COM,2007,60.7123414634146,93.5,4.927,4.93045333,35.11074903,670.0
Comoros,COM,2008,61.0672926829268,91.2,4.87,5.13058242,40.33558805,720.0
Comoros,COM,2009,61.4441951219512,88.5,4.813,3.8159446,29.33445451,760.0
Comoros,COM,2010,61.830512195122,86.0,4.755,5.82480352,44.22559193,760.0
Comoros,COM,2011,62.212756097561,83.3,4.693,6.09705013,49.9263871,770.0
Comoros,COM,2012,62.5829756097561,80.9,4.628,7.10723668,55.30182126,770.0
Comoros,COM,2013,62.9321707317073,78.3,4.56,6.50938357,53.57380017,790.0
Comoros,COM,2014,63.2568536585366,75.9,4.49,6.74764314,56.76149624,790.0
Comoros,COM,2015,,73.5,,,,
"Congo, Dem. Rep.",ZAR,1985,47.652756097561,197.7,6.858,,,
"Congo, Dem. Rep.",ZAR,1986,47.9037073170732,195.3,6.907,,,
"Congo, Dem. Rep.",ZAR,1987,48.1701463414634,193.0,6.953,,,
"Congo, Dem. Rep.",ZAR,1988,48.4515853658537,190.8,6.994,,,
"Congo, Dem. Rep.",ZAR,1989,48.7370243902439,188.5,7.029,,,
"Congo, Dem. Rep.",ZAR,1990,48.9929756097561,186.5,7.058,,,
"Congo, Dem. Rep.",ZAR,1991,49.1749268292683,184.3,7.081,,,
"Congo, Dem. Rep.",ZAR,1992,49.2614146341463,182.3,7.099,,,
"Congo, Dem. Rep.",ZAR,1993,49.2534146341464,180.3,7.111,,,200.0
"Congo, Dem. Rep.",ZAR,1994,49.1724146341463,178.3,7.119,,,160.0
"Congo, Dem. Rep.",ZAR,1995,49.0659268292683,176.4,7.122,3.2506534,4.34881291,140.0
"Congo, Dem. Rep.",ZAR,1996,48.9969512195122,174.1,7.12,3.03382391,4.03214264,130.0
"Congo, Dem. Rep.",ZAR,1997,49.0244634146342,171.5,7.112,3.6186459,4.94645714,120.0
"Congo, Dem. Rep.",ZAR,1998,49.1924390243903,168.4,7.099,4.26378754,5.80572862,120.0
"Congo, Dem. Rep.",ZAR,1999,49.5174146341463,164.9,7.079,3.80431781,10.48020021,100.0
"Congo, Dem. Rep.",ZAR,2000,50.0028780487805,161.0,7.053,1.44624365,18.15912266,130.0
"Congo, Dem. Rep.",ZAR,2001,50.6293414634146,156.8,7.018,2.66685774,5.82115672,140.0
"Congo, Dem. Rep.",ZAR,2002,51.3468048780488,152.4,6.975,2.5871639,4.4301042,190.0
"Congo, Dem. Rep.",ZAR,2003,52.1067804878049,147.8,6.924,3.20376686,5.44347433,160.0
"Congo, Dem. Rep.",ZAR,2004,52.8792682926829,143.2,6.865,3.33995801,6.33218184,190.0
"Congo, Dem. Rep.",ZAR,2005,53.6382926829268,138.4,6.799,3.14461623,6.70779502,200.0
"Congo, Dem. Rep.",ZAR,2006,54.3678292682927,133.5,6.725,3.38568114,8.35595561,220.0
"Congo, Dem. Rep.",ZAR,2007,55.0644146341463,128.9,6.646,3.61073821,9.87487932,250.0
"Congo, Dem. Rep.",ZAR,2008,55.724,124.5,6.563,4.45778277,13.85171454,270.0
"Congo, Dem. Rep.",ZAR,2009,56.3370731707317,120.1,6.476,5.6131874,16.05641988,290.0
"Congo, Dem. Rep.",ZAR,2010,56.8961463414634,116.1,6.386,4.04297925,12.58368712,300.0
"Congo, Dem. Rep.",ZAR,2011,57.3986341463415,112.2,6.294,3.53486147,12.38158278,310.0
"Congo, Dem. Rep.",ZAR,2012,57.8540731707317,108.5,6.199,3.7652661,14.71114279,350.0
"Congo, Dem. Rep.",ZAR,2013,58.2719268292683,104.8,6.103,3.88677527,16.07942622,370.0
"Congo, Dem. Rep.",ZAR,2014,58.6591951219512,101.7,6.006,4.32823361,19.0536902,400.0
"Congo, Dem. Rep.",ZAR,2015,,98.3,,,,410.0
"Congo, Rep.",COG,1985,56.4878536585366,97.5,5.773,,,980.0
"Congo, Rep.",COG,1986,56.348512195122,95.3,5.681,,,970.0
"Congo, Rep.",COG,1987,56.1267073170732,93.7,5.59,,,1040.0
"Congo, Rep.",COG,1988,55.8294634146342,92.8,5.503,,,920.0
"Congo, Rep.",COG,1989,55.4638536585366,92.8,5.422,,,930.0
"Congo, Rep.",COG,1990,55.0289756097561,93.6,5.349,,,920.0
"Congo, Rep.",COG,1991,54.5223902439025,95.2,5.286,,,950.0
"Congo, Rep.",COG,1992,53.9591219512195,97.4,5.235,,,1050.0
"Congo, Rep.",COG,1993,53.3626585365854,100.2,5.194,,,790.0
"Congo, Rep.",COG,1994,52.7639268292683,103.8,5.163,,,680.0
"Congo, Rep.",COG,1995,52.1888536585366,107.7,5.142,3.16306069,24.59524883,430.0
"Congo, Rep.",COG,1996,51.6598292682927,111.9,5.128,2.86291491,26.01592719,470.0
"Congo, Rep.",COG,1997,51.2021951219512,116.0,5.121,3.09868108,25.04618095,590.0
"Congo, Rep.",COG,1998,50.8473658536585,119.3,5.116,3.73837716,24.67954425,580.0
"Congo, Rep.",COG,1999,50.6282682926829,121.4,5.113,3.06500203,23.79554978,490.0
"Congo, Rep.",COG,2000,50.5898780487805,121.6,5.109,2.12504959,22.00668395,570.0
"Congo, Rep.",COG,2001,50.7731951219512,119.7,5.105,2.43633674,21.3819341,640.0
"Congo, Rep.",COG,2002,51.1792926829268,115.6,5.101,2.45276459,22.74373961,680.0
"Congo, Rep.",COG,2003,51.7942195121951,109.8,5.096,2.61050747,27.392514,710.0
"Congo, Rep.",COG,2004,52.598,102.9,5.089,2.55529589,34.80821201,790.0
"Congo, Rep.",COG,2005,53.5615365853659,95.3,5.081,2.42171832,42.08005738,980.0
"Congo, Rep.",COG,2006,54.6478292682927,87.4,5.072,2.3727083,50.8906731,1230.0
"Congo, Rep.",COG,2007,55.8013170731707,79.9,5.063,2.53770363,57.33356376,1410.0
"Congo, Rep.",COG,2008,56.9650731707317,72.6,5.052,2.08514176,64.51657847,1870.0
"Congo, Rep.",COG,2009,58.0936341463415,66.1,5.038,2.26558576,55.01432043,1980.0
"Congo, Rep.",COG,2010,59.1431219512195,60.6,5.02,2.29284845,67.71205555,2230.0
"Congo, Rep.",COG,2011,60.0851707317073,56.1,4.994,2.79015169,96.35010667,2230.0
"Congo, Rep.",COG,2012,60.9239024390244,52.6,4.961,3.97634646,126.89174115,2510.0
"Congo, Rep.",COG,2013,61.6663902439024,49.6,4.919,5.09464112,163.30655726,2620.0
"Congo, Rep.",COG,2014,62.3111463414634,47.1,4.869,5.15141136,161.63860055,2720.0
"Congo, Rep.",COG,2015,,45.0,,,,2540.0
Costa Rica,CRI,1985,74.4734390243902,21.6,3.411,,,1560.0
Costa Rica,CRI,1986,74.7760487804878,20.5,3.371,,,1820.0
Costa Rica,CRI,1987,75.0353902439025,19.3,3.328,,,2070.0
Costa Rica,CRI,1988,75.2628780487805,18.3,3.281,,,2190.0
Costa Rica,CRI,1989,75.4684878048781,17.5,3.229,,,2210.0
Costa Rica,CRI,1990,75.6586829268293,16.9,3.172,,,2320.0
Costa Rica,CRI,1991,75.8419268292683,16.5,3.11,,,2330.0
Costa Rica,CRI,1992,76.0202195121951,16.1,3.044,,,2580.0
Costa Rica,CRI,1993,76.1975365853659,15.8,2.973,,,2760.0
Costa Rica,CRI,1994,76.3763414634146,15.5,2.899,,,3010.0
Costa Rica,CRI,1995,76.5586097560976,15.2,2.821,6.51231532,217.31470316,3220.0
Costa Rica,CRI,1996,76.7418048780488,15.0,2.737,6.65078699,219.01734896,3270.0
Costa Rica,CRI,1997,76.9224146341463,14.8,2.649,6.35054774,221.22721208,3390.0
Costa Rica,CRI,1998,77.0969268292683,14.4,2.557,7.13212144,266.92396987,3480.0
Costa Rica,CRI,1999,77.2643658536585,13.8,2.463,6.83088785,280.35987558,3470.0
Costa Rica,CRI,2000,77.4226829268293,13.0,2.373,7.12411021,289.40743982,3710.0
Costa Rica,CRI,2001,77.5708780487805,12.2,2.29,7.24688126,297.42460638,3880.0
Costa Rica,CRI,2002,77.7094634146341,11.6,2.216,8.22565685,339.93382505,3970.0
Costa Rica,CRI,2003,77.8404634146341,11.0,2.155,8.44923734,358.11814317,4200.0
Costa Rica,CRI,2004,77.9653658536586,10.7,2.105,7.79839004,346.17740007,4570.0
Costa Rica,CRI,2005,78.0866585365854,10.4,2.065,7.73973795,364.01246433,4890.0
Costa Rica,CRI,2006,78.2078048780488,10.3,2.034,7.8231858,409.92954195,5310.0
Costa Rica,CRI,2007,78.3303170731707,10.3,2.006,8.36985934,524.55106399,5640.0
Costa Rica,CRI,2008,78.4577317073171,10.3,1.979,9.00515369,606.60224048,6270.0
Costa Rica,CRI,2009,78.5926097560976,10.2,1.951,9.68658882,634.13887921,6300.0
Costa Rica,CRI,2010,78.7360487804878,10.2,1.922,9.65747228,771.24097407,7100.0
Costa Rica,CRI,2011,78.8901707317073,10.1,1.893,9.72939981,872.11226017,7980.0
Costa Rica,CRI,2012,79.0535365853659,10.1,1.866,9.55968402,930.48199733,9140.0
Costa Rica,CRI,2013,79.2252195121951,10.0,1.841,9.4665247,990.34772764,9850.0
Costa Rica,CRI,2014,79.4027073170732,9.9,1.819,9.31311229,970.00203198,10120.0
Costa Rica,CRI,2015,,9.7,,,,10210.0
Cote d'Ivoire,CIV,1985,52.5941219512195,154.2,7.078,,,620.0
Cote d'Ivoire,CIV,1986,52.7916829268293,153.3,6.984,,,720.0
Cote d'Ivoire,CIV,1987,52.9041707317073,152.8,6.892,,,800.0
Cote d'Ivoire,CIV,1988,52.9181951219512,152.5,6.801,,,890.0
Cote d'Ivoire,CIV,1989,52.8274390243903,152.5,6.71,,,810.0
Cote d'Ivoire,CIV,1990,52.6069268292683,152.6,6.622,,,760.0
Cote d'Ivoire,CIV,1991,52.2327317073171,152.7,6.536,,,740.0
Cote d'Ivoire,CIV,1992,51.7116097560976,152.7,6.454,,,760.0
Cote d'Ivoire,CIV,1993,51.067512195122,152.8,6.374,,,740.0
Cote d'Ivoire,CIV,1994,50.3360975609756,152.9,6.298,,,670.0
Cote d'Ivoire,CIV,1995,49.5606585365854,152.7,6.224,6.36900793,48.63813073,690.0
Cote d'Ivoire,CIV,1996,48.790243902439,152.2,6.152,6.74057936,55.09319182,710.0
Cote d'Ivoire,CIV,1997,48.0750487804878,151.3,6.08,7.06619884,54.150682,760.0
Cote d'Ivoire,CIV,1998,47.463512195122,149.8,6.008,7.29820334,58.52134326,750.0
Cote d'Ivoire,CIV,1999,46.9925609756098,147.9,5.935,6.52167773,50.0169346,730.0
Cote d'Ivoire,CIV,2000,46.6993902439024,145.6,5.861,6.00117587,38.93627735,640.0
Cote d'Ivoire,CIV,2001,46.6076097560976,142.8,5.788,4.84648676,32.16328939,590.0
Cote d'Ivoire,CIV,2002,46.6955853658537,139.7,5.716,4.46676932,32.0916423,570.0
Cote d'Ivoire,CIV,2003,46.9329756097561,136.3,5.645,4.65208666,40.70976225,620.0
Cote d'Ivoire,CIV,2004,47.2965365853659,132.7,5.577,5.23740268,48.70226189,780.0
Cote d'Ivoire,CIV,2005,47.7518536585366,128.8,5.512,5.3896073,50.78175921,940.0
Cote d'Ivoire,CIV,2006,48.258756097561,125.1,5.45,5.87099688,56.53290777,950.0
Cote d'Ivoire,CIV,2007,48.7788292682927,121.1,5.392,6.34588449,68.44300006,980.0
Cote d'Ivoire,CIV,2008,49.2797804878049,116.5,5.337,6.20550231,78.04509303,1090.0
Cote d'Ivoire,CIV,2009,49.7404878048781,112.7,5.283,6.41352727,79.09834668,1180.0
Cote d'Ivoire,CIV,2010,50.1514634146342,109.1,5.231,6.32384065,78.1680569,1210.0
Cote d'Ivoire,CIV,2011,50.5172195121951,105.9,5.177,6.42052546,79.09238797,1150.0
Cote d'Ivoire,CIV,2012,50.8633414634146,102.5,5.121,6.14322312,78.7182038,1260.0
Cote d'Ivoire,CIV,2013,51.2084634146342,99.0,5.063,5.80954361,84.07703434,1360.0
Cote d'Ivoire,CIV,2014,51.5595853658537,95.5,5.001,5.71627357,88.37029761,1450.0
Cote d'Ivoire,CIV,2015,,92.6,,,,1410.0
Croatia,HRV,1985,70.8860975609756,18.0,1.82,,,
Croatia,HRV,1986,71.4190243902439,17.0,1.76,,,
Croatia,HRV,1987,71.470243902439,15.8,1.64,,,
Croatia,HRV,1988,71.4882926829268,14.8,1.79,,,
Croatia,HRV,1989,71.8446341463415,13.8,1.63,,,
Croatia,HRV,1990,72.1704878048781,12.9,1.63,,,
Croatia,HRV,1991,72.1853658536586,12.1,1.53,,,
Croatia,HRV,1992,71.2414634146342,11.4,1.48,,,
Croatia,HRV,1993,71.5224390243903,10.9,1.52,,,
Croatia,HRV,1994,71.8034146341464,10.4,1.47,,,
Croatia,HRV,1995,72.0843902439024,10.0,1.58,6.74396895,324.13283717,
Croatia,HRV,1996,72.3653658536585,9.6,1.67,7.00520024,362.08093444,
Croatia,HRV,1997,72.4951219512195,9.3,1.69,5.7929835,304.43615845,5470.0
Croatia,HRV,1998,72.3170731707317,8.9,1.45,6.58691214,369.31070867,5440.0
Croatia,HRV,1999,72.6419512195122,8.6,1.38,7.24325614,374.15184891,5110.0
Croatia,HRV,2000,72.8078048780488,8.3,1.39,7.66469802,371.22439979,5290.0
Croatia,HRV,2001,74.5129268292683,8.0,1.46,7.16206455,387.77313992,5190.0
Croatia,HRV,2002,74.7173170731707,7.7,1.42,6.19018539,388.07505012,5470.0
Croatia,HRV,2003,74.6139024390244,7.4,1.41,6.34665765,512.01735269,6490.0
Croatia,HRV,2004,75.520243902439,7.1,1.43,6.55583737,633.90256005,8270.0
Croatia,HRV,2005,75.2446341463415,6.8,1.5,6.89409977,726.52282975,9870.0
Croatia,HRV,2006,75.8368292682927,6.5,1.47,6.95312104,813.87325024,10990.0
Croatia,HRV,2007,75.7056097560976,6.2,1.48,7.44334788,1038.92389106,12350.0
Croatia,HRV,2008,75.9121951219512,5.9,1.55,7.7045206,1265.14237914,13970.0
Croatia,HRV,2009,76.1682926829268,5.6,1.58,8.17701771,1193.48703926,13810.0
Croatia,HRV,2010,76.4756097560976,5.4,1.55,8.24785313,1143.85123514,13750.0
Croatia,HRV,2011,76.7756097560976,5.1,1.48,7.79909419,1131.66741907,14050.0
Croatia,HRV,2012,76.9243902439024,4.9,1.51,7.79722563,1029.52105326,13460.0
Croatia,HRV,2013,77.1268292682927,4.7,1.46,7.82827445,1060.83388217,13470.0
Croatia,HRV,2014,77.3292682926829,4.5,1.46,7.80324176,1050.33439069,13000.0
Croatia,HRV,2015,,4.3,,,,12690.0
Cuba,CUB,1985,74.5289268292683,18.5,1.837,,,2310.0
Cuba,CUB,1986,74.5815365853659,17.5,1.836,,,2390.0
Cuba,CUB,1987,74.6077073170732,16.3,1.826,,,2490.0
Cuba,CUB,1988,74.6180487804878,15.2,1.809,,,2780.0
Cuba,CUB,1989,74.6230975609756,14.2,1.782,,,2750.0
Cuba,CUB,1990,74.6438048780488,13.3,1.75,,,2660.0
Cuba,CUB,1991,74.7005609756098,12.4,1.714,,,2340.0
Cuba,CUB,1992,74.8032926829268,11.6,1.682,,,2130.0
Cuba,CUB,1993,74.9589268292683,11.1,1.657,,,1870.0
Cuba,CUB,1994,75.1639756097561,11.0,1.641,,,2140.0
Cuba,CUB,1995,75.409,10.8,1.634,5.15194347,111.84480168,2550.0
Cuba,CUB,1996,75.6756341463415,10.5,1.633,5.2563626,119.35522402,2700.0
Cuba,CUB,1997,75.9419756097561,10.0,1.635,5.49944414,126.06320077,2500.0
Cuba,CUB,1998,76.1930731707317,9.4,1.638,5.76999293,133.58504294,2240.0
Cuba,CUB,1999,76.4258780487805,8.8,1.641,6.00381452,152.59868937,2400.0
Cuba,CUB,2000,76.6448048780488,8.4,1.642,6.0657218,166.33471497,2620.0
Cuba,CUB,2001,76.8652195121951,8.0,1.641,6.27017609,177.87515781,2760.0
Cuba,CUB,2002,77.1024634146341,7.7,1.64,6.49530818,194.79661441,2820.0
Cuba,CUB,2003,77.3639512195122,7.4,1.639,6.31477793,201.87709816,3100.0
Cuba,CUB,2004,77.6446829268293,7.1,1.638,6.13763913,208.58352682,3490.0
Cuba,CUB,2005,77.9321463414634,6.8,1.637,9.39424353,356.29413543,3960.0
Cuba,CUB,2006,78.2059512195122,6.6,1.636,7.67119625,359.99199217,4520.0
Cuba,CUB,2007,78.4491951219512,6.4,1.636,10.41968483,586.90985509,4980.0
Cuba,CUB,2008,78.6505121951219,6.3,1.636,10.79330726,584.09946512,5430.0
Cuba,CUB,2009,78.8109756097561,6.2,1.636,11.78167488,650.55236333,5490.0
Cuba,CUB,2010,78.9356341463415,6.1,1.635,10.19428176,583.37188201,5570.0
Cuba,CUB,2011,79.039512195122,6.0,1.632,10.59691898,645.6289845,5880.0
Cuba,CUB,2012,79.1416097560976,5.8,1.628,8.59069933,554.72138695,
Cuba,CUB,2013,79.2563902439025,5.7,1.622,9.48202921,656.70273142,
Cuba,CUB,2014,79.3908292682927,5.6,1.615,11.05880043,816.62353691,
Cuba,CUB,2015,,5.5,,,,
Curacao,CUW,1985,,,,,,
Curacao,CUW,1986,,,,,,
Curacao,CUW,1987,,,,,,
Curacao,CUW,1988,,,,,,
Curacao,CUW,1989,,,,,,
Curacao,CUW,1990,,,,,,
Curacao,CUW,1991,,,,,,
Curacao,CUW,1992,,,,,,
Curacao,CUW,1993,,,,,,
Curacao,CUW,1994,,,,,,
Curacao,CUW,1995,,,,,,
Curacao,CUW,1996,,,,,,
Curacao,CUW,1997,,,,,,
Curacao,CUW,1998,,,,,,
Curacao,CUW,1999,,,,,,
Curacao,CUW,2000,,,,,,
Curacao,CUW,2001,,,,,,
Curacao,CUW,2002,,,,,,
Curacao,CUW,2003,,,,,,
Curacao,CUW,2004,,,,,,
Curacao,CUW,2005,,,,,,
Curacao,CUW,2006,74.709756097561,,2.1,,,
Curacao,CUW,2007,75.3634146341464,,2.0,,,
Curacao,CUW,2008,75.309756097561,,2.2,,,
Curacao,CUW,2009,76.1560975609756,,2.1,,,
Curacao,CUW,2010,,,2.2,,,
Curacao,CUW,2011,77.4731707317073,,2.1,,,
Curacao,CUW,2012,,,2.2,,,
Curacao,CUW,2013,,,2.1,,,
Curacao,CUW,2014,77.8243902439025,,2.0,,,
Curacao,CUW,2015,,,,,,
Cyprus,CYP,1985,75.6827073170732,13.5,2.458,,,4480.0
Cyprus,CYP,1986,75.8561707317073,12.5,2.456,,,5090.0
Cyprus,CYP,1987,76.0251219512195,11.9,2.45,,,6450.0
Cyprus,CYP,1988,76.1910731707317,11.5,2.442,,,8090.0
Cyprus,CYP,1989,76.3540243902439,11.3,2.43,,,8770.0
Cyprus,CYP,1990,76.5139512195122,11.1,2.411,,,9510.0
Cyprus,CYP,1991,76.6713902439025,10.8,2.381,,,9670.0
Cyprus,CYP,1992,76.8263170731707,10.5,2.337,,,11230.0
Cyprus,CYP,1993,76.9782682926829,10.1,2.278,,,11190.0
Cyprus,CYP,1994,77.1277073170732,9.6,2.206,,,11900.0
Cyprus,CYP,1995,77.2746585365854,9.0,2.124,4.73555051,680.67311224,12610.0
Cyprus,CYP,1996,77.4190975609756,8.5,2.035,5.20546815,744.08794503,13790.0
Cyprus,CYP,1997,77.5610243902439,8.0,1.945,5.53045023,728.26972217,14230.0
Cyprus,CYP,1998,77.7009268292683,7.5,1.86,5.58342922,775.91212405,15330.0
Cyprus,CYP,1999,77.8378048780488,7.0,1.781,5.59747051,787.90673957,14200.0
Cyprus,CYP,2000,77.9716829268293,6.6,1.714,5.76878621,753.35384428,14070.0
Cyprus,CYP,2001,78.1005609756098,6.1,1.658,5.78263528,783.70599554,14040.0
Cyprus,CYP,2002,78.2239512195122,5.8,1.613,6.1236131,894.65963822,14340.0
Cyprus,CYP,2003,78.3458536585366,5.4,1.577,6.83046446,1260.40628788,16580.0
Cyprus,CYP,2004,78.465756097561,5.1,1.549,6.41800628,1384.66595844,20030.0
Cyprus,CYP,2005,78.5896097560976,4.8,1.529,6.3690867,1448.75450071,23580.0
Cyprus,CYP,2006,78.7228780487805,4.6,1.514,6.27810151,1529.20501126,25740.0
Cyprus,CYP,2007,78.868512195122,4.3,1.504,6.05253416,1734.48164308,28450.0
Cyprus,CYP,2008,79.0275365853659,4.1,1.496,6.89217292,2241.26539227,31330.0
Cyprus,CYP,2009,79.199487804878,3.8,1.489,7.40220132,2185.84204145,32050.0
Cyprus,CYP,2010,79.3819512195122,3.6,1.481,7.2339653,2038.20278592,30910.0
Cyprus,CYP,2011,79.571512195122,3.4,1.473,7.53731961,2235.66938582,31220.0
Cyprus,CYP,2012,79.7622682926829,3.2,1.464,7.43887767,1964.81533761,28800.0
Cyprus,CYP,2013,79.9497804878049,3.0,1.455,7.45866684,1889.86788875,27280.0
Cyprus,CYP,2014,80.1315609756098,2.9,1.446,7.36761162,1819.11299603,26510.0
Cyprus,CYP,2015,,2.7,,,,25930.0
Czech Republic,CZE,1985,71.0463414634146,17.0,1.95,,,
Czech Republic,CZE,1986,70.9973170731707,16.6,1.92,,,
Czech Republic,CZE,1987,71.4456097560976,16.1,1.91,,,
Czech Republic,CZE,1988,71.6414634146342,15.6,1.94,,,
Czech Republic,CZE,1989,71.6756097560976,15.1,1.87,,,
Czech Republic,CZE,1990,71.3839024390244,14.6,1.9,,,
Czech Republic,CZE,1991,71.8982926829268,13.9,1.86,,,
Czech Republic,CZE,1992,72.2717073170732,13.2,1.71,,,3330.0
Czech Republic,CZE,1993,72.7678048780488,12.3,1.67,,,3470.0
Czech Republic,CZE,1994,72.9726829268293,11.2,1.44,,,4130.0
Czech Republic,CZE,1995,73.0748780487805,10.2,1.28,6.6939823,374.3513158,5090.0
Czech Republic,CZE,1996,73.7146341463415,9.2,1.18,6.4112513,403.11960887,5930.0
Czech Republic,CZE,1997,73.8248780487805,8.4,1.17,6.40105384,369.22528643,6110.0
Czech Republic,CZE,1998,74.5146341463415,7.6,1.16,6.41802925,397.97682443,6060.0
Czech Republic,CZE,1999,74.6682926829268,7.1,1.13,6.34893158,383.60055934,6070.0
Czech Republic,CZE,2000,74.9682926829268,6.6,1.15,6.31376242,361.22501663,6320.0
Czech Republic,CZE,2001,75.1731707317073,6.2,1.15,6.42218784,404.05997371,6320.0
Czech Republic,CZE,2002,75.2219512195122,6.0,1.17,6.79738309,522.58358759,6620.0
Czech Republic,CZE,2003,75.1707317073171,5.7,1.18,7.13181689,666.80620983,8060.0
Czech Republic,CZE,2004,75.7219512195122,5.5,1.23,6.90346859,771.78306605,10210.0
Czech Republic,CZE,2005,75.9243902439025,5.2,1.29,6.93394326,884.36359664,12380.0
Czech Republic,CZE,2006,76.5243902439024,5.0,1.34,6.69370303,971.50672415,13920.0
Czech Republic,CZE,2007,76.7243902439025,4.7,1.45,6.522339,1147.98211913,15740.0
Czech Republic,CZE,2008,76.9756097560976,4.5,1.51,6.81889577,1486.18278529,18300.0
Czech Republic,CZE,2009,77.0780487804878,4.3,1.51,7.84539515,1483.94367422,18650.0
Czech Republic,CZE,2010,77.4243902439025,4.1,1.51,7.4318989,1410.03658939,19210.0
Czech Republic,CZE,2011,77.8731707317073,3.9,1.43,7.50106056,1545.57474709,19400.0
Czech Republic,CZE,2012,78.0756097560976,3.8,1.45,7.54794135,1411.4846676,19270.0
Czech Republic,CZE,2013,78.1756097560976,3.7,1.46,7.48649513,1412.7926857,19170.0
Czech Republic,CZE,2014,78.2756097560976,3.5,1.46,7.41091154,1378.52120249,18690.0
Czech Republic,CZE,2015,,3.4,,,,18050.0
Denmark,DNK,1985,74.4275609756098,9.7,1.45,,,11940.0
Denmark,DNK,1986,74.579756097561,9.7,1.48,,,14140.0
Denmark,DNK,1987,74.6912195121951,9.7,1.5,,,17870.0
Denmark,DNK,1988,74.7717073170732,9.6,1.56,,,22300.0
Denmark,DNK,1989,74.799756097561,9.3,1.62,,,23240.0
Denmark,DNK,1990,74.8053658536585,8.9,1.67,,,24530.0
Denmark,DNK,1991,75.1578048780488,8.4,1.68,,,25720.0
Denmark,DNK,1992,75.1941463414634,7.9,1.76,,,28930.0
Denmark,DNK,1993,75.1168292682927,7.4,1.75,,,28780.0
Denmark,DNK,1994,75.3751219512195,6.9,1.81,,,30600.0
Denmark,DNK,1995,75.2126829268293,6.5,1.8,8.12529118,2835.43207919,32830.0
Denmark,DNK,1996,75.5914634146342,6.2,1.75,8.21149933,2884.21731196,35040.0
Denmark,DNK,1997,75.9451219512195,6.0,1.75,8.15091135,2633.57875753,35320.0
Denmark,DNK,1998,76.1390243902439,5.8,1.72,8.15613412,2675.35325058,33580.0
Denmark,DNK,1999,76.3414634146341,5.7,1.73,8.95363968,2931.35550756,33130.0
Denmark,DNK,2000,76.5926829268293,5.6,1.77,8.69908954,2612.69268618,32660.0
Denmark,DNK,2001,76.7926829268293,5.5,1.74,9.10017962,2730.15225094,31440.0
Denmark,DNK,2002,76.8951219512195,5.4,1.72,9.33288751,3023.11507429,30870.0
Denmark,DNK,2003,77.1439024390244,5.3,1.76,9.50939145,3756.10944088,34850.0
Denmark,DNK,2004,77.4926829268293,5.1,1.78,9.67486939,4387.0878451,42760.0
Denmark,DNK,2005,77.8439024390244,4.9,1.8,9.7699606,4652.52225738,49620.0
Denmark,DNK,2006,78.0951219512195,4.7,1.85,9.92431629,5017.51049449,53520.0
Denmark,DNK,2007,78.1951219512195,4.5,1.84,9.98729401,5709.96740193,55700.0
Denmark,DNK,2008,78.4463414634146,4.3,1.89,10.18303034,6395.89846014,60260.0
Denmark,DNK,2009,78.5975609756098,4.2,1.84,11.47219769,6464.58133216,59840.0
Denmark,DNK,2010,79.1,4.0,1.87,11.08183797,6266.80800969,60820.0
Denmark,DNK,2011,79.8,3.9,1.75,10.86554541,6522.13492256,61490.0
Denmark,DNK,2012,80.0512195121951,3.8,1.73,10.9838191,6203.77410189,60580.0
Denmark,DNK,2013,80.3,3.7,1.67,11.24700751,6637.65553157,61770.0
Denmark,DNK,2014,80.5487804878049,3.6,1.67,10.80495696,6463.24321801,61950.0
Denmark,DNK,2015,,3.5,,,,58590.0
Djibouti,DJI,1985,55.4727317073171,135.3,6.218,,,
Djibouti,DJI,1986,55.7567317073171,131.7,6.205,,,
Djibouti,DJI,1987,56.0166585365854,128.3,6.193,,,
Djibouti,DJI,1988,56.2559268292683,125.1,6.174,,,
Djibouti,DJI,1989,56.4736097560976,122.0,6.142,,,
Djibouti,DJI,1990,56.6631707317073,119.4,6.087,,,
Djibouti,DJI,1991,56.8161463414634,117.0,6.0,,,
Djibouti,DJI,1992,56.9295853658537,115.0,5.879,,,800.0
Djibouti,DJI,1993,57.0035853658537,113.2,5.727,,,770.0
Djibouti,DJI,1994,57.0436585365854,111.5,5.549,,,770.0
Djibouti,DJI,1995,57.0534146341464,110.2,5.352,3.95089843,30.45794934,770.0
Djibouti,DJI,1996,57.0384146341463,108.5,5.15,3.97202354,29.29275417,750.0
Djibouti,DJI,1997,57.0111951219512,106.8,4.953,4.598152,32.9384714,740.0
Djibouti,DJI,1998,56.9877317073171,104.9,4.772,5.45433438,38.88120402,720.0
Djibouti,DJI,1999,56.9814634146342,102.9,4.611,6.21829622,46.90785061,740.0
Djibouti,DJI,2000,57.0103414634146,100.8,4.472,5.75373964,44.26610626,760.0
Djibouti,DJI,2001,57.088243902439,98.4,4.353,5.37254273,42.26491946,780.0
Djibouti,DJI,2002,57.2205609756098,96.0,4.244,5.44853384,43.57429979,800.0
Djibouti,DJI,2003,57.4112195121951,93.5,4.14,6.2210856,51.59655053,890.0
Djibouti,DJI,2004,57.6636341463415,91.0,4.038,6.7637107,58.70000454,980.0
Djibouti,DJI,2005,57.9842926829268,88.5,3.938,7.21478463,65.68084109,1030.0
Djibouti,DJI,2006,58.3766829268293,86.0,3.839,7.05121762,68.69802908,
Djibouti,DJI,2007,58.8293414634146,83.5,3.744,7.72082465,81.90366465,
Djibouti,DJI,2008,59.3238780487805,81.0,3.653,8.04957964,97.6853806,
Djibouti,DJI,2009,59.8428048780488,78.5,3.567,8.37116146,107.10088611,
Djibouti,DJI,2010,60.3606829268293,76.1,3.484,8.84146484,120.10781217,
Djibouti,DJI,2011,60.8505609756098,73.9,3.406,8.71121911,128.23038769,
Djibouti,DJI,2012,61.2959756097561,71.7,3.332,8.94711732,141.97108572,
Djibouti,DJI,2013,61.6864634146342,69.5,3.262,9.13982602,153.96072227,
Djibouti,DJI,2014,62.015512195122,67.4,3.195,10.56825612,190.76010741,
Djibouti,DJI,2015,,65.3,,,,
Dominica,DMA,1985,,17.0,,,,1170.0
Dominica,DMA,1986,,17.0,,,,1460.0
Dominica,DMA,1987,71.9634146341463,17.0,3.0,,,1750.0
Dominica,DMA,1988,,17.0,,,,2090.0
Dominica,DMA,1989,,17.1,,,,2100.0
Dominica,DMA,1990,,17.1,,,,2300.0
Dominica,DMA,1991,,17.1,,,,2390.0
Dominica,DMA,1992,73.9512195121951,17.0,2.5,,,2590.0
Dominica,DMA,1993,,16.9,,,,2750.0
Dominica,DMA,1994,,16.7,,,,2830.0
Dominica,DMA,1995,,16.5,,5.85107017,183.67822649,2980.0
Dominica,DMA,1996,,16.3,,5.86916299,195.05396742,3080.0
Dominica,DMA,1997,75.9512195121951,16.0,1.9,5.99052114,208.08965088,3190.0
Dominica,DMA,1998,,15.8,,5.7401763,211.03853568,3360.0
Dominica,DMA,1999,,15.5,,5.7772693,221.28270069,3340.0
Dominica,DMA,2000,,15.3,,4.67680993,225.4175594,3600.0
Dominica,DMA,2001,,15.2,,4.61495217,227.31545403,4150.0
Dominica,DMA,2002,76.5975609756098,15.1,1.9,4.71101985,227.9018004,4360.0
Dominica,DMA,2003,,15.1,1.9,4.58840093,229.2898541,4810.0
Dominica,DMA,2004,,15.3,,4.31835019,230.13074543,5080.0
Dominica,DMA,2005,,15.6,,4.5907974,241.03304432,5140.0
Dominica,DMA,2006,,16.0,,4.54040177,255.49170954,5480.0
Dominica,DMA,2007,,16.5,,4.66781159,282.78444624,5760.0
Dominica,DMA,2008,,17.1,,4.54347143,300.55772779,6330.0
Dominica,DMA,2009,,17.9,,5.259277,369.57459155,6510.0
Dominica,DMA,2010,,18.8,,5.71976867,396.19965137,6700.0
Dominica,DMA,2011,,19.6,,5.63311849,401.18554349,6890.0
Dominica,DMA,2012,,20.4,,5.35510714,384.58372604,6780.0
Dominica,DMA,2013,,21.0,,5.58003918,400.39166605,6710.0
Dominica,DMA,2014,,21.2,,5.48583257,407.8128301,6960.0
Dominica,DMA,2015,,21.2,,,,6760.0
Dominican Republic,DOM,1985,65.2725365853659,72.7,3.878,,,1040.0
Dominican Republic,DOM,1986,65.7957804878049,70.1,3.783,,,1000.0
Dominican Republic,DOM,1987,66.3389268292683,67.5,3.694,,,930.0
Dominican Republic,DOM,1988,66.8885609756098,65.0,3.612,,,910.0
Dominican Republic,DOM,1989,67.4327073170732,62.6,3.537,,,900.0
Dominican Republic,DOM,1990,67.9504146341463,60.2,3.465,,,870.0
Dominican Republic,DOM,1991,68.4222195121951,57.9,3.397,,,1030.0
Dominican Republic,DOM,1992,68.8371219512195,55.6,3.329,,,1320.0
Dominican Republic,DOM,1993,69.1906341463415,53.4,3.262,,,1580.0
Dominican Republic,DOM,1994,69.4832682926829,51.2,3.195,,,1700.0
Dominican Republic,DOM,1995,69.720512195122,49.2,3.13,5.2103532,102.45561893,1910.0
Dominican Republic,DOM,1996,69.9163414634147,47.3,3.069,5.01460052,106.02215328,2140.0
Dominican Republic,DOM,1997,70.0917317073171,45.5,3.014,5.26953146,124.17457287,2300.0
Dominican Republic,DOM,1998,70.2636585365854,43.9,2.966,5.44041106,133.70768367,2380.0
Dominican Republic,DOM,1999,70.4421463414634,42.5,2.926,5.66399715,144.06574339,2470.0
Dominican Republic,DOM,2000,70.6337317073171,41.3,2.892,5.90216851,163.05457265,2630.0
Dominican Republic,DOM,2001,70.8389268292683,40.1,2.862,5.59412454,157.66601046,2650.0
Dominican Republic,DOM,2002,71.0518048780488,39.1,2.835,5.78862837,163.27753813,2810.0
Dominican Republic,DOM,2003,71.2668292682927,38.3,2.807,5.53403296,123.69581188,2590.0
Dominican Republic,DOM,2004,71.4835365853659,37.5,2.779,4.28073586,101.54194018,2480.0
Dominican Republic,DOM,2005,71.7003902439024,36.8,2.749,4.26151651,154.22558011,2910.0
Dominican Republic,DOM,2006,71.9168292682927,36.1,2.718,4.34435286,165.86643201,3470.0
Dominican Republic,DOM,2007,72.1313170731707,35.5,2.687,4.34354051,199.64652489,4260.0
Dominican Republic,DOM,2008,72.3423170731707,34.9,2.656,4.19632994,206.94732321,4610.0
Dominican Republic,DOM,2009,72.5483170731707,34.3,2.627,4.41085261,216.25442839,4830.0
Dominican Republic,DOM,2010,72.7498048780488,33.8,2.597,4.06246968,217.70644418,5280.0
Dominican Republic,DOM,2011,72.9452926829268,33.3,2.568,4.21893383,244.14572173,5420.0
Dominican Republic,DOM,2012,73.1353170731707,32.7,2.539,4.26412797,253.79529697,5660.0
Dominican Republic,DOM,2013,73.3199024390244,32.2,2.51,4.11902833,245.17786209,5840.0
Dominican Republic,DOM,2014,73.5000243902439,31.5,2.48,4.37577756,268.9943173,6020.0
Dominican Republic,DOM,2015,,30.9,,,,6130.0
Early-demographic dividend,EAR,1985,58.4833890295026,127.427383569832,4.75001660954405,,,752.951912717571
Early-demographic dividend,EAR,1986,58.9090108046497,123.451679617958,4.64935512725218,,,770.389337824048
Early-demographic dividend,EAR,1987,59.3349278883559,119.642025558448,4.54517777435831,,,812.062146397373
Early-demographic dividend,EAR,1988,59.7557595377763,115.951332651146,4.43589686356282,,,846.145231126865
Early-demographic dividend,EAR,1989,60.1808727441315,112.3987822883,4.32586364038891,,,821.988860815433
Early-demographic dividend,EAR,1990,60.6100758245845,109.075566741682,4.21854546688842,,,857.497805183729
Early-demographic dividend,EAR,1991,61.0350632705385,105.88313212671,4.1126164544547,,,889.847129291625
Early-demographic dividend,EAR,1992,61.4600390624752,102.86756780655,4.00670534551762,,,983.925163825814
Early-demographic dividend,EAR,1993,61.884762825536,99.9532896160525,3.9050229734729,,,1042.71335651738
Early-demographic dividend,EAR,1994,62.3006986229653,97.5046548840358,3.80782733900218,,,1091.89637023381
Early-demographic dividend,EAR,1995,62.7024175551619,94.402710607478,3.71873612791867,4.70682107243442,52.5133816579424,1107.1081615962
Early-demographic dividend,EAR,1996,63.0869188339228,91.1826935649723,3.63084329878417,4.57313144898576,54.6918130019231,1160.85932766005
Early-demographic dividend,EAR,1997,63.4506085801359,88.3508240514092,3.54768595532981,4.75358445768244,60.1910318930035,1200.49895427577
Early-demographic dividend,EAR,1998,63.7970892821082,85.4665824200782,3.46796033936253,4.97703630836904,60.6550730954893,1167.39084383899
Early-demographic dividend,EAR,1999,64.1281992523024,82.343610896733,3.39298172322038,5.13695357602631,65.927800211199,1179.99071427164
Early-demographic dividend,EAR,2000,64.4462816101576,79.2195326395256,3.32078630334458,5.12076918929188,71.2466462177555,1241.76087690492
Early-demographic dividend,EAR,2001,64.7573622683884,76.1891608806896,3.25176085807145,5.35435826520262,73.4679806567231,1255.42629150009
Early-demographic dividend,EAR,2002,65.0669116636618,73.1893350309987,3.18743438202073,5.08031915821235,62.439820628236,1221.23065307402
Early-demographic dividend,EAR,2003,65.3807870553852,70.2424124250684,3.12411011896433,5.17400033940128,69.4886309101376,1303.56179763831
Early-demographic dividend,EAR,2004,65.7015005829647,67.7488490243752,3.06587743364438,5.08525376760354,78.6796144990224,1489.4299635963
Early-demographic dividend,EAR,2005,66.0300003429525,64.5370578556981,3.00792370679404,5.08853853605493,90.5357303149011,1717.65273853129
Early-demographic dividend,EAR,2006,66.3702803646452,61.8078739695353,2.95484819793205,5.04723202195015,101.015445790935,1924.6224616889
Early-demographic dividend,EAR,2007,66.7168411825508,59.1956150188979,2.90596039931553,5.06950278088137,118.126868190709,2189.07706956804
Early-demographic dividend,EAR,2008,67.0679600776872,57.0351843777569,2.85871506270979,5.03062288864863,131.004423523203,2450.0372990413
Early-demographic dividend,EAR,2009,67.4191091527725,54.1850707558296,2.81247746021686,5.47822365365161,133.542590629582,2545.35706783403
Early-demographic dividend,EAR,2010,67.7652391883258,52.2603478615666,2.7677536946417,5.22436213100988,151.994235902139,2766.03405608747
Early-demographic dividend,EAR,2011,68.1026993885497,49.5342938012587,2.7264267678521,5.11040779195906,165.393156735827,2986.26281646802
Early-demographic dividend,EAR,2012,68.4285391056155,47.420934295145,2.68765313925217,5.10878463669079,170.309241565961,3270.47009591587
Early-demographic dividend,EAR,2013,68.7417617860744,45.4998783873644,2.65071045047125,5.19603333697197,174.065993583184,3389.32837899938
Early-demographic dividend,EAR,2014,69.0391420681955,43.7301458778548,2.6143537481457,5.27642880696503,178.043317462029,3399.20202793036
Early-demographic dividend,EAR,2015,,42.1441980023191,,,,3324.10528682192
East Asia & Pacific,EAS,1985,67.8236994668668,61.2096708643774,2.83714732451155,,,1377.3696456147
East Asia & Pacific,EAS,1986,68.0968826871219,60.10496687208,2.82150586000601,,,1577.88012327745
East Asia & Pacific,EAS,1987,68.348185532785,59.1509947981119,2.79048744872462,,,1917.27921076469
East Asia & Pacific,EAS,1988,68.5381186932434,58.3773442071967,2.73798821849877,,,2453.5734654352
East Asia & Pacific,EAS,1989,68.7525701680221,57.5804596237981,2.65514377134475,,,2640.08368412195
East Asia & Pacific,EAS,1990,68.9298095934232,56.6482212164571,2.55396942274144,,,2752.56324575778
East Asia & Pacific,EAS,1991,69.1197911047175,55.5442398997599,2.43895626917185,,,2854.1276009555
East Asia & Pacific,EAS,1992,69.2830936338573,54.2220392330901,2.31412202458948,,,3052.42178093425
East Asia & Pacific,EAS,1993,69.4609545748796,52.6444901776355,2.18768604582569,,,3315.17949027216
East Asia & Pacific,EAS,1994,69.6604367543344,50.9502280102647,2.07860328920266,,,3626.60412347731
East Asia & Pacific,EAS,1995,69.8406209854682,49.2350621608018,1.97797980056611,5.83957851148085,241.357863092695,4058.31278926879
East Asia & Pacific,EAS,1996,70.1155367824716,47.5204227645801,1.8993265019165,5.68021008236572,222.220588378597,4247.34932362287
East Asia & Pacific,EAS,1997,70.3955113423318,45.7473499913664,1.83785096678294,5.82175672849439,213.916492041703,4138.84019622802
East Asia & Pacific,EAS,1998,70.6905559721334,43.9213240115573,1.79461065789507,6.1459987219236,198.013733373741,3608.69100990398
East Asia & Pacific,EAS,1999,71.016384516747,42.0146928476654,1.76611282317035,6.37102111757459,229.882110366045,3572.46681455238
East Asia & Pacific,EAS,2000,71.3912255386696,39.9729196130373,1.75690481730378,6.48438464517183,248.391855490059,3762.13403516285
East Asia & Pacific,EAS,2001,71.7638917011257,37.8011882886148,1.74798048892783,6.54882590518416,229.960576517679,3847.65306047722
East Asia & Pacific,EAS,2002,72.1190553820139,35.611196325397,1.74706002175295,6.55968551588898,233.589187391278,3807.34635069451
East Asia & Pacific,EAS,2003,72.4578881613048,33.4394330289688,1.75104288292177,6.67902259192767,262.796523912364,3995.33908562148
East Asia & Pacific,EAS,2004,72.7856522881091,32.3175795714846,1.75613090987005,6.65803884989969,290.849502090203,4491.41889396326
East Asia & Pacific,EAS,2005,73.0603963766164,29.4731764681214,1.75599022873564,6.64738169665819,306.720197162546,4909.58318643125
East Asia & Pacific,EAS,2006,73.3439718263334,27.7308839262407,1.76316068377969,6.49365489227905,316.073615966014,5198.96951880171
East Asia & Pacific,EAS,2007,73.5846595367116,26.1702413133228,1.76832751634328,6.3197488509531,345.337110432503,5578.60334110906
East Asia & Pacific,EAS,2008,73.8013083949224,25.530067547528,1.76967664795355,6.50869122332715,403.557361392175,6090.89212835885
East Asia & Pacific,EAS,2009,74.0208722561616,23.3307707719941,1.76931529499022,7.04712851855851,451.951804210467,6429.48903505268
East Asia & Pacific,EAS,2010,74.194146363902,22.0559146372189,1.77306503636803,6.88096002470324,514.32564502183,7232.46965500273
East Asia & Pacific,EAS,2011,74.3528305638878,20.8926420884534,1.77542348694711,7.00143668089094,602.000041310833,8005.83866891755
East Asia & Pacific,EAS,2012,74.5505228436785,19.7855224022194,1.77947326805909,7.07907862351186,644.69997444201,8968.09341412666
East Asia & Pacific,EAS,2013,74.7385985487196,18.7562555716268,1.77831716644442,6.92240613709427,628.776711068522,9547.43322768045
East Asia & Pacific,EAS,2014,74.9285074421345,17.8547089268661,1.78071206491849,6.90251752160238,643.425777544576,9735.06345845685
East Asia & Pacific,EAS,2015,,17.1072853210896,,,,9602.44191669889
East Asia & Pacific (IDA & IBRD countries),TEA,1985,66.7780064478236,64.9728034729167,2.98437667710093,,,350.40607929541
East Asia & Pacific (IDA & IBRD countries),TEA,1986,67.0399681135017,63.6534094794314,2.97216233702774,,,370.703747291711
East Asia & Pacific (IDA & IBRD countries),TEA,1987,67.2766583121331,62.5372468794264,2.93956831601859,,,386.874768065572
East Asia & Pacific (IDA & IBRD countries),TEA,1988,67.4906919383278,61.6524074649984,2.87964937523401,,,408.199688236407
East Asia & Pacific (IDA & IBRD countries),TEA,1989,67.6891595078508,60.7830984184086,2.7917921224674,,,412.027476850792
East Asia & Pacific (IDA & IBRD countries),TEA,1990,67.8772034512042,59.7988221472898,2.67646283639108,,,429.983379576153
East Asia & Pacific (IDA & IBRD countries),TEA,1991,68.0604639383747,58.6536308939597,2.54255168829066,,,454.98985241183
East Asia & Pacific (IDA & IBRD countries),TEA,1992,68.2436699628723,57.2826531305751,2.40000197322836,,,506.040206304899
East Asia & Pacific (IDA & IBRD countries),TEA,1993,68.4333424879026,55.6302475311093,2.26257545398731,,,554.972199921767
East Asia & Pacific (IDA & IBRD countries),TEA,1994,68.6372233140592,53.8402034722662,2.13598216476355,,,619.644945750142
East Asia & Pacific (IDA & IBRD countries),TEA,1995,68.8656273995005,52.0233443567475,2.02864440538674,3.31322762506638,25.2154287909952,709.389886435211
East Asia & Pacific (IDA & IBRD countries),TEA,1996,69.1261379391082,50.2034699423544,1.94184431695819,3.51753370418143,30.3919475424992,825.010101833609
East Asia & Pacific (IDA & IBRD countries),TEA,1997,69.419751312448,48.3327579612341,1.87681867232447,3.68160933442524,32.6124519836119,894.121587391186
East Asia & Pacific (IDA & IBRD countries),TEA,1998,69.7423486938541,46.41164889893,1.83122265188339,4.05081236791254,32.4741364508539,839.278339762038
East Asia & Pacific (IDA & IBRD countries),TEA,1999,70.0895327926488,44.4226931380308,1.80248800022462,4.10338481604103,35.8385877280991,863.164267245768
East Asia & Pacific (IDA & IBRD countries),TEA,2000,70.453236710459,42.2947807842041,1.78805847546177,4.1431633729138,39.5502575092743,922.077502587255
East Asia & Pacific (IDA & IBRD countries),TEA,2001,70.8245487900272,40.0239298460049,1.78522781700106,4.19587497037038,42.2765569215134,989.946895681664
East Asia & Pacific (IDA & IBRD countries),TEA,2002,71.1907756729236,37.7271100176352,1.78758471759928,4.39197563255289,48.5109451392812,1069.56363304091
East Asia & Pacific (IDA & IBRD countries),TEA,2003,71.5424737480967,35.4313080732796,1.79288456593847,4.49178228644913,55.6142030313651,1226.6192490421
East Asia & Pacific (IDA & IBRD countries),TEA,2004,71.8725097915123,34.2616439898162,1.79803835869764,4.40407670536446,62.7534328085575,1441.74220788114
East Asia & Pacific (IDA & IBRD countries),TEA,2005,72.1749010102222,31.2060118512487,1.80022960165747,4.41399527284738,72.1320085432321,1659.10066418317
East Asia & Pacific (IDA & IBRD countries),TEA,2006,72.4469233871622,29.3256035434786,1.80204613527794,4.34708893966266,84.8162698609605,1918.02118940441
East Asia & Pacific (IDA & IBRD countries),TEA,2007,72.6919270431632,27.6352234849238,1.80209777036197,4.25706384720713,104.245730484142,2299.71617433848
East Asia & Pacific (IDA & IBRD countries),TEA,2008,72.9163271463343,26.9415174275738,1.80273452923939,4.44429414163876,136.633070558209,2801.83318730737
East Asia & Pacific (IDA & IBRD countries),TEA,2009,73.1218479143657,24.5625709370753,1.80345748653856,4.88119681349273,161.542656888577,3252.61528554351
East Asia & Pacific (IDA & IBRD countries),TEA,2010,73.3133899886569,23.191013367282,1.80468551037037,4.67855314124532,186.163236449301,3797.15982687852
East Asia & Pacific (IDA & IBRD countries),TEA,2011,73.4958851970261,21.9354303843028,1.80639245588064,4.80584494899125,231.906519781002,4371.06343032669
East Asia & Pacific (IDA & IBRD countries),TEA,2012,73.6742260120416,20.7690998019347,1.8079306969906,5.03691140389129,270.030033977945,5110.03315374736
East Asia & Pacific (IDA & IBRD countries),TEA,2013,73.8529253052747,19.6769230652296,1.80990922123603,5.17038467740869,303.186685539455,5750.17822137185
East Asia & Pacific (IDA & IBRD countries),TEA,2014,74.0347740029359,18.726427767307,1.81217196268084,5.33231298236205,333.908555663895,6222.85926149699
East Asia & Pacific (IDA & IBRD countries),TEA,2015,,17.9452217848028,,,,6475.06818660204
East Asia & Pacific (excluding high income),EAP,1985,66.7862800655872,65.2,2.97894534128958,,,346.593585988767
East Asia & Pacific (excluding high income),EAP,1986,67.0496258364795,63.7,2.96587438445321,,,366.679546841473
East Asia & Pacific (excluding high income),EAP,1987,67.2886019603323,62.3,2.932692496368,,,382.690711351554
East Asia & Pacific (excluding high income),EAP,1988,67.5054376158544,61.2,2.87272418015293,,,403.801879415718
East Asia & Pacific (excluding high income),EAP,1989,67.7066108219705,60.1,2.78542407567378,,,407.600334507862
East Asia & Pacific (excluding high income),EAP,1990,67.8956795968733,59.1,2.67122656795349,,,425.368597319469
East Asia & Pacific (excluding high income),EAP,1991,68.0764014244992,57.9,2.53877995995021,,,450.103520198461
East Asia & Pacific (excluding high income),EAP,1992,68.2526095872946,56.7,2.39781270377899,,,500.592470220108
East Asia & Pacific (excluding high income),EAP,1993,68.4307721088936,55.4,2.2617858517594,,,548.980084623848
East Asia & Pacific (excluding high income),EAP,1994,68.619357811488,53.9,2.13632853793554,,,612.940628922627
East Asia & Pacific (excluding high income),EAP,1995,68.8307567067243,52.4,2.02981365549825,3.31322762506638,25.2128629292752,701.708321527753
East Asia & Pacific (excluding high income),EAP,1996,69.0753928765466,50.8,1.94355494143141,3.51753370418143,30.3896837980834,816.082910860215
East Asia & Pacific (excluding high income),EAP,1997,69.3567452792337,49.0,1.87885826738227,3.68160933442524,32.6104564458438,884.466660096583
East Asia & Pacific (excluding high income),EAP,1998,69.6722489391002,46.9,1.83347793197518,4.05081236791254,32.4725113892074,830.239562839042
East Asia & Pacific (excluding high income),EAP,1999,70.0177634901617,44.7,1.80488885572274,4.10338481604103,35.8369775849356,853.889271360363
East Asia & Pacific (excluding high income),EAP,2000,70.3843730838181,42.3,1.79052945340066,4.1431633729138,39.5488432258893,912.183990500981
East Asia & Pacific (excluding high income),EAP,2001,70.7613829766917,39.9,1.78774720695096,4.19587497037038,42.2752893008612,979.332671766161
East Asia & Pacific (excluding high income),EAP,2002,71.1336359149172,37.4,1.79013040461641,4.39197563255289,48.5095870268263,1058.09744285842
East Asia & Pacific (excluding high income),EAP,2003,71.4897930762737,35.1,1.79542120487957,4.49178228644913,55.6126214117211,1213.46844724747
East Asia & Pacific (excluding high income),EAP,2004,71.8220395241394,33.8,1.80056421957238,4.40407670536446,62.7520449337815,1426.28818289439
East Asia & Pacific (excluding high income),EAP,2005,72.1244004378215,30.8,1.80273817170887,4.41399527284738,72.1306317621294,1641.33164604405
East Asia & Pacific (excluding high income),EAP,2006,72.3947656285331,28.9,1.80453687495948,4.34708893966266,84.8148993843034,1897.50588239662
East Asia & Pacific (excluding high income),EAP,2007,72.6378120561101,27.4,1.80456167470718,4.25706384720713,104.243953150017,2275.15754940312
East Asia & Pacific (excluding high income),EAP,2008,72.8609393600431,26.9,1.80517533121386,4.44429414163877,136.630216684054,2771.97092563464
East Asia & Pacific (excluding high income),EAP,2009,73.0661367856086,24.5,1.80586785791739,4.88119681349273,161.540834333082,3218.01986508862
East Asia & Pacific (excluding high income),EAP,2010,73.2583258380506,23.3,1.80706890169466,4.67855314124532,186.161265158314,3756.85327505332
East Asia & Pacific (excluding high income),EAP,2011,73.4422263350294,22.0,1.80872742957248,4.80584494899125,231.904341317507,4324.75832162497
East Asia & Pacific (excluding high income),EAP,2012,73.6222530980659,20.9,1.81020145682932,5.03691140389129,270.027144114646,5056.01379985758
East Asia & Pacific (excluding high income),EAP,2013,73.8025257086546,19.8,1.81208860476799,5.17038467740869,303.184645736212,5689.52451361243
East Asia & Pacific (excluding high income),EAP,2014,73.9857230370492,18.8,1.81422910334027,5.33231298236205,333.90762487544,6157.37246044088
East Asia & Pacific (excluding high income),EAP,2015,,18.0,,,,6407.08976440168
Ecuador,ECU,1985,66.1275365853659,72.7,4.213,,,1830.0
Ecuador,ECU,1986,66.7373170731707,69.1,4.123,,,1780.0
Ecuador,ECU,1987,67.3340487804878,65.7,4.034,,,1640.0
Ecuador,ECU,1988,67.9132195121951,62.6,3.945,,,1530.0
Ecuador,ECU,1989,68.4683414634146,59.7,3.856,,,1390.0
Ecuador,ECU,1990,68.9953658536586,56.9,3.767,,,1370.0
Ecuador,ECU,1991,69.4932682926829,54.1,3.679,,,1480.0
Ecuador,ECU,1992,69.9635853658537,51.5,3.594,,,1600.0
Ecuador,ECU,1993,70.4088292682927,48.8,3.514,,,1670.0
Ecuador,ECU,1994,70.8290487804878,46.3,3.437,,,1820.0
Ecuador,ECU,1995,71.2268292682927,43.9,3.364,3.39863636,72.54614642,1970.0
Ecuador,ECU,1996,71.6047317073171,41.6,3.294,3.7410135,80.73372946,2080.0
Ecuador,ECU,1997,71.9643170731707,39.6,3.225,3.71706789,87.73836634,2190.0
Ecuador,ECU,1998,72.3081463414634,37.7,3.157,3.57834839,82.2754366,2170.0
Ecuador,ECU,1999,72.635243902439,35.9,3.09,3.80909529,60.32354553,1790.0
Ecuador,ECU,2000,72.9441707317073,34.4,3.027,3.3786467,49.00947091,1540.0
Ecuador,ECU,2001,73.2304390243903,33.1,2.968,3.85795035,73.44541612,1550.0
Ecuador,ECU,2002,73.492,31.9,2.914,4.61526692,100.79592805,1740.0
Ecuador,ECU,2003,73.7278048780488,30.9,2.868,6.46381498,157.74741151,2130.0
Ecuador,ECU,2004,73.9423170731707,30.0,2.828,6.21729056,168.39893917,2560.0
Ecuador,ECU,2005,74.1379756097561,29.1,2.793,5.87295184,177.47724343,2900.0
Ecuador,ECU,2006,74.3202195121951,28.3,2.763,5.85722282,196.26289333,3120.0
Ecuador,ECU,2007,74.4950243902439,27.5,2.736,5.93693781,213.17830958,3330.0
Ecuador,ECU,2008,74.6678292682927,26.8,2.71,5.66029931,241.97444558,3880.0
Ecuador,ECU,2009,74.8446097560976,26.0,2.684,5.57500385,237.24738658,4090.0
Ecuador,ECU,2010,75.0298048780488,25.2,2.656,5.9021487,274.8808741,4410.0
Ecuador,ECU,2011,75.2264390243903,24.5,2.628,5.9151677,308.97154302,4900.0
Ecuador,ECU,2012,75.433,23.7,2.599,6.47936086,368.19868202,5410.0
Ecuador,ECU,2013,75.648512195122,23.0,2.571,7.28688971,439.56215163,5810.0
Ecuador,ECU,2014,75.872487804878,22.3,2.542,9.16108824,579.19244452,6090.0
Ecuador,ECU,2015,,21.6,,,,6010.0
"Egypt, Arab Rep.",EGY,1985,61.789,118.8,5.39,,,600.0
"Egypt, Arab Rep.",EGY,1986,62.4686341463415,110.1,5.301,,,640.0
"Egypt, Arab Rep.",EGY,1987,63.0898292682927,102.5,5.182,,,790.0
"Egypt, Arab Rep.",EGY,1988,63.6405609756098,96.0,5.034,,,800.0
"Egypt, Arab Rep.",EGY,1989,64.1208048780488,90.6,4.859,,,780.0
"Egypt, Arab Rep.",EGY,1990,64.5490731707317,85.9,4.663,,,750.0
"Egypt, Arab Rep.",EGY,1991,64.9553414634146,81.7,4.455,,,730.0
"Egypt, Arab Rep.",EGY,1992,65.3696341463415,77.5,4.247,,,740.0
"Egypt, Arab Rep.",EGY,1993,65.8099512195122,73.3,4.048,,,740.0
"Egypt, Arab Rep.",EGY,1994,66.2782926829268,68.9,3.865,,,820.0
"Egypt, Arab Rep.",EGY,1995,66.7606829268293,64.6,3.705,3.53650574,37.24760709,920.0
"Egypt, Arab Rep.",EGY,1996,67.2320975609756,60.4,3.571,3.8968055,45.31963227,1020.0
"Egypt, Arab Rep.",EGY,1997,67.6640731707317,56.5,3.459,4.6100914,58.07362558,1130.0
"Egypt, Arab Rep.",EGY,1998,68.0365853658537,52.8,3.367,4.92653751,65.12627474,1210.0
"Egypt, Arab Rep.",EGY,1999,68.3451463414634,49.5,3.293,5.2573956,71.99613871,1320.0
"Egypt, Arab Rep.",EGY,2000,68.590756097561,46.5,3.233,5.55075125,77.72252205,1420.0
"Egypt, Arab Rep.",EGY,2001,68.7864390243902,43.8,3.181,5.75054527,74.95902799,1450.0
"Egypt, Arab Rep.",EGY,2002,68.9526585365854,41.4,3.133,5.96959135,72.84004589,1360.0
"Egypt, Arab Rep.",EGY,2003,69.1094390243903,39.2,3.088,5.41204355,55.49039108,1290.0
"Egypt, Arab Rep.",EGY,2004,69.2657804878049,37.3,3.047,5.21090557,56.06795155,1230.0
"Egypt, Arab Rep.",EGY,2005,69.4296829268293,35.6,3.016,5.06260429,63.80857754,1240.0
"Egypt, Arab Rep.",EGY,2006,69.6031951219512,34.1,3.004,5.23956984,74.01172409,1330.0
"Egypt, Arab Rep.",EGY,2007,69.7822926829268,32.7,3.016,4.95043355,84.30810186,1550.0
"Egypt, Arab Rep.",EGY,2008,69.9644634146341,31.4,3.055,4.81986313,100.60325668,1860.0
"Egypt, Arab Rep.",EGY,2009,70.1501463414634,30.2,3.114,5.0088987,117.04777787,2140.0
"Egypt, Arab Rep.",EGY,2010,70.3402926829268,29.0,3.184,4.79725822,125.50239757,2390.0
"Egypt, Arab Rep.",EGY,2011,70.5333170731707,27.9,3.253,5.03966667,139.00244005,2590.0
"Egypt, Arab Rep.",EGY,2012,70.7291463414634,26.8,3.306,5.29360162,160.76476572,2850.0
"Egypt, Arab Rep.",EGY,2013,70.9257804878049,25.8,3.336,5.46252124,159.11056812,3040.0
"Egypt, Arab Rep.",EGY,2014,71.1217073170732,24.8,3.338,5.64211505,177.76836063,3210.0
"Egypt, Arab Rep.",EGY,2015,,24.0,,,,3340.0
El Salvador,SLV,1985,59.1939756097561,80.4,4.442,,,720.0
El Salvador,SLV,1986,60.0998536585366,75.2,4.328,,,760.0
El Salvador,SLV,1987,61.074,70.6,4.221,,,820.0
El Salvador,SLV,1988,62.0714634146342,66.5,4.118,,,870.0
El Salvador,SLV,1989,63.0564146341463,62.8,4.018,,,860.0
El Salvador,SLV,1990,63.988,59.4,3.922,,,900.0
El Salvador,SLV,1991,64.8315365853659,56.3,3.827,,,950.0
El Salvador,SLV,1992,65.5779756097561,53.2,3.734,,,1080.0
El Salvador,SLV,1993,66.2228292682927,50.3,3.641,,,1220.0
El Salvador,SLV,1994,66.7630487804878,47.4,3.547,,,1370.0
El Salvador,SLV,1995,67.2051951219512,44.5,3.449,6.37866428,108.43314856,1590.0
El Salvador,SLV,1996,67.5648292682927,41.7,3.347,7.57816748,138.52127996,1730.0
El Salvador,SLV,1997,67.8736341463415,39.1,3.239,8.20785503,160.55373639,1860.0
El Salvador,SLV,1998,68.1578048780488,36.6,3.128,8.42542914,176.38528657,1950.0
El Salvador,SLV,1999,68.4354146341463,34.4,3.013,8.16387259,176.18804199,2040.0
El Salvador,SLV,2000,68.7170487804878,32.4,2.898,8.17035693,184.64093772,2160.0
El Salvador,SLV,2001,69.0057073170732,30.6,2.785,8.01874114,189.5045864,2230.0
El Salvador,SLV,2002,69.2978780487805,29.0,2.677,7.89933898,192.38624816,2310.0
El Salvador,SLV,2003,69.5895365853658,27.5,2.575,7.60620874,193.94970025,2470.0
El Salvador,SLV,2004,69.8827317073171,26.1,2.482,7.29741079,194.57376052,2660.0
El Salvador,SLV,2005,70.1789268292683,24.8,2.398,7.19019921,206.66482242,2870.0
El Salvador,SLV,2006,70.4791707317073,23.6,2.322,6.67646241,207.54401182,3040.0
El Salvador,SLV,2007,70.7804634146342,22.6,2.253,6.31506264,212.08640585,3250.0
El Salvador,SLV,2008,71.0807804878049,21.6,2.189,6.21326237,221.77217284,3460.0
El Salvador,SLV,2009,71.3781463414634,20.8,2.13,6.83139755,234.40438252,3390.0
El Salvador,SLV,2010,71.6706097560976,20.0,2.078,6.912477,245.19046574,3450.0
El Salvador,SLV,2011,71.9561707317073,19.3,2.031,6.8080665,260.15927254,3600.0
El Salvador,SLV,2012,72.2318536585366,18.6,1.991,6.70445412,262.92994456,3730.0
El Salvador,SLV,2013,72.4981463414634,18.0,1.958,6.94580058,276.69740767,3850.0
El Salvador,SLV,2014,72.7545609756098,17.4,1.931,6.77240285,279.64672825,3890.0
El Salvador,SLV,2015,,16.8,,,,3940.0
Equatorial Guinea,GNQ,1985,46.4540243902439,209.1,5.848,,,170.0
Equatorial Guinea,GNQ,1986,46.7946585365854,205.1,5.866,,,180.0
Equatorial Guinea,GNQ,1987,47.1167317073171,201.4,5.881,,,230.0
Equatorial Guinea,GNQ,1988,47.4492195121951,197.5,5.891,,,270.0
Equatorial Guinea,GNQ,1989,47.8041463414634,193.6,5.897,,,260.0
Equatorial Guinea,GNQ,1990,48.1895365853659,189.5,5.9,,,290.0
Equatorial Guinea,GNQ,1991,48.6059512195122,185.8,5.901,,,300.0
Equatorial Guinea,GNQ,1992,49.0414390243903,182.0,5.902,,,420.0
Equatorial Guinea,GNQ,1993,49.4835609756098,178.3,5.902,,,410.0
Equatorial Guinea,GNQ,1994,49.9253658536585,174.6,5.901,,,300.0
Equatorial Guinea,GNQ,1995,50.3548780487805,171.2,5.897,5.38183325,17.02825398,280.0
Equatorial Guinea,GNQ,1996,50.7616341463415,167.6,5.888,4.44083118,22.25595332,400.0
Equatorial Guinea,GNQ,1997,51.1395853658537,163.9,5.872,3.18420482,29.35366207,970.0
Equatorial Guinea,GNQ,1998,51.4881951219512,160.1,5.847,4.27792987,31.95002686,790.0
Equatorial Guinea,GNQ,1999,51.8089024390244,156.1,5.814,2.758364,33.37448265,920.0
Equatorial Guinea,GNQ,2000,52.1086341463415,152.1,5.773,2.73288105,53.84462571,880.0
Equatorial Guinea,GNQ,2001,52.3968048780488,147.9,5.726,1.78308363,47.45536976,1040.0
Equatorial Guinea,GNQ,2002,52.6863414634146,143.8,5.676,2.05102618,65.27940037,1470.0
Equatorial Guinea,GNQ,2003,52.9896829268293,139.6,5.623,2.22972919,94.4201561,1390.0
Equatorial Guinea,GNQ,2004,53.3157804878049,135.4,5.568,2.39764528,174.45448816,2040.0
Equatorial Guinea,GNQ,2005,53.6745853658537,131.2,5.512,1.63062912,214.09503537,4660.0
Equatorial Guinea,GNQ,2006,54.0765853658537,126.9,5.454,2.12883668,266.45098551,9320.0
Equatorial Guinea,GNQ,2007,54.5163170731707,122.7,5.391,2.24801409,344.1751553,12110.0
Equatorial Guinea,GNQ,2008,54.9863170731707,118.4,5.324,2.311263,519.90009418,13150.0
Equatorial Guinea,GNQ,2009,55.4771951219512,114.6,5.253,5.32060059,702.63228926,8700.0
Equatorial Guinea,GNQ,2010,55.971,110.9,5.176,3.83919384,609.26671932,7880.0
Equatorial Guinea,GNQ,2011,56.4468292682927,107.3,5.095,3.29221335,688.82153294,9720.0
Equatorial Guinea,GNQ,2012,56.8902682926829,103.7,5.011,4.00084211,852.45778619,12460.0
Equatorial Guinea,GNQ,2013,57.2908292682927,100.3,4.924,3.73335792,729.74788482,11890.0
Equatorial Guinea,GNQ,2014,57.6470487804878,97.4,4.835,3.80407904,663.05422937,10210.0
Equatorial Guinea,GNQ,2015,,94.1,,,,7790.0
Eritrea,ERI,1985,45.0113170731707,175.7,6.636,,,
Eritrea,ERI,1986,45.5505853658537,171.8,6.597,,,
Eritrea,ERI,1987,46.1518536585366,167.5,6.552,,,
Eritrea,ERI,1988,46.8031463414634,162.7,6.502,,,
Eritrea,ERI,1989,47.4980243902439,157.3,6.448,,,
Eritrea,ERI,1990,48.2359512195122,151.4,6.387,,,
Eritrea,ERI,1991,49.018487804878,145.0,6.316,,,
Eritrea,ERI,1992,49.8400487804878,138.2,6.233,,,
Eritrea,ERI,1993,50.6896829268293,131.2,6.137,,,
Eritrea,ERI,1994,51.5513414634146,124.1,6.03,,,190.0
Eritrea,ERI,1995,52.4046097560976,117.3,5.914,4.52377069,8.58015739,190.0
Eritrea,ERI,1996,53.2285365853659,110.8,5.793,3.61207708,7.82086576,200.0
Eritrea,ERI,1997,54.0096097560976,104.8,5.67,4.19876947,9.3089478,220.0
Eritrea,ERI,1998,54.7393414634146,99.2,5.549,4.4842092,10.01754279,220.0
Eritrea,ERI,1999,55.4116829268293,94.0,5.434,5.00556026,10.05471968,210.0
Eritrea,ERI,2000,56.0250243902439,89.1,5.328,4.43459367,8.86090326,200.0
Eritrea,ERI,2001,56.5827804878049,84.6,5.233,3.94880121,8.1284852,200.0
Eritrea,ERI,2002,57.1028292682927,80.4,5.149,4.022588,7.74379278,200.0
Eritrea,ERI,2003,57.6026829268293,76.5,5.073,3.50246439,7.75890298,200.0
Eritrea,ERI,2004,58.0928292682927,72.9,5.005,3.14235447,8.57337444,230.0
Eritrea,ERI,2005,58.5924146341464,69.5,4.942,2.96792167,7.77815813,260.0
Eritrea,ERI,2006,59.1165609756098,66.3,4.881,3.29897088,9.28247988,280.0
Eritrea,ERI,2007,59.6694146341463,63.2,4.818,3.29157461,9.84547663,280.0
Eritrea,ERI,2008,60.2500731707317,60.4,4.752,3.68846683,11.31124213,280.0
Eritrea,ERI,2009,60.853512195122,57.9,4.681,3.30193937,13.34631705,330.0
Eritrea,ERI,2010,61.4661463414634,55.6,4.605,3.24031896,14.62766471,380.0
Eritrea,ERI,2011,62.0693658536585,53.5,4.525,3.06088999,16.66539605,480.0
Eritrea,ERI,2012,62.6449756097561,51.6,4.444,2.97641275,18.81139232,
Eritrea,ERI,2013,63.1778780487805,49.7,4.363,3.0122195,20.75363693,
Eritrea,ERI,2014,63.6630243902439,48.1,4.284,3.33829318,25.20042878,
Eritrea,ERI,2015,,46.5,,,,
Estonia,EST,1985,69.3804878048781,23.1,2.13,,,
Estonia,EST,1986,70.0853658536585,22.6,2.18,,,
Estonia,EST,1987,70.6439024390244,22.0,2.27,,,
Estonia,EST,1988,70.6975609756098,21.5,2.27,,,
Estonia,EST,1989,70.0390243902439,20.9,2.22,,,
Estonia,EST,1990,69.4756097560976,20.2,2.05,,,
Estonia,EST,1991,69.3731707317073,19.5,1.8,,,
Estonia,EST,1992,68.8634146341464,18.6,1.71,,,
Estonia,EST,1993,67.909756097561,17.8,1.49,,,
Estonia,EST,1994,66.5,16.8,1.42,,,
Estonia,EST,1995,67.5439024390244,15.8,1.38,6.31814012,164.79722929,
Estonia,EST,1996,69.6121951219512,14.8,1.37,6.57390761,218.11690313,
Estonia,EST,1997,69.809756097561,13.8,1.32,6.1883056,222.44294003,
Estonia,EST,1998,69.3585365853659,12.8,1.28,5.55535904,223.10452453,
Estonia,EST,1999,70.0634146341463,11.9,1.3,5.85598582,242.57380721,
Estonia,EST,2000,70.4170731707317,11.0,1.36,5.2816118,214.37603713,4150.0
Estonia,EST,2001,70.2585365853659,10.2,1.32,4.85382046,217.70622304,4320.0
Estonia,EST,2002,70.9048780487805,9.4,1.36,4.8440834,256.66176225,4620.0
Estonia,EST,2003,71.3170731707317,8.6,1.37,4.91867721,352.39590119,5710.0
Estonia,EST,2004,71.909756097561,7.9,1.47,5.13198242,452.33266711,7480.0
Estonia,EST,2005,72.5682926829268,7.3,1.52,5.01934025,514.22143996,9710.0
Estonia,EST,2006,72.6914634146341,6.7,1.58,5.01483256,624.61811702,11500.0
Estonia,EST,2007,72.8146341463415,6.1,1.69,5.15908483,845.46719735,13500.0
Estonia,EST,2008,73.7707317073171,5.5,1.72,6.05608547,1075.40513902,15050.0
Estonia,EST,2009,74.8243902439024,5.1,1.7,6.93238582,1008.52217679,14470.0
Estonia,EST,2010,75.4292682926829,4.6,1.72,6.24878186,902.6732824,14580.0
Estonia,EST,2011,76.2292682926829,4.2,1.61,5.8320426,988.0989429,15880.0
Estonia,EST,2012,76.3268292682927,3.8,1.56,6.36428657,1077.54862308,17040.0
Estonia,EST,2013,77.1414634146341,3.5,1.52,6.48178731,1213.55619426,18390.0
Estonia,EST,2014,77.2390243902439,3.2,1.52,6.37929421,1248.27963176,18980.0
Estonia,EST,2015,,2.9,,,,18480.0
Ethiopia,ETH,1985,44.6299024390244,223.4,7.435,,,190.0
Ethiopia,ETH,1986,45.1436829268293,219.3,7.418,,,230.0
Ethiopia,ETH,1987,45.6784146341463,215.5,7.387,,,280.0
Ethiopia,ETH,1988,46.1921219512195,212.0,7.347,,,270.0
Ethiopia,ETH,1989,46.6663170731707,208.4,7.298,,,250.0
Ethiopia,ETH,1990,47.0995609756098,204.6,7.246,,,260.0
Ethiopia,ETH,1991,47.5053658536585,200.2,7.193,,,250.0
Ethiopia,ETH,1992,47.913243902439,195.0,7.143,,,220.0
Ethiopia,ETH,1993,48.3477073170732,188.9,7.094,,,210.0
Ethiopia,ETH,1994,48.8132926829268,182.0,7.046,,,160.0
Ethiopia,ETH,1995,49.305512195122,175.0,6.995,2.95660882,4.01984268,150.0
Ethiopia,ETH,1996,49.8099512195122,168.3,6.935,2.9185687,4.20077323,150.0
Ethiopia,ETH,1997,50.3180487804878,162.0,6.861,3.200776,4.37286279,140.0
Ethiopia,ETH,1998,50.8302926829268,156.2,6.769,3.73468837,4.50325999,130.0
Ethiopia,ETH,1999,51.3575853658537,150.8,6.659,3.95586855,4.4630391,120.0
Ethiopia,ETH,2000,51.9303414634146,145.1,6.529,4.36421528,5.36828664,120.0
Ethiopia,ETH,2001,52.5869268292683,139.0,6.38,4.26258377,5.05148399,130.0
Ethiopia,ETH,2002,53.348243902439,132.2,6.218,4.72945755,5.25939701,120.0
Ethiopia,ETH,2003,54.2192195121951,124.8,6.046,4.63536942,5.50649733,110.0
Ethiopia,ETH,2004,55.1898292682927,117.0,5.87,4.23459837,5.74732909,130.0
Ethiopia,ETH,2005,56.2365609756098,109.1,5.693,4.20170809,6.78994895,160.0
Ethiopia,ETH,2006,57.3249268292683,101.3,5.52,4.46674967,8.65132225,180.0
Ethiopia,ETH,2007,58.408,93.8,5.353,4.69032041,11.20782555,220.0
Ethiopia,ETH,2008,59.4469268292683,86.9,5.194,4.28069284,13.42946544,280.0
Ethiopia,ETH,2009,60.4157804878049,80.8,5.044,4.40929621,14.83285372,340.0
Ethiopia,ETH,2010,61.2961219512195,75.7,4.903,6.86140983,20.98433993,380.0
Ethiopia,ETH,2011,62.0830243902439,71.3,4.77,6.54770287,22.20933287,390.0
Ethiopia,ETH,2012,62.7935365853659,67.7,4.642,5.76934846,26.41542192,410.0
Ethiopia,ETH,2013,63.4421951219512,64.6,4.517,5.19220468,25.0417972,470.0
Ethiopia,ETH,2014,64.0350243902439,61.8,4.395,4.88431325,26.64777614,550.0
Ethiopia,ETH,2015,,59.2,,,,590.0
Euro area,EMU,1985,74.7576403522152,12.4217325694783,1.59034155488466,,,7962.44165823125
Euro area,EMU,1986,75.0565675442807,11.848530363997,1.57920796292783,,,9186.42964388972
Euro area,EMU,1987,75.3458676896679,11.3400533003019,1.55892730107401,,,11735.0501476456
Euro area,EMU,1988,75.5303692222367,10.8661189558332,1.56221849358895,,,15247.3392683415
Euro area,EMU,1989,75.7517958021813,10.4177058534414,1.5295156763965,,,16349.713148989
Euro area,EMU,1990,75.896827350164,10.0037859943722,1.53445122266291,,,17625.949423722
Euro area,EMU,1991,76.023400435519,9.55677757778201,1.4889190959201,,,18885.6858194184
Euro area,EMU,1992,76.3785895417762,9.12894714603509,1.4698015222416,,,21206.9858793106
Euro area,EMU,1993,76.4856542995863,8.64437652387465,1.43699135013058,,,20882.5337304164
Euro area,EMU,1994,76.7937489773504,8.10231737929211,1.39980375781107,,,21427.3085823637
Euro area,EMU,1995,76.9539618220381,7.60341378659856,1.38546905989025,8.7132193866877,2103.26422924495,22569.7660376135
Euro area,EMU,1996,77.2169410821211,7.1513817186608,1.39934093546879,8.86590685794601,2142.31849498275,23846.5058895717
Euro area,EMU,1997,77.5797272759965,6.78034118074536,1.4194529861038,8.8702343569943,1930.54978387353,23831.0514377771
Euro area,EMU,1998,77.7954733811746,6.48579317788497,1.42073996524772,8.85519751708277,1974.24800782503,22783.764720024
Euro area,EMU,1999,78.0201424787275,6.23845687576448,1.43443052422392,8.87084113097658,1971.47496799927,22374.8196743152
Euro area,EMU,2000,78.274126353842,6.02209841109444,1.47277023168953,8.89316424350916,1793.39249391329,22157.1511418714
Euro area,EMU,2001,78.5967704226977,5.80455011652767,1.45775102588109,9.01275186984795,1838.38753401625,21212.4687279229
Euro area,EMU,2002,78.6843430208015,5.60812152496031,1.45876418860154,9.2257985131695,2037.56031434923,20689.4204345174
Euro area,EMU,2003,78.7070550645098,5.40100392356819,1.47313456628334,9.43334226649612,2556.00571239087,23317.5160829627
Euro area,EMU,2004,79.2785640986545,5.20465536605657,1.4957087843761,9.45609554731539,2922.72766780761,28332.4396242689
Euro area,EMU,2005,79.4261444892368,5.03020186103356,1.49941877376167,9.63373915905586,3072.58119722932,32471.1309415875
Euro area,EMU,2006,79.8559929451983,4.88037637900151,1.52272425400855,9.56160775063943,3222.35732722953,34618.1049444605
Euro area,EMU,2007,80.0997517286707,4.7223300251749,1.53952935145859,9.45439322130569,3650.3863938258,36809.2709728662
Euro area,EMU,2008,80.3027925817825,4.58394777967518,1.58001479019488,9.73844409907508,4099.87240063528,39608.1200836592
Euro area,EMU,2009,80.5034131264909,4.49183011485773,1.5641087965008,10.4930113514187,4020.63241227107,39646.755481241
Euro area,EMU,2010,80.7466582056035,4.38166872727023,1.58019407988926,10.4125474137978,3899.80236743214,39825.8439684467
Euro area,EMU,2011,81.3031022401278,4.29374831585029,1.55440585920017,10.3237168392919,4162.3159327763,40121.8870846512
Euro area,EMU,2012,81.3122545426622,4.21024506987392,1.5481635670343,10.4021845437968,3881.30456974697,39246.6973972428
Euro area,EMU,2013,81.5940488830014,4.15279138243514,1.52383832969082,10.4401936062865,4063.36209737872,39228.9650225605
Euro area,EMU,2014,81.648669437149,4.06872505730271,1.52548792715054,10.4450339388399,4135.15585774925,39105.7214847701
Euro area,EMU,2015,,3.96478213248279,,,,37437.6881329897
Europe & Central Asia,ECS,1985,71.1955202222807,38.1072002950134,2.08724482550141,,,4571.58202544915
Europe & Central Asia,ECS,1986,71.6795192493283,36.6722018754561,2.0938999781654,,,5227.11151533024
Europe & Central Asia,ECS,1987,71.8938167612906,35.3165577480092,2.08940926569809,,,6607.01808049091
Europe & Central Asia,ECS,1988,72.0173875413684,34.2375674584973,2.05921665996982,,,8472.72729885557
Europe & Central Asia,ECS,1989,72.0759426689665,32.9716824827817,1.99861715077897,,,9045.5541195252
Europe & Central Asia,ECS,1990,72.0746089893527,32.0849316000087,1.95499554332685,,,9710.01674132827
Europe & Central Asia,ECS,1991,71.9812714718854,31.3857748341587,1.89068957652822,,,10322.3799308778
Europe & Central Asia,ECS,1992,71.9068069970628,30.8331213157809,1.81876578419,,,11388.8637107625
Europe & Central Asia,ECS,1993,71.585377653232,30.2061795167,1.74087752317308,,,11212.9803389013
Europe & Central Asia,ECS,1994,71.6509195703685,29.4405648345504,1.6977478725103,,,11406.3289985133
Europe & Central Asia,ECS,1995,71.8410473773952,28.5051503398757,1.6541785969515,8.11627163060054,1020.25364469838,11969.6512995344
Europe & Central Asia,ECS,1996,72.1948649129707,27.3957479665041,1.62129175188223,8.24423801845932,1056.16135927422,12653.7322511343
Europe & Central Asia,ECS,1997,72.5840169790313,26.2410191411658,1.59475373150835,8.20467026467118,986.254871844273,12833.7692941952
Europe & Central Asia,ECS,1998,72.8046116407143,25.0233540702222,1.57241344110011,8.19565537541281,1004.97138046864,12436.3329340156
Europe & Central Asia,ECS,1999,72.9065369828243,23.8018433263998,1.54691570590286,8.2978614944681,1007.51199133588,12310.2086645892
Europe & Central Asia,ECS,2000,73.0248189025818,22.6004709940421,1.55825892080901,8.23903900213579,940.076533715229,12397.0335399633
Europe & Central Asia,ECS,2001,73.3408458063089,21.4093103913912,1.54606535874518,8.4416848949881,972.468726946909,11988.2896189583
Europe & Central Asia,ECS,2002,73.4002037973814,20.2916880595935,1.55581991933372,8.67888757193859,1092.36844211448,11924.1075020234
Europe & Central Asia,ECS,2003,73.5079910388462,19.2177365110785,1.56519471945045,8.87884714957958,1358.94224644852,13499.6808355284
Europe & Central Asia,ECS,2004,73.9350989706041,18.206228504876,1.59314558120681,8.8459710457132,1574.49917377627,16440.9311617836
Europe & Central Asia,ECS,2005,74.0899543359899,17.3031567795032,1.58580362067379,8.91883369070061,1683.51793766351,19078.1949287687
Europe & Central Asia,ECS,2006,74.5737893402941,16.4703060490565,1.61524483773641,8.81587027321215,1796.05700977392,20677.1949608821
Europe & Central Asia,ECS,2007,74.9214024121518,15.7067705943993,1.65949717702952,8.7117678191901,2069.12849579672,22431.3835918269
Europe & Central Asia,ECS,2008,75.167100571046,15.019188847919,1.71588177274869,8.97424133754808,2330.40520899508,24394.8406830102
Europe & Central Asia,ECS,2009,75.5523618488723,14.3786732217296,1.71551494711146,9.81855855478654,2230.37242268514,24123.4844312902
Europe & Central Asia,ECS,2010,75.844702440567,13.7812341541525,1.72295058851667,9.56419419329201,2218.85900199262,24350.0044319166
Europe & Central Asia,ECS,2011,76.3737173428461,13.2236230754765,1.70661228631039,9.43644177504505,2404.61527207478,24753.8110120457
Europe & Central Asia,ECS,2012,76.5582331678741,12.6772033303186,1.73584920630142,9.47477722404489,2300.6945075308,25049.0563074623
Europe & Central Asia,ECS,2013,76.789223899866,12.1938035888719,1.71402329271636,9.52649675111262,2406.79601439481,25599.5212389476
Europe & Central Asia,ECS,2014,76.892204209525,11.688446540893,1.71319916232046,9.52605467665028,2419.76806486528,25560.4207571477
Europe & Central Asia,ECS,2015,,11.2498912606988,,,,24146.9515774745
Europe & Central Asia (IDA & IBRD countries),TEC,1985,67.7760619862148,53.4013913137657,2.54251352139812,,,
Europe & Central Asia (IDA & IBRD countries),TEC,1986,68.4861600438949,51.4490877677414,2.56535801208818,,,
Europe & Central Asia (IDA & IBRD countries),TEC,1987,68.6396514154602,49.6978548127681,2.56817335547851,,,
Europe & Central Asia (IDA & IBRD countries),TEC,1988,68.7385336993455,48.4655333785762,2.49896474341076,,,
Europe & Central Asia (IDA & IBRD countries),TEC,1989,68.6678409832436,46.9922306942603,2.40563506156733,,,
Europe & Central Asia (IDA & IBRD countries),TEC,1990,68.5392319237256,46.1902162301675,2.30205557571549,,,
Europe & Central Asia (IDA & IBRD countries),TEC,1991,68.2709647491175,45.7734353255049,2.20333044562742,,,2311.26713970324
Europe & Central Asia (IDA & IBRD countries),TEC,1992,67.726648227139,45.6227286636332,2.0875159518435,,,2185.33429752884
Europe & Central Asia (IDA & IBRD countries),TEC,1993,66.9983905447781,45.3763057103765,1.96504584095675,,,2150.30376022128
Europe & Central Asia (IDA & IBRD countries),TEC,1994,66.7856421836993,44.9030607314186,1.91580576398729,,,1981.85442461566
Europe & Central Asia (IDA & IBRD countries),TEC,1995,67.0354498182182,44.0245008175842,1.84774707875345,4.92796684670376,93.500147234225,2051.19564813596
Europe & Central Asia (IDA & IBRD countries),TEC,1996,67.4491866707508,42.732747798325,1.78000405792727,5.14202504367063,115.758313679072,2117.63553869849
Europe & Central Asia (IDA & IBRD countries),TEC,1997,67.9892906485467,41.216393807155,1.71609846676094,5.81318212237536,134.973529121083,2222.35329264669
Europe & Central Asia (IDA & IBRD countries),TEC,1998,68.1558190827783,39.4737196833072,1.67676308816291,5.39205955662717,115.687139757777,2090.6783051072
Europe & Central Asia (IDA & IBRD countries),TEC,1999,68.1362445017865,37.6219749860411,1.62176205658764,5.44219224876008,100.177075667197,1970.89222239697
Europe & Central Asia (IDA & IBRD countries),TEC,2000,68.1638360590089,35.719692135562,1.6173683745727,5.33614991916409,108.770184361816,2060.06017527467
Europe & Central Asia (IDA & IBRD countries),TEC,2001,68.4494115939212,33.7900630814665,1.607756558277,5.59142895254059,116.352036590907,1995.0580183484
Europe & Central Asia (IDA & IBRD countries),TEC,2002,68.4410337717528,31.9199574623274,1.62404908037561,5.87161046303923,137.21011162351,2153.48003531498
Europe & Central Asia (IDA & IBRD countries),TEC,2003,68.5602406925684,30.0885650897879,1.62161686075223,5.79239588733773,166.741676826738,2520.45597992454
Europe & Central Asia (IDA & IBRD countries),TEC,2004,68.8712956119348,28.3640945295927,1.64979987501753,5.63183961300754,209.29549478156,3212.98694562156
Europe & Central Asia (IDA & IBRD countries),TEC,2005,68.9900370170633,26.7903081463751,1.62922130975738,5.6498376716511,261.907646315688,4062.03469363466
Europe & Central Asia (IDA & IBRD countries),TEC,2006,69.5474083406559,25.3122709876256,1.65699249547628,5.67975998223487,318.648459487548,4968.49898232037
Europe & Central Asia (IDA & IBRD countries),TEC,2007,69.9944489800766,23.9568939208579,1.72172740464043,5.75657655524078,413.601737967326,6120.2428039489
Europe & Central Asia (IDA & IBRD countries),TEC,2008,70.2634727809051,22.7340618461346,1.79109662561664,6.21860827233933,548.072648692294,7449.71608013305
Europe & Central Asia (IDA & IBRD countries),TEC,2009,70.804203060772,21.5791366151118,1.80333470596284,6.86176475880772,476.845954245167,7393.2818771116
Europe & Central Asia (IDA & IBRD countries),TEC,2010,71.1330012867135,20.5262716727025,1.80238096608978,6.4772611172016,527.557504601931,7854.43930874156
Europe & Central Asia (IDA & IBRD countries),TEC,2011,71.6487265642803,19.5580904816309,1.79523901418301,6.21935520626709,590.015640945401,8377.62200379709
Europe & Central Asia (IDA & IBRD countries),TEC,2012,72.0322322092758,18.6323896509203,1.85018380175338,6.37212768048542,616.829530848366,9348.15591303786
Europe & Central Asia (IDA & IBRD countries),TEC,2013,72.2335327455277,17.8326173508361,1.83823608947734,6.48944865617141,656.76183895713,10073.6711421814
Europe & Central Asia (IDA & IBRD countries),TEC,2014,72.3972052100342,17.0389753682105,1.83453547272087,6.43545683514203,603.091122871773,9982.80558217845
Europe & Central Asia (IDA & IBRD countries),TEC,2015,,16.3922989678836,,,,8699.34742319745
Europe & Central Asia (excluding high income),ECA,1985,67.4496748081883,68.5,2.5735657118528,,,
Europe & Central Asia (excluding high income),ECA,1986,68.205454963984,65.7,2.61095512730743,,,
Europe & Central Asia (excluding high income),ECA,1987,68.3723310538711,63.2,2.62277839030062,,,
Europe & Central Asia (excluding high income),ECA,1988,68.4396944635867,61.3,2.54578921829478,,,
Europe & Central Asia (excluding high income),ECA,1989,68.3872715668125,59.0,2.44887312987901,,,
Europe & Central Asia (excluding high income),ECA,1990,68.2562652882439,57.6,2.33542222595925,,,
Europe & Central Asia (excluding high income),ECA,1991,67.9967585942024,56.6,2.22460740516415,,,2294.43519512253
Europe & Central Asia (excluding high income),ECA,1992,67.3472083965996,56.0,2.10871339501671,,,2168.92295341177
Europe & Central Asia (excluding high income),ECA,1993,66.4815189953229,55.3,1.98009605326741,,,2090.13003533469
Europe & Central Asia (excluding high income),ECA,1994,66.231033632809,54.4,1.93190069089805,,,1873.38204921752
Europe & Central Asia (excluding high income),ECA,1995,66.4855937603354,53.1,1.87363645280427,4.79420307582691,80.4389875011124,1903.98794523481
Europe & Central Asia (excluding high income),ECA,1996,66.9094133210253,51.4,1.80052913107505,4.9572028780644,100.756892922633,1914.61713601267
Europe & Central Asia (excluding high income),ECA,1997,67.4778412962145,49.3,1.73684511421809,5.86879800861709,123.77250458883,1985.69797722337
Europe & Central Asia (excluding high income),ECA,1998,67.6208287567393,47.0,1.70311967540442,5.24178923281278,98.0661880373342,1826.87130705039
Europe & Central Asia (excluding high income),ECA,1999,67.5900852347972,44.6,1.64866883986282,5.31216090262496,82.2726417512357,1689.60273656379
Europe & Central Asia (excluding high income),ECA,2000,67.5673063469823,42.3,1.64368048852298,5.22147899933621,92.2577713856269,1767.33942563369
Europe & Central Asia (excluding high income),ECA,2001,67.8203056353521,40.0,1.63797179738031,5.46482220693223,96.1063660492712,1689.65518224212
Europe & Central Asia (excluding high income),ECA,2002,67.7794803749484,38.0,1.66193124406449,5.74701889503319,115.637326535141,1844.7988833152
Europe & Central Asia (excluding high income),ECA,2003,67.9037561215758,36.1,1.66182706041492,5.67872783772768,144.48980711784,2180.50741157238
Europe & Central Asia (excluding high income),ECA,2004,68.2151074777985,34.2,1.69140539227401,5.49535794102694,184.811902037916,2859.27107955336
Europe & Central Asia (excluding high income),ECA,2005,68.3362991507434,32.6,1.66670620864543,5.51416683955754,233.932790484921,3679.67627406416
Europe & Central Asia (excluding high income),ECA,2006,68.9341978426219,30.9,1.69457892452849,5.5655463709445,290.02453500294,4565.81820570149
Europe & Central Asia (excluding high income),ECA,2007,69.4225641252171,29.3,1.76185354990587,5.63296982875478,378.115054944855,5679.85068564675
Europe & Central Asia (excluding high income),ECA,2008,69.690770467693,27.8,1.82996309666784,6.07951433060896,500.419957754413,6947.10414661662
Europe & Central Asia (excluding high income),ECA,2009,70.274393774003,26.4,1.84195423072708,6.78524504658466,436.176378377921,6836.66569626764
Europe & Central Asia (excluding high income),ECA,2010,70.5864807741964,25.1,1.83994124532585,6.37855552144203,488.135081698735,7326.30870644813
Europe & Central Asia (excluding high income),ECA,2011,71.1155855766662,24.0,1.83959165124176,6.12502507045481,551.733932290608,7886.76650275399
Europe & Central Asia (excluding high income),ECA,2012,71.5362036441746,23.0,1.89952278445962,6.32034037927074,588.507521466158,8932.81247516973
Europe & Central Asia (excluding high income),ECA,2013,71.7361671377628,22.1,1.89031938972038,6.48149518872367,631.357100590636,9716.74734012434
Europe & Central Asia (excluding high income),ECA,2014,71.8947256626789,21.3,1.88613854589891,6.42721512019188,569.757459617558,9606.76795660789
Europe & Central Asia (excluding high income),ECA,2015,,20.5,,,,8226.45221847864
European Union,EUU,1985,73.8772367546931,15.3094572887719,1.73030074862431,,,6763.55338652005
European Union,EUU,1986,74.1449759886364,14.7756150344568,1.71758765242758,,,7771.08563025018
European Union,EUU,1987,74.3868887215075,14.2762719518431,1.69976128655465,,,9876.00826284822
European Union,EUU,1988,74.5745765224069,13.7665875767529,1.70253129659919,,,12757.2142225625
European Union,EUU,1989,74.7376016273465,13.2184342592357,1.667161636279,,,13677.0126884986
European Union,EUU,1990,74.8592399444389,12.6323211981488,1.6582478768167,,,14708.9195258179
European Union,EUU,1991,74.9677918603424,12.0181876156375,1.61211478402757,,,15694.4460634376
European Union,EUU,1992,75.2868178406781,11.4292212928594,1.5755233580129,,,17584.6443105927
European Union,EUU,1993,75.393594245635,10.8373866216977,1.53447079717006,,,17336.4876566664
European Union,EUU,1994,75.6892683176979,10.2109314444146,1.4923388420579,,,17825.1033729316
European Union,EUU,1995,75.8133932999658,9.62356395443458,1.45150717199818,8.31798510964059,1650.72901001933,18732.7837283252
European Union,EUU,1996,76.0655494161561,9.07394327279886,1.45248344853805,8.43927466687376,1695.70695056324,19862.4350363963
European Union,EUU,1997,76.3587071114468,8.60366534721608,1.45317096607139,8.34146522050442,1561.31003812313,20103.2970265448
European Union,EUU,1998,76.5936293284287,8.19128406843905,1.44319215062032,8.33466944468408,1611.53870909516,19586.3555416143
European Union,EUU,1999,76.8235723022673,7.84443690623037,1.44264134225158,8.40711505552341,1626.46964652171,19491.7958388176
European Union,EUU,2000,77.1574640333918,7.54077370355777,1.46584816495821,8.40374984274885,1505.10323783077,19563.4819243777
European Union,EUU,2001,77.4926334131023,7.24228940208644,1.44804006254257,8.59000915453684,1553.93511800237,18915.2545299802
European Union,EUU,2002,77.6054820706136,6.98429507086828,1.44513165500984,8.81621147835816,1734.78538215306,18674.2215639853
European Union,EUU,2003,77.6929075580125,6.73226563715911,1.46344411492147,9.04682030198567,2161.35733262938,21046.0464214931
European Union,EUU,2004,78.1922340192548,6.45878592741937,1.49026194578577,9.07334656105952,2494.64361007017,25481.0268037777
European Union,EUU,2005,78.3638710720652,6.21543479789837,1.50193416987462,9.23268938305269,2641.69761299949,29277.4004091809
European Union,EUU,2006,78.7377506814038,5.97591583742373,1.53274527092905,9.18108610270084,2791.73238903115,31317.1364695415
European Union,EUU,2007,78.9682102701294,5.7367209658373,1.55812153834865,9.09559607003653,3188.14810719719,33504.892889228
European Union,EUU,2008,79.1830510497283,5.50763980408704,1.60909586531438,9.40218975808679,3533.67513681811,35968.0316909907
European Union,EUU,2009,79.4411175693251,5.3046863388111,1.60101517326801,10.1952568021814,3410.33605644443,35501.2639588233
European Union,EUU,2010,79.7247490710519,5.11162401363088,1.61209438601108,10.0513296596555,3340.98493384675,35431.004330252
European Union,EUU,2011,80.2896981674923,4.94857353468542,1.57677314144934,10.0103710521017,3588.67229830305,35694.7585624466
European Union,EUU,2012,80.3078602965072,4.80080572554242,1.57911936831105,10.0748135907338,3384.0510133212,35289.8779886963
European Union,EUU,2013,80.5895336429721,4.68704563262007,1.54271992748878,10.0971459406636,3533.84463887817,35557.1838377594
European Union,EUU,2014,80.6738136414,4.56155265909081,1.54409288390115,10.0389200768278,3612.93525297265,35663.7259435359
European Union,EUU,2015,,4.42931396774646,,,,34434.6105810669
Faroe Islands,FRO,1985,,,2.3,,,
Faroe Islands,FRO,1986,75.2658536585366,,2.4,,,
Faroe Islands,FRO,1987,75.4658536585366,,2.4,,,
Faroe Islands,FRO,1988,75.7146341463415,,2.6,,,
Faroe Islands,FRO,1989,75.9146341463415,,2.7,,,
Faroe Islands,FRO,1990,76.1146341463415,,2.8,,,
Faroe Islands,FRO,1991,76.3634146341464,,2.6,,,
Faroe Islands,FRO,1992,76.6146341463415,,2.5,,,
Faroe Islands,FRO,1993,76.9146341463415,,2.5,,,
Faroe Islands,FRO,1994,77.1658536585366,,2.4,,,
Faroe Islands,FRO,1995,77.3658536585366,,2.5,,,
Faroe Islands,FRO,1996,77.6170731707317,,2.6,,,
Faroe Islands,FRO,1997,77.8219512195122,,2.5,,,
Faroe Islands,FRO,1998,78.0268292682927,,2.3,,,
Faroe Islands,FRO,1999,78.2317073170732,,2.3,,,
Faroe Islands,FRO,2000,78.4365853658537,,2.6,,,
Faroe Islands,FRO,2001,78.6414634146341,,2.3,,,
Faroe Islands,FRO,2002,78.8439024390244,,2.6,,,
Faroe Islands,FRO,2003,78.9439024390244,,2.5,,,
Faroe Islands,FRO,2004,79.1414634146342,,2.6,,,
Faroe Islands,FRO,2005,79.290243902439,,2.6,,,
Faroe Islands,FRO,2006,79.5878048780488,,2.5,,,
Faroe Islands,FRO,2007,79.8365853658537,,2.6,,,
Faroe Islands,FRO,2008,80.1365853658537,,2.6,,,
Faroe Islands,FRO,2009,80.3878048780488,,2.4,,,
Faroe Islands,FRO,2010,80.6390243902439,,2.5,,,
Faroe Islands,FRO,2011,80.9390243902439,,2.3,,,
Faroe Islands,FRO,2012,81.190243902439,,2.6,,,
Faroe Islands,FRO,2013,81.4414634146341,,2.5,,,
Faroe Islands,FRO,2014,81.6926829268293,,2.6,,,
Faroe Islands,FRO,2015,,,,,,
Fiji,FJI,1985,64.3790975609756,35.4,3.629,,,1580.0
Fiji,FJI,1986,64.6297073170732,34.1,3.568,,,1790.0
Fiji,FJI,1987,64.8732926829268,33.0,3.512,,,1770.0
Fiji,FJI,1988,65.1113414634146,31.8,3.465,,,1790.0
Fiji,FJI,1989,65.3438536585366,30.8,3.427,,,1790.0
Fiji,FJI,1990,65.5708536585366,29.8,3.398,,,1790.0
Fiji,FJI,1991,65.7933170731707,28.8,3.374,,,1790.0
Fiji,FJI,1992,66.011243902439,28.0,3.352,,,1990.0
Fiji,FJI,1993,66.2241463414634,27.2,3.33,,,2090.0
Fiji,FJI,1994,66.4335365853659,26.6,3.305,,,2230.0
Fiji,FJI,1995,66.6389024390244,26.2,3.276,3.11363329,79.10781019,2460.0
Fiji,FJI,1996,66.840243902439,25.8,3.244,3.27231193,88.81849817,2660.0
Fiji,FJI,1997,67.0375609756098,25.4,3.209,3.53182738,93.27957818,2580.0
Fiji,FJI,1998,67.2308536585366,25.1,3.171,3.18470345,65.92817332,2300.0
Fiji,FJI,1999,67.4201219512195,24.8,3.132,3.14455216,75.72505811,2350.0
Fiji,FJI,2000,67.6058536585366,24.5,3.09,3.86874867,80.31479696,2230.0
Fiji,FJI,2001,67.788,24.2,3.046,3.28148396,66.90517405,2140.0
Fiji,FJI,2002,67.9670975609756,23.9,3.001,3.48156111,78.65789789,2170.0
Fiji,FJI,2003,68.1431463414634,23.7,2.954,3.35233567,95.08163275,2420.0
Fiji,FJI,2004,68.3176829268293,23.7,2.907,3.60774412,120.24649697,3030.0
Fiji,FJI,2005,68.4917804878049,23.7,2.86,3.60776119,131.99677859,3590.0
Fiji,FJI,2006,68.666512195122,23.8,2.816,3.83604195,143.85430401,3630.0
Fiji,FJI,2007,68.8434146341464,23.9,2.774,3.74015968,152.5712481,3830.0
Fiji,FJI,2008,69.0220243902439,24.0,2.736,3.67865292,153.70515429,4020.0
Fiji,FJI,2009,69.2028536585366,24.0,2.701,4.25794871,143.4860915,3870.0
Fiji,FJI,2010,69.3843658536586,23.9,2.669,4.22789631,154.40033533,3650.0
Fiji,FJI,2011,69.565,23.7,2.641,4.05573589,170.51212304,3610.0
Fiji,FJI,2012,69.7432195121951,23.5,2.615,4.16378175,183.37510903,4020.0
Fiji,FJI,2013,69.9179268292683,23.2,2.589,4.26284098,186.64025801,4660.0
Fiji,FJI,2014,70.0891219512195,22.9,2.564,4.48749874,204.01121166,4870.0
Fiji,FJI,2015,,22.4,,,,4800.0
Finland,FIN,1985,74.2229268292683,7.3,1.64,,,11130.0
Finland,FIN,1986,74.56,7.3,1.6,,,13010.0
Finland,FIN,1987,74.5919512195122,7.2,1.59,,,16480.0
Finland,FIN,1988,74.5770731707317,7.1,1.69,,,21540.0
Finland,FIN,1989,74.7921951219512,6.9,1.71,,,24110.0
Finland,FIN,1990,74.8131707317073,6.7,1.78,,,26000.0
Finland,FIN,1991,75.2275609756098,6.4,1.79,,,25090.0
Finland,FIN,1992,75.4553658536585,6.1,1.85,,,24170.0
Finland,FIN,1993,75.7051219512195,5.8,1.81,,,20680.0
Finland,FIN,1994,76.3956097560976,5.5,1.85,,,20170.0
Finland,FIN,1995,76.409512195122,5.2,1.81,7.84986061,2014.08400933,22030.0
Finland,FIN,1996,76.6934146341464,4.9,1.76,8.03312617,2014.74582091,24970.0
Finland,FIN,1997,76.8785365853659,4.7,1.75,7.71484885,1848.76771607,26650.0
Finland,FIN,1998,77.0907317073171,4.6,1.7,7.35005359,1853.03395854,25790.0
Finland,FIN,1999,77.2912195121951,4.4,1.73,7.37327066,1862.52721996,26040.0
Finland,FIN,2000,77.4658536585366,4.3,1.73,7.21904777,1700.31972826,26420.0
Finland,FIN,2001,77.9658536585366,4.2,1.73,7.42501005,1786.26444392,25780.0
Finland,FIN,2002,78.119512195122,4.1,1.72,7.80782855,2032.22834638,25510.0
Finland,FIN,2003,78.3682926829268,4.0,1.76,8.15119542,2571.71159143,28680.0
Finland,FIN,2004,78.7146341463415,3.9,1.8,8.20952406,2973.99924526,35200.0
Finland,FIN,2005,78.8170731707317,3.8,1.8,8.42946509,3151.84064292,40100.0
Finland,FIN,2006,79.2146341463415,3.6,1.84,8.38132513,3316.63475768,42740.0
Finland,FIN,2007,79.2634146341464,3.5,1.83,8.09335361,3775.57932798,46040.0
Finland,FIN,2008,79.5682926829268,3.3,1.85,8.35417138,4287.01742797,49920.0
Finland,FIN,2009,79.719512195122,3.2,1.86,9.20360107,4136.65690298,48590.0
Finland,FIN,2010,79.8707317073171,3.0,1.87,9.0454216,4001.32569162,49330.0
Finland,FIN,2011,80.4707317073171,2.9,1.83,9.01149493,4398.94233066,49910.0
Finland,FIN,2012,80.6268292682927,2.7,1.8,9.29823712,4254.75866481,48670.0
Finland,FIN,2013,80.9756097560976,2.6,1.75,9.54669008,4518.96928241,49080.0
Finland,FIN,2014,81.1292682926829,2.4,1.75,9.67990894,4612.29045597,48830.0
Finland,FIN,2015,,2.3,,,,46360.0
Fragile and conflict affected situations,FCS,1985,53.396909196254,159.081530670777,6.25814023494695,,,
Fragile and conflict affected situations,FCS,1986,53.7810417535425,156.566194394789,6.19181183620051,,,
Fragile and conflict affected situations,FCS,1987,54.1385118568376,153.861117303333,6.12316791895511,,,
Fragile and conflict affected situations,FCS,1988,54.4538632853459,151.323530650966,6.05279770788685,,,
Fragile and conflict affected situations,FCS,1989,54.7361785448969,148.881417569157,5.98229847914876,,,
Fragile and conflict affected situations,FCS,1990,55.0820168848299,146.638649213448,5.91908562459399,,,
Fragile and conflict affected situations,FCS,1991,55.293082849028,144.435317598278,5.85233280848435,,,
Fragile and conflict affected situations,FCS,1992,55.4713571566033,142.355199940296,5.78919848759723,,,
Fragile and conflict affected situations,FCS,1993,55.6251043551963,140.370745165071,5.72818602560152,,,
Fragile and conflict affected situations,FCS,1994,55.7609815583158,138.42438017557,5.66830457337032,,,
Fragile and conflict affected situations,FCS,1995,55.8881007803963,136.478798273792,5.60809530965822,,27.1979933517498,
Fragile and conflict affected situations,FCS,1996,56.0178378951614,134.39484619956,5.54492526029236,,28.5915797204361,
Fragile and conflict affected situations,FCS,1997,56.1605510230586,132.162490473832,5.48122207919999,,29.7854389197276,
Fragile and conflict affected situations,FCS,1998,56.3175196947939,129.656966574759,5.41694413276151,,29.189548463346,
Fragile and conflict affected situations,FCS,1999,56.4914047278978,126.918095789313,5.35372210864438,,29.1448840921556,
Fragile and conflict affected situations,FCS,2000,56.7221696448769,123.944215846024,5.29242133153395,4.85443934058558,30.5465057394075,
Fragile and conflict affected situations,FCS,2001,56.9904502741797,120.767761162484,5.23417209116437,5.33032789614613,28.3936445713515,
Fragile and conflict affected situations,FCS,2002,57.2969498874708,117.468381029464,5.17705957120702,5.50680177520237,26.232106201033,
Fragile and conflict affected situations,FCS,2003,57.6369759301068,114.085591758854,5.12009969469503,5.38067179167136,27.2866201249187,
Fragile and conflict affected situations,FCS,2004,58.0049767124796,110.673971994631,5.06231883871179,5.2880680077932,32.9162364151322,662.561033453752
Fragile and conflict affected situations,FCS,2005,58.394196890905,107.246905002584,5.00277801050038,4.55779283060799,33.9528323810636,766.602966204832
Fragile and conflict affected situations,FCS,2006,58.7986027523107,103.818624730634,4.93900581074964,4.30328134027485,38.2221718016609,854.664610815199
Fragile and conflict affected situations,FCS,2007,59.2078217814429,100.497862409467,4.8741363157314,4.4929837616738,47.6558326178412,997.701507763233
Fragile and conflict affected situations,FCS,2008,59.6112201299788,98.922193297066,4.80884994795046,4.86975101537462,59.1850690986994,1197.36409626288
Fragile and conflict affected situations,FCS,2009,59.9992858747058,94.0454585941463,4.74324234680065,5.63850807876577,62.5341139253682,1307.71499724483
Fragile and conflict affected situations,FCS,2010,60.3684596984922,93.314592930787,4.67831493220319,5.2111507606357,64.6408242512063,1388.21100760006
Fragile and conflict affected situations,FCS,2011,60.7198922310312,88.1571662420591,4.61421692353963,5.21958699574193,66.9120679898493,1311.85470727146
Fragile and conflict affected situations,FCS,2012,61.0606724833664,85.2861917036764,4.55042404901382,5.33827772390672,81.6509870886495,1601.28856222763
Fragile and conflict affected situations,FCS,2013,61.3944450692562,82.5502493956637,4.48699081696078,5.66111173954386,83.9472656114798,1704.0751355305
Fragile and conflict affected situations,FCS,2014,61.7210708040751,80.0186607426632,4.42310666682277,5.58523200263708,80.0943613596491,1646.63773002141
Fragile and conflict affected situations,FCS,2015,,77.5901540419268,,,,1523.59010515236
France,FRA,1985,75.3,10.3,1.86,,,9800.0
France,FRA,1986,75.6,10.0,1.85,,,11350.0
France,FRA,1987,75.8,9.8,1.83,,,14490.0
France,FRA,1988,76.1,9.6,1.81,,,18540.0
France,FRA,1989,76.3487804878049,9.3,1.79,,,19510.0
France,FRA,1990,76.6,9.0,1.77,,,20660.0
France,FRA,1991,76.8487804878049,8.6,1.75,,,21550.0
France,FRA,1992,77.1,8.1,1.74,,,24010.0
France,FRA,1993,77.3,7.6,1.73,,,23760.0
France,FRA,1994,77.6487804878049,7.0,1.73,,,24550.0
France,FRA,1995,77.7512195121951,6.5,1.74,10.11255569,2744.52266856,25910.0
France,FRA,1996,77.9536585365854,6.1,1.75,10.10873665,2741.65885492,27270.0
France,FRA,1997,78.3048780487805,5.8,1.77,9.97504961,2439.58829018,27090.0
France,FRA,1998,78.6048780487805,5.6,1.78,9.86474371,2486.67542158,25970.0
France,FRA,1999,78.7560975609756,5.5,1.81,9.85689755,2458.13372851,25560.0
France,FRA,2000,79.0560975609756,5.4,1.89,9.77454768,2209.24373002,25150.0
France,FRA,2001,79.1585365853659,5.3,1.9,9.88690294,2241.05623471,23940.0
France,FRA,2002,79.2609756097561,5.1,1.88,10.22030799,2496.52207757,23180.0
France,FRA,2003,79.1146341463415,4.9,1.89,10.42832417,3115.23632447,26020.0
France,FRA,2004,80.1634146341463,4.7,1.92,10.53472683,3592.4217979,31500.0
France,FRA,2005,80.1634146341463,4.6,1.94,10.59988615,3721.11160896,36000.0
France,FRA,2006,80.8121951219512,4.5,2.0,10.52922033,3871.53094659,37960.0
France,FRA,2007,81.1121951219512,4.4,1.98,10.44898821,4371.96682174,40250.0
France,FRA,2008,81.2146341463415,4.3,2.01,10.5698701,4827.87566626,43510.0
France,FRA,2009,81.4146341463415,4.3,2.0,11.28059369,4722.0138303,43760.0
France,FRA,2010,81.6634146341463,4.3,2.03,11.19721933,4583.68860701,43790.0
France,FRA,2011,82.1146341463415,4.3,2.01,11.33488998,4993.71731121,44220.0
France,FRA,2012,81.9682926829268,4.3,2.01,11.43898967,4698.92062503,43020.0
France,FRA,2013,82.219512195122,4.4,1.99,11.56028303,4955.35152387,43500.0
France,FRA,2014,82.3731707317073,4.4,1.99,11.53951975,4958.98922627,42820.0
France,FRA,2015,,4.3,,,,40580.0
French Polynesia,PYF,1985,67.4518780487805,,3.738,,,8420.0
French Polynesia,PYF,1986,67.7743902439024,,3.697,,,10350.0
French Polynesia,PYF,1987,68.0499512195122,,3.645,,,13120.0
French Polynesia,PYF,1988,68.3073414634146,,3.579,,,15480.0
French Polynesia,PYF,1989,68.5617317073171,,3.497,,,15050.0
French Polynesia,PYF,1990,68.8286097560976,,3.4,,,15390.0
French Polynesia,PYF,1991,69.1207804878049,,3.291,,,16160.0
French Polynesia,PYF,1992,69.4403414634146,,3.175,,,17430.0
French Polynesia,PYF,1993,69.7845609756098,,3.059,,,17590.0
French Polynesia,PYF,1994,70.1549268292683,,2.946,,,17690.0
French Polynesia,PYF,1995,70.5442195121951,,2.841,,,18150.0
French Polynesia,PYF,1996,70.9433658536585,,2.745,,,18020.0
French Polynesia,PYF,1997,71.3390487804878,,2.66,,,17490.0
French Polynesia,PYF,1998,71.7238048780488,,2.585,,,16890.0
French Polynesia,PYF,1999,72.0933902439024,,2.52,,,16400.0
French Polynesia,PYF,2000,72.45,,2.463,,,15990.0
French Polynesia,PYF,2001,72.8006829268293,,2.414,,,
French Polynesia,PYF,2002,73.1526341463415,,2.37,,,
French Polynesia,PYF,2003,73.5105609756098,,2.329,,,
French Polynesia,PYF,2004,73.8703170731707,,2.289,,,
French Polynesia,PYF,2005,74.2266829268293,,2.251,,,
French Polynesia,PYF,2006,74.5699512195122,,2.216,,,
French Polynesia,PYF,2007,74.8919756097561,,2.184,,,
French Polynesia,PYF,2008,75.1866585365854,,2.156,,,
French Polynesia,PYF,2009,75.4534634146341,,2.131,,,
French Polynesia,PYF,2010,75.6953902439025,,2.11,,,
French Polynesia,PYF,2011,75.9170243902439,,2.092,,,
French Polynesia,PYF,2012,76.1270243902439,,2.075,,,
French Polynesia,PYF,2013,76.3340731707317,,2.059,,,
French Polynesia,PYF,2014,76.5416829268293,,2.043,,,
French Polynesia,PYF,2015,,,,,,
Gabon,GAB,1985,59.0942682926829,100.4,5.689,,,3850.0
Gabon,GAB,1986,59.7710243902439,98.2,5.654,,,3830.0
Gabon,GAB,1987,60.3348536585366,96.5,5.609,,,3410.0
Gabon,GAB,1988,60.7697804878049,95.1,5.554,,,4140.0
Gabon,GAB,1989,61.0703658536586,93.9,5.491,,,4560.0
Gabon,GAB,1990,61.2401463414634,92.9,5.421,,,4810.0
Gabon,GAB,1991,61.2916829268293,92.0,5.345,,,5160.0
Gabon,GAB,1992,61.254512195122,91.3,5.263,,,5110.0
Gabon,GAB,1993,61.1566829268293,90.6,5.176,,,4420.0
Gabon,GAB,1994,61.0141951219512,89.8,5.087,,,4130.0
Gabon,GAB,1995,60.8291463414634,89.1,4.996,3.48304784,158.97567797,3900.0
Gabon,GAB,1996,60.5920975609756,88.5,4.903,3.39675368,173.48296373,4090.0
Gabon,GAB,1997,60.3030243902439,87.9,4.809,3.00630403,140.00262037,4260.0
Gabon,GAB,1998,59.9768048780488,87.2,4.716,4.2435531,162.1804824,3930.0
Gabon,GAB,1999,59.6413170731707,86.3,4.625,3.52033514,136.51971085,3270.0
Gabon,GAB,2000,59.3394878048781,85.3,4.539,2.88920101,118.89168861,3090.0
Gabon,GAB,2001,59.1167073170732,84.0,4.46,3.2299484,128.61198297,3420.0
Gabon,GAB,2002,59.0028048780488,82.5,4.389,3.21867604,132.58224114,3600.0
Gabon,GAB,2003,59.0190731707317,80.8,4.327,3.47902086,171.49215857,3870.0
Gabon,GAB,2004,59.1737804878049,78.8,4.274,3.25513645,187.36433245,4320.0
Gabon,GAB,2005,59.4680487804878,76.7,4.23,2.75520343,189.15361319,5580.0
Gabon,GAB,2006,59.8870731707317,74.5,4.194,2.88201626,207.70599775,5750.0
Gabon,GAB,2007,60.3927804878049,71.9,4.164,2.8583196,246.75179269,6630.0
Gabon,GAB,2008,60.9491951219512,68.9,4.138,2.535878,266.85732156,7480.0
Gabon,GAB,2009,61.5314634146342,66.1,4.112,3.42794074,276.34582289,7880.0
Gabon,GAB,2010,62.1208292682927,63.3,4.083,3.4057095,319.73593759,8250.0
Gabon,GAB,2011,62.7050975609756,60.6,4.05,3.12257014,352.99717087,8650.0
Gabon,GAB,2012,63.2807317073171,57.7,4.01,3.13156309,343.24197596,9850.0
Gabon,GAB,2013,63.8435853658537,54.8,3.963,3.98331084,380.25873312,10270.0
Gabon,GAB,2014,64.3833902439024,52.3,3.909,3.43747162,321.33009074,10410.0
Gabon,GAB,2015,,50.8,,,,9210.0
"Gambia, The",GMB,1985,50.0310487804878,204.0,6.219,,,310.0
"Gambia, The",GMB,1986,50.613,196.8,6.19,,,310.0
"Gambia, The",GMB,1987,51.1184634146341,189.9,6.164,,,330.0
"Gambia, The",GMB,1988,51.5484634146342,183.1,6.141,,,310.0
"Gambia, The",GMB,1989,51.9104634146342,176.6,6.123,,,310.0
"Gambia, The",GMB,1990,52.214,170.2,6.107,,,320.0
"Gambia, The",GMB,1991,52.4739756097561,164.2,6.095,,,410.0
"Gambia, The",GMB,1992,52.7114390243902,158.5,6.083,,,550.0
"Gambia, The",GMB,1993,52.9488536585366,152.9,6.07,,,750.0
"Gambia, The",GMB,1994,53.2027804878049,147.5,6.056,,,730.0
"Gambia, The",GMB,1995,53.4908048780488,142.4,6.039,3.2577568,24.0269989,740.0
"Gambia, The",GMB,1996,53.8280243902439,137.4,6.018,3.36690123,26.06056626,750.0
"Gambia, The",GMB,1997,54.2104878048781,132.5,5.995,3.1146135,22.21316202,730.0
"Gambia, The",GMB,1998,54.6337073170732,127.9,5.97,3.5360106,25.63568016,710.0
"Gambia, The",GMB,1999,55.0916097560976,123.2,5.944,3.56361232,24.33864676,690.0
"Gambia, The",GMB,2000,55.5760731707317,118.8,5.917,3.61338256,23.02191333,670.0
"Gambia, The",GMB,2001,56.0734146341463,114.5,5.891,3.70840054,20.11918153,600.0
"Gambia, The",GMB,2002,56.567512195122,110.2,5.867,3.75098777,16.58607401,480.0
"Gambia, The",GMB,2003,57.042243902439,106.0,5.845,4.21918804,15.21714528,420.0
"Gambia, The",GMB,2004,57.4870975609756,101.9,5.827,4.3519662,18.05986653,420.0
"Gambia, The",GMB,2005,57.8920975609756,97.9,5.812,4.96685998,21.52090965,400.0
"Gambia, The",GMB,2006,58.2508292682927,94.2,5.803,5.52277969,24.31759774,410.0
"Gambia, The",GMB,2007,58.5694390243902,90.6,5.799,5.76134541,29.95689555,450.0
"Gambia, The",GMB,2008,58.8530731707317,87.4,5.798,5.9455552,36.18793869,520.0
"Gambia, The",GMB,2009,59.1077804878049,84.3,5.798,5.84983434,32.14718961,580.0
"Gambia, The",GMB,2010,59.3406097560976,81.4,5.796,5.75051063,32.33065903,590.0
"Gambia, The",GMB,2011,59.5605853658537,78.6,5.789,6.24125427,32.26657498,520.0
"Gambia, The",GMB,2012,59.7781463414634,76.1,5.775,6.12343327,30.91778552,520.0
"Gambia, The",GMB,2013,59.9992682926829,73.6,5.751,6.49113393,30.98856445,500.0
"Gambia, The",GMB,2014,60.2284390243902,71.1,5.717,7.34040076,30.72368182,460.0
"Gambia, The",GMB,2015,,68.9,,,,
Georgia,GEO,1985,69.7748536585366,50.7,2.273,,,
Georgia,GEO,1986,69.9008048780488,49.8,2.269,,,
Georgia,GEO,1987,69.9926341463415,49.1,2.26,,,
Georgia,GEO,1988,70.0353414634146,48.6,2.243,,,
Georgia,GEO,1989,70.0324634146342,48.1,2.217,,,
Georgia,GEO,1990,69.9996097560976,47.7,2.18,,,
Georgia,GEO,1991,69.9608292682927,47.2,2.132,,,
Georgia,GEO,1992,69.9477317073171,46.6,2.076,,,750.0
Georgia,GEO,1993,69.9823414634146,46.0,2.013,,,540.0
Georgia,GEO,1994,70.0756829268293,45.2,1.946,,,510.0
Georgia,GEO,1995,70.2327317073171,44.3,1.879,5.12490374,29.57789661,540.0
Georgia,GEO,1996,70.4519512195122,43.0,1.812,7.49096865,45.98470818,650.0
Georgia,GEO,1997,70.7147317073171,41.5,1.749,7.98980819,56.99525159,790.0
Georgia,GEO,1998,71.003512195122,39.8,1.692,6.54770804,48.68347258,820.0
Georgia,GEO,1999,71.3072195121951,37.8,1.643,6.29395835,36.70438657,780.0
Georgia,GEO,2000,71.6158292682927,35.7,1.609,6.939338,44.98843071,750.0
Georgia,GEO,2001,71.9182682926829,33.4,1.592,7.81612364,54.02078648,720.0
Georgia,GEO,2002,72.2110731707317,31.1,1.593,8.72331141,64.3261154,770.0
Georgia,GEO,2003,72.490243902439,28.9,1.609,8.48522551,74.42193978,910.0
Georgia,GEO,2004,72.7502926829268,26.7,1.639,8.53107694,96.98255655,1120.0
Georgia,GEO,2005,72.990243902439,24.6,1.678,8.59882617,123.40380517,1410.0
Georgia,GEO,2006,73.2121463414634,22.7,1.719,8.39422247,147.34678246,1790.0
Georgia,GEO,2007,73.4210243902439,20.9,1.758,8.16731799,189.92874952,2240.0
Georgia,GEO,2008,73.6214390243902,19.3,1.788,8.99319466,264.7580109,2670.0
Georgia,GEO,2009,73.8154146341463,17.9,1.809,10.19421933,255.27717099,2800.0
Georgia,GEO,2010,74.0024390243902,16.6,1.82,10.05158367,274.8616084,3000.0
Georgia,GEO,2011,74.1820487804878,15.5,1.822,9.38218863,323.43470195,3300.0
Georgia,GEO,2012,74.3527073170732,14.4,1.82,8.57085151,327.68790333,3870.0
Georgia,GEO,2013,74.5139024390244,13.4,1.817,7.2473647,286.07282837,4240.0
Georgia,GEO,2014,74.6686341463415,12.6,1.816,7.4166592,302.6006332,4490.0
Georgia,GEO,2015,,11.9,,,,4160.0
Germany,DEU,1985,74.0645365853659,11.1,1.37,,,9850.0
Germany,DEU,1986,74.3216341463415,10.6,1.43,,,11260.0
Germany,DEU,1987,74.5596097560976,10.1,1.43,,,14260.0
Germany,DEU,1988,74.7789512195122,9.5,1.46,,,18650.0
Germany,DEU,1989,74.9826829268293,9.0,1.42,,,19790.0
Germany,DEU,1990,75.1773658536586,8.5,1.45,,,21340.0
Germany,DEU,1991,75.319512195122,8.0,1.33,,,22920.0
Germany,DEU,1992,75.819512195122,7.6,1.29,,,25860.0
Germany,DEU,1993,75.8707317073171,7.2,1.28,,,25990.0
Germany,DEU,1994,76.2707317073171,6.8,1.24,,,27530.0
Germany,DEU,1995,76.4219512195122,6.5,1.25,9.43119261,3128.73741825,29560.0
Germany,DEU,1996,76.6731707317073,6.2,1.3,9.91390845,3107.36972697,30910.0
Germany,DEU,1997,77.0731707317073,5.9,1.35,10.03394379,2702.66308922,30200.0
Germany,DEU,1998,77.4756097560976,5.7,1.36,10.04933602,2728.65954148,27990.0
Germany,DEU,1999,77.7268292682927,5.5,1.36,10.04867111,2694.63928379,26880.0
Germany,DEU,2000,77.9268292682927,5.4,1.38,10.10314295,2397.7536764,26210.0
Germany,DEU,2001,78.3292682926829,5.2,1.35,10.15409317,2407.86939026,24790.0
Germany,DEU,2002,78.2292682926829,5.1,1.34,10.39990223,2622.9779821,23710.0
Germany,DEU,2003,78.3804878048781,5.0,1.34,10.61578862,3222.75341171,26230.0
Germany,DEU,2004,78.6804878048781,4.9,1.36,10.37086787,3542.8248693,31730.0
Germany,DEU,2005,78.9317073170732,4.7,1.34,10.51754561,3647.78964092,35880.0
Germany,DEU,2006,79.1317073170732,4.6,1.33,10.34100073,3766.11259222,38370.0
Germany,DEU,2007,79.5341463414634,4.5,1.37,10.1804053,4254.23350071,40700.0
Germany,DEU,2008,79.7365853658537,4.4,1.38,10.39246762,4743.27281956,43870.0
Germany,DEU,2009,79.8365853658537,4.3,1.36,11.40325491,4752.81769821,43810.0
Germany,DEU,2010,79.9878048780488,4.2,1.39,11.25156004,4700.08584063,44790.0
Germany,DEU,2011,80.7414634146342,4.1,1.36,10.93273699,5025.25253912,46480.0
Germany,DEU,2012,80.8926829268293,4.0,1.38,10.99191973,4753.87592082,46680.0
Germany,DEU,2013,80.8439024390244,3.9,1.39,11.16480314,5098.23693369,46390.0
Germany,DEU,2014,80.8439024390244,3.8,1.39,11.29700067,5410.63463897,47500.0
Germany,DEU,2015,,3.7,,,,45790.0
Ghana,GHA,1985,54.1097073170732,154.6,6.131,,,350.0
Ghana,GHA,1986,54.6026829268293,149.7,6.035,,,400.0
Ghana,GHA,1987,55.1373170731707,144.1,5.935,,,420.0
Ghana,GHA,1988,55.6936341463415,138.2,5.831,,,440.0
Ghana,GHA,1989,56.2471707317073,132.6,5.725,,,410.0
Ghana,GHA,1990,56.7516341463415,127.4,5.616,,,400.0
Ghana,GHA,1991,57.1572682926829,123.1,5.505,,,420.0
Ghana,GHA,1992,57.4367804878049,119.7,5.391,,,440.0
Ghana,GHA,1993,57.5798048780488,117.1,5.277,,,420.0
Ghana,GHA,1994,57.5948292682927,115.1,5.164,,,380.0
Ghana,GHA,1995,57.5027073170732,113.4,5.057,3.08622897,19.07131288,380.0
Ghana,GHA,1996,57.3407804878049,111.6,4.957,3.44504879,22.29240153,380.0
Ghana,GHA,1997,57.164243902439,109.5,4.869,2.9955213,18.83242362,400.0
Ghana,GHA,1998,57.0239268292683,106.9,4.792,3.23156333,20.55406192,400.0
Ghana,GHA,1999,56.9537073170732,104.0,4.727,3.08048613,19.87014001,400.0
Ghana,GHA,2000,56.9870975609756,100.7,4.67,2.99813339,12.26656521,340.0
Ghana,GHA,2001,57.1476097560976,97.3,4.618,3.55887452,15.24726004,300.0
Ghana,GHA,2002,57.4204390243902,94.2,4.568,3.07302943,14.98250706,280.0
Ghana,GHA,2003,57.7851707317073,91.3,4.517,3.12389313,18.48245054,320.0
Ghana,GHA,2004,58.2223658536585,88.7,4.464,3.95738509,26.70497519,390.0
Ghana,GHA,2005,58.7010487804878,86.5,4.413,4.50784786,36.03047454,470.0
Ghana,GHA,2006,59.1842195121951,84.4,4.367,4.63638188,43.11005603,610.0
Ghana,GHA,2007,59.6358536585366,82.2,4.33,5.30044343,58.24894864,800.0
Ghana,GHA,2008,60.0304146341463,79.9,4.303,4.85068811,59.8645213,1170.0
Ghana,GHA,2009,60.3554634146342,77.4,4.285,5.17304409,56.67149658,1210.0
Ghana,GHA,2010,60.6099756097561,74.7,4.272,5.33452117,70.57961572,1260.0
Ghana,GHA,2011,60.808,71.9,4.258,4.80741948,76.29999038,1410.0
Ghana,GHA,2012,60.9770243902439,69.2,4.238,4.7900551,78.6432553,1570.0
Ghana,GHA,2013,61.1420731707317,66.5,4.209,4.62620018,84.52763507,1740.0
Ghana,GHA,2014,61.3116341463415,64.0,4.168,3.55729189,57.89263246,1590.0
Ghana,GHA,2015,,61.6,,,,1480.0
Gibraltar,GIB,1985,,,,,,
Gibraltar,GIB,1986,,,,,,
Gibraltar,GIB,1987,,,,,,
Gibraltar,GIB,1988,,,,,,
Gibraltar,GIB,1989,,,,,,
Gibraltar,GIB,1990,,,,,,
Gibraltar,GIB,1991,,,,,,
Gibraltar,GIB,1992,,,,,,
Gibraltar,GIB,1993,,,,,,
Gibraltar,GIB,1994,,,,,,
Gibraltar,GIB,1995,,,,,,
Gibraltar,GIB,1996,,,,,,
Gibraltar,GIB,1997,,,,,,
Gibraltar,GIB,1998,,,,,,
Gibraltar,GIB,1999,,,,,,
Gibraltar,GIB,2000,,,,,,
Gibraltar,GIB,2001,,,,,,
Gibraltar,GIB,2002,,,,,,
Gibraltar,GIB,2003,,,,,,
Gibraltar,GIB,2004,,,,,,
Gibraltar,GIB,2005,,,,,,
Gibraltar,GIB,2006,,,,,,
Gibraltar,GIB,2007,,,,,,
Gibraltar,GIB,2008,,,,,,
Gibraltar,GIB,2009,,,,,,
Gibraltar,GIB,2010,,,,,,
Gibraltar,GIB,2011,,,,,,
Gibraltar,GIB,2012,,,,,,
Gibraltar,GIB,2013,,,,,,
Gibraltar,GIB,2014,,,,,,
Gibraltar,GIB,2015,,,,,,
Greece,GRC,1985,75.0765609756098,17.4,1.67,,,5010.0
Greece,GRC,1986,75.3302195121951,16.4,1.6,,,5350.0
Greece,GRC,1987,75.6026341463415,15.3,1.5,,,6130.0
Greece,GRC,1988,75.9006585365854,14.3,1.5,,,7580.0
Greece,GRC,1989,76.6878048780488,13.3,1.4,,,8300.0
Greece,GRC,1990,76.9390243902439,12.6,1.4,,,8960.0
Greece,GRC,1991,77.1365853658537,11.9,1.38,,,9830.0
Greece,GRC,1992,77.3829268292683,11.4,1.39,,,11180.0
Greece,GRC,1993,77.390243902439,10.9,1.34,,,11120.0
Greece,GRC,1994,77.6390243902439,10.5,1.35,,,11590.0
Greece,GRC,1995,77.5853658536585,10.1,1.31,8.26531533,1067.86781155,12390.0
Greece,GRC,1996,77.6853658536585,9.7,1.28,8.16894191,1116.37197524,13410.0
Greece,GRC,1997,78.1365853658537,9.3,1.28,8.00961014,1067.17573809,14080.0
Greece,GRC,1998,77.8390243902439,8.8,1.26,7.91137977,1057.21688255,13790.0
Greece,GRC,1999,77.9878048780488,8.3,1.24,8.12549939,1115.87461318,13360.0
Greece,GRC,2000,77.8878048780488,7.8,1.27,7.60226921,918.42963741,13310.0
Greece,GRC,2001,78.3878048780488,7.3,1.25,8.47012165,1055.0089315,13050.0
Greece,GRC,2002,78.6414634146341,6.8,1.27,8.71768644,1222.75111459,13130.0
Greece,GRC,2003,78.8414634146341,6.3,1.28,8.60848417,1580.46474691,15680.0
Greece,GRC,2004,79.0390243902439,5.9,1.3,8.30236873,1809.35277716,19550.0
Greece,GRC,2005,79.2390243902439,5.5,1.32,9.36146591,2094.78397487,22730.0
Greece,GRC,2006,79.4390243902439,5.2,1.38,9.33528442,2296.04741469,24510.0
Greece,GRC,2007,79.4390243902439,5.0,1.38,9.4084693,2689.06235471,26340.0
Greece,GRC,2008,79.9390243902439,4.8,1.47,9.75879775,3093.57726714,28610.0
Greece,GRC,2009,80.1878048780488,4.8,1.49,9.76326668,2879.07809767,29280.0
Greece,GRC,2010,80.3878048780488,4.7,1.47,9.18486746,2458.728117,27680.0
Greece,GRC,2011,80.7317073170732,4.7,1.4,9.77188991,2528.39162218,25020.0
Greece,GRC,2012,80.6341463414634,4.7,1.35,9.24254484,2048.92691658,23860.0
Greece,GRC,2013,81.2853658536585,4.7,1.3,9.25694494,2017.22275798,22810.0
Greece,GRC,2014,81.2853658536585,4.6,1.3,8.08426702,1743.03753324,22040.0
Greece,GRC,2015,,4.6,,,,20290.0
Greenland,GRL,1985,63.8336585365854,,2.241,,,7060.0
Greenland,GRL,1986,64.2487804878049,,2.044,,,8540.0
Greenland,GRL,1987,64.6541463414634,,2.083,,,11470.0
Greenland,GRL,1988,64.5824390243903,,2.317,,,15170.0
Greenland,GRL,1989,64.6675609756098,,2.299,,,16970.0
Greenland,GRL,1990,65.0682926829268,,2.444,,,15690.0
Greenland,GRL,1991,65.0317073170732,,2.421,,,16510.0
Greenland,GRL,1992,65.1960975609756,,2.607,,,17440.0
Greenland,GRL,1993,65.5853658536585,,2.578,,,16600.0
Greenland,GRL,1994,65.9009756097561,,2.527,,,17830.0
Greenland,GRL,1995,65.6441463414634,,2.512,,,19470.0
Greenland,GRL,1996,65.7673170731707,,2.493,,,20780.0
Greenland,GRL,1997,65.7980487804878,,2.69,,,20540.0
Greenland,GRL,1998,66.1570731707317,,2.457,,,20440.0
Greenland,GRL,1999,66.4034146341464,,2.415,,,19740.0
Greenland,GRL,2000,66.9634146341463,,2.329,,,20290.0
Greenland,GRL,2001,67.6078048780488,,2.51,,,19390.0
Greenland,GRL,2002,68.1626829268293,,2.566,,,18760.0
Greenland,GRL,2003,68.4353658536586,,2.372,,,21310.0
Greenland,GRL,2004,68.8068292682927,,2.415,,,25830.0
Greenland,GRL,2005,69.2207317073171,,2.377,,,29970.0
Greenland,GRL,2006,69.5192682926829,,2.256,,,29540.0
Greenland,GRL,2007,69.9826829268293,,2.299,,,35110.0
Greenland,GRL,2008,70.2134146341463,,2.247,,,25000.0
Greenland,GRL,2009,70.4678048780488,,2.359,,,19290.0
Greenland,GRL,2010,70.8570731707317,,2.195,,,
Greenland,GRL,2011,71.0624390243902,,2.117,,,
Greenland,GRL,2012,71.3092682926829,,2.019,,,
Greenland,GRL,2013,,,2.077,,,
Greenland,GRL,2014,,,2.037,,,
Greenland,GRL,2015,,,,,,
Grenada,GRD,1985,67.490756097561,27.0,4.231,,,
Grenada,GRD,1986,67.6984878048781,26.5,4.2,,,1370.0
Grenada,GRD,1987,67.9007317073171,25.9,4.146,,,1700.0
Grenada,GRD,1988,68.0974878048781,25.2,4.068,,,1920.0
Grenada,GRD,1989,68.289756097561,24.3,3.966,,,2120.0
Grenada,GRD,1990,68.4750243902439,23.3,3.842,,,2250.0
Grenada,GRD,1991,68.6538048780488,22.3,3.701,,,2430.0
Grenada,GRD,1992,68.8256097560976,21.2,3.551,,,2510.0
Grenada,GRD,1993,68.9913902439024,20.2,3.401,,,2480.0
Grenada,GRD,1994,69.1541951219512,19.3,3.254,,,2590.0
Grenada,GRD,1995,69.317512195122,18.5,3.116,6.90686327,190.35247877,2660.0
Grenada,GRD,1996,69.4863170731707,17.9,2.988,6.9529011,203.25063963,2790.0
Grenada,GRD,1997,69.6616341463415,17.3,2.87,7.25414774,218.74760388,2870.0
Grenada,GRD,1998,69.8474634146341,16.8,2.762,7.34501195,247.11149262,2990.0
Grenada,GRD,1999,70.0442926829268,16.4,2.666,7.7832826,291.278961,3340.0
Grenada,GRD,2000,70.2516097560976,16.0,2.582,6.62466978,339.02009038,3860.0
Grenada,GRD,2001,70.4679268292683,15.6,2.512,7.66909007,391.88732922,4140.0
Grenada,GRD,2002,70.6907317073171,15.2,2.455,6.67353847,353.17915695,4720.0
Grenada,GRD,2003,70.9160243902439,14.9,2.409,5.89385798,340.27004631,5370.0
Grenada,GRD,2004,71.1428048780488,14.5,2.373,5.23515143,305.52972496,5440.0
Grenada,GRD,2005,71.3720975609756,14.2,2.344,5.50415611,371.77167738,6760.0
Grenada,GRD,2006,71.6059024390244,14.0,2.321,5.99301739,405.41101038,6530.0
Grenada,GRD,2007,71.844756097561,13.7,2.301,5.87601597,430.27279904,6940.0
Grenada,GRD,2008,72.0871463414634,13.5,2.281,5.76329049,457.98785276,7370.0
Grenada,GRD,2009,72.3300731707317,13.4,2.261,6.24465331,461.68876356,6810.0
Grenada,GRD,2010,72.567512195122,13.2,2.24,6.40660082,471.94713123,7050.0
Grenada,GRD,2011,72.7934146341464,13.0,2.217,6.34947937,470.46608736,7180.0
Grenada,GRD,2012,73.0022682926829,12.7,2.194,6.35657502,482.12483603,7160.0
Grenada,GRD,2013,73.1935609756098,12.5,2.171,6.1524108,485.41868213,7510.0
Grenada,GRD,2014,73.3663170731707,12.2,2.149,6.09761403,505.8299094,8080.0
Grenada,GRD,2015,,11.8,,,,8430.0
Guam,GUM,1985,70.8065365853659,,3.095,,,
Guam,GUM,1986,71.0680487804878,,3.099,,,
Guam,GUM,1987,71.3200731707317,,3.097,,,
Guam,GUM,1988,71.5645853658537,,3.082,,,
Guam,GUM,1989,71.8040975609756,,3.053,,,
Guam,GUM,1990,72.0440975609756,,3.013,,,
Guam,GUM,1991,72.2876097560976,,2.969,,,
Guam,GUM,1992,72.5400731707317,,2.929,,,
Guam,GUM,1993,72.8045365853659,,2.899,,,
Guam,GUM,1994,73.0839512195122,,2.881,,,
Guam,GUM,1995,73.3813170731707,,2.872,,,
Guam,GUM,1996,73.6991707317073,,2.87,,,
Guam,GUM,1997,74.034,,2.867,,,
Guam,GUM,1998,74.3822926829268,,2.86,,,
Guam,GUM,1999,74.738487804878,,2.846,,,
Guam,GUM,2000,75.0980243902439,,2.824,,,
Guam,GUM,2001,75.452756097561,,2.794,,,
Guam,GUM,2002,75.7986585365854,,2.759,,,
Guam,GUM,2003,76.1312682926829,,2.72,,,
Guam,GUM,2004,76.4476829268293,,2.679,,,
Guam,GUM,2005,76.7475365853659,,2.638,,,
Guam,GUM,2006,77.0325609756098,,2.599,,,
Guam,GUM,2007,77.3074146341463,,2.562,,,
Guam,GUM,2008,77.5757317073171,,2.528,,,
Guam,GUM,2009,77.8395609756098,,2.498,,,
Guam,GUM,2010,78.1008780487805,,2.472,,,
Guam,GUM,2011,78.3595853658537,,2.448,,,
Guam,GUM,2012,78.617512195122,,2.427,,,
Guam,GUM,2013,78.872512195122,,2.406,,,
Guam,GUM,2014,79.1260243902439,,2.386,,,
Guam,GUM,2015,,,,,,
Guatemala,GTM,1985,59.5680731707317,102.0,5.82,,,1130.0
Guatemala,GTM,1986,60.0973170731707,97.6,5.704,,,1040.0
Guatemala,GTM,1987,60.6330975609756,93.3,5.591,,,1000.0
Guatemala,GTM,1988,61.1698780487805,89.0,5.488,,,960.0
Guatemala,GTM,1989,61.7046585365854,84.9,5.396,,,960.0
Guatemala,GTM,1990,62.2384146341464,80.9,5.315,,,930.0
Guatemala,GTM,1991,62.7731219512195,77.0,5.244,,,960.0
Guatemala,GTM,1992,63.311756097561,73.3,5.174,,,1020.0
Guatemala,GTM,1993,63.8563902439024,69.7,5.102,,,1130.0
Guatemala,GTM,1994,64.4065853658537,66.4,5.024,,,1220.0
Guatemala,GTM,1995,64.9629756097561,63.3,4.939,3.91897722,55.45503546,1350.0
Guatemala,GTM,1996,65.5272195121951,60.4,4.847,3.8555659,57.34084596,1430.0
Guatemala,GTM,1997,66.0959024390244,57.7,4.75,4.02383664,65.82694104,1520.0
Guatemala,GTM,1998,66.6615609756098,55.1,4.648,3.86032555,67.227438,1610.0
Guatemala,GTM,1999,67.2151951219512,52.8,4.543,4.2870333,68.8312905,1640.0
Guatemala,GTM,2000,67.7427073170732,50.6,4.434,5.25181948,86.66688023,1660.0
Guatemala,GTM,2001,68.2274878048781,48.6,4.322,6.75862604,105.5424841,1600.0
Guatemala,GTM,2002,68.6613658536585,46.6,4.207,6.70663788,113.54175433,1610.0
Guatemala,GTM,2003,69.0411951219512,44.8,4.091,6.88412953,120.00260513,1680.0
Guatemala,GTM,2004,69.3669024390244,43.1,3.976,6.77302634,126.0453479,1850.0
Guatemala,GTM,2005,69.6459756097561,41.4,3.865,6.78948738,140.13746473,1990.0
Guatemala,GTM,2006,69.8879024390244,39.9,3.76,7.07207735,158.48490232,2140.0
Guatemala,GTM,2007,70.1107804878049,38.4,3.664,6.85595784,169.50579429,2350.0
Guatemala,GTM,2008,70.3281463414634,36.9,3.578,6.64882824,184.4592826,2560.0
Guatemala,GTM,2009,70.5475365853659,35.7,3.501,6.78776437,177.64459485,2590.0
Guatemala,GTM,2010,70.7754634146341,34.5,3.434,6.63841729,186.27121375,2680.0
Guatemala,GTM,2011,71.0104146341463,33.3,3.373,6.28384359,198.9828457,2830.0
Guatemala,GTM,2012,71.2493902439025,32.1,3.317,6.32933891,207.5154089,3070.0
Guatemala,GTM,2013,71.4863902439024,31.1,3.263,6.29628068,216.09411051,3290.0
Guatemala,GTM,2014,71.7224146341463,30.1,3.211,6.20230127,232.62522721,3440.0
Guatemala,GTM,2015,,29.1,,,,3590.0
Guinea,GIN,1985,45.4547317073171,263.1,6.631,,,
Guinea,GIN,1986,46.4353414634146,258.4,6.637,,,
Guinea,GIN,1987,47.4051951219512,253.6,6.637,,,
Guinea,GIN,1988,48.3293170731707,248.8,6.631,,,430.0
Guinea,GIN,1989,49.1781951219512,243.7,6.618,,,420.0
Guinea,GIN,1990,49.9188536585366,238.2,6.598,,,430.0
Guinea,GIN,1991,50.5273414634146,232.4,6.57,,,430.0
Guinea,GIN,1992,51.0040975609756,226.2,6.535,,,460.0
Guinea,GIN,1993,51.3555365853659,219.7,6.493,,,470.0
Guinea,GIN,1994,51.5875853658537,212.9,6.444,,,470.0
Guinea,GIN,1995,51.6996829268293,205.9,6.391,3.53123668,16.58821237,470.0
Guinea,GIN,1996,51.6978048780488,199.0,6.334,3.12920666,14.90104723,470.0
Guinea,GIN,1997,51.6093414634146,192.0,6.273,3.05302562,13.86535545,470.0
Guinea,GIN,1998,51.4751707317073,184.8,6.211,3.39292938,14.3277284,430.0
Guinea,GIN,1999,51.3356341463415,177.5,6.147,3.41609089,13.67363912,420.0
Guinea,GIN,2000,51.2429024390244,170.2,6.082,3.45616834,11.76528967,380.0
Guinea,GIN,2001,51.2461951219512,162.9,6.015,3.65332963,11.54214333,340.0
Guinea,GIN,2002,51.3724146341463,155.8,5.947,3.76254133,12.17895008,330.0
Guinea,GIN,2003,51.6351463414634,149.0,5.877,3.44611461,12.79614406,320.0
Guinea,GIN,2004,52.0410731707317,142.7,5.804,3.13747392,12.05116935,350.0
Guinea,GIN,2005,52.5866097560976,136.7,5.729,2.82148862,8.57058119,340.0
Guinea,GIN,2006,53.254756097561,131.2,5.653,3.02029095,8.94533392,300.0
Guinea,GIN,2007,53.9994878048781,125.9,5.575,3.07812234,12.5343166,310.0
Guinea,GIN,2008,54.7775853658537,121.0,5.497,3.2070461,13.8889073,340.0
Guinea,GIN,2009,55.5561463414634,116.3,5.417,3.84851388,16.55630561,380.0
Guinea,GIN,2010,56.3050487804878,111.9,5.337,4.54713891,19.55526596,390.0
Guinea,GIN,2011,57.0005365853659,107.7,5.256,4.73099737,21.18498009,400.0
Guinea,GIN,2012,57.6376341463415,104.0,5.175,5.39134293,26.27447832,430.0
Guinea,GIN,2013,58.216487804878,100.4,5.094,5.49316028,28.64896871,450.0
Guinea,GIN,2014,58.7334390243902,97.0,5.013,5.64479793,30.46022073,470.0
Guinea,GIN,2015,,93.7,,,,470.0
Guinea-Bissau,GNB,1985,47.37,,6.739,,,180.0
Guinea-Bissau,GNB,1986,47.6980243902439,246.7,6.734,,,150.0
Guinea-Bissau,GNB,1987,48.0301219512195,242.2,6.717,,,160.0
Guinea-Bissau,GNB,1988,48.3727317073171,237.5,6.693,,,170.0
Guinea-Bissau,GNB,1989,48.7229268292683,233.3,6.663,,,190.0
Guinea-Bissau,GNB,1990,49.0763170731707,229.3,6.627,,,210.0
Guinea-Bissau,GNB,1991,49.4235365853659,224.9,6.582,,,230.0
Guinea-Bissau,GNB,1992,49.7517317073171,220.3,6.526,,,220.0
Guinea-Bissau,GNB,1993,50.0540487804878,215.5,6.458,,,210.0
Guinea-Bissau,GNB,1994,50.3270243902439,210.4,6.381,,,200.0
Guinea-Bissau,GNB,1995,50.5678536585366,205.5,6.294,6.4319112,24.31091439,210.0
Guinea-Bissau,GNB,1996,50.777243902439,200.1,6.201,6.95065512,19.28779566,220.0
Guinea-Bissau,GNB,1997,50.9620975609756,194.6,6.104,6.71958778,15.22241271,220.0
Guinea-Bissau,GNB,1998,51.1306341463415,188.9,6.007,7.06176147,11.56717086,150.0
Guinea-Bissau,GNB,1999,51.2904634146342,183.3,5.911,5.75536052,10.03201598,150.0
Guinea-Bissau,GNB,2000,51.4454390243902,177.5,5.818,4.93580872,15.69059494,190.0
Guinea-Bissau,GNB,2001,51.6018536585366,171.5,5.728,5.03895833,14.62608442,230.0
Guinea-Bissau,GNB,2002,51.7637073170732,165.3,5.642,5.83796501,16.84942164,280.0
Guinea-Bissau,GNB,2003,51.9367804878049,159.0,5.558,5.61914548,19.0974767,300.0
Guinea-Bissau,GNB,2004,52.1260487804878,152.6,5.478,5.41321192,20.07966311,350.0
Guinea-Bissau,GNB,2005,52.3392926829268,146.2,5.403,5.71621565,22.93014792,390.0
Guinea-Bissau,GNB,2006,52.5825365853659,139.9,5.332,5.8746927,23.26233877,410.0
Guinea-Bissau,GNB,2007,52.8554634146342,133.6,5.267,6.1035278,27.79757068,430.0
Guinea-Bissau,GNB,2008,53.1547317073171,127.6,5.206,6.04978909,33.48277734,480.0
Guinea-Bissau,GNB,2009,53.4766341463415,121.6,5.148,6.80645346,35.1993739,520.0
Guinea-Bissau,GNB,2010,53.8143658536585,115.9,5.091,6.69821693,34.73659589,540.0
Guinea-Bissau,GNB,2011,54.1594146341464,110.4,5.033,5.45611123,35.98244453,600.0
Guinea-Bissau,GNB,2012,54.503512195122,105.2,4.972,5.96143163,37.26439469,590.0
Guinea-Bissau,GNB,2013,54.8384146341464,100.5,4.906,6.13947839,40.45593686,600.0
Guinea-Bissau,GNB,2014,55.1600487804878,96.2,4.835,5.59313736,37.27708811,590.0
Guinea-Bissau,GNB,2015,,92.5,,,,590.0
Guyana,GUY,1985,63.0411463414634,66.8,3.931,,,510.0
Guyana,GUY,1986,63.1228536585366,65.8,3.863,,,530.0
Guyana,GUY,1987,63.2104878048781,64.7,3.796,,,460.0
Guyana,GUY,1988,63.3051463414634,63.3,3.731,,,480.0
Guyana,GUY,1989,63.4093658536585,61.9,3.666,,,370.0
Guyana,GUY,1990,63.5231707317073,60.4,3.601,,,390.0
Guyana,GUY,1991,63.648512195122,58.8,3.535,,,390.0
Guyana,GUY,1992,63.783243902439,57.2,3.467,,,440.0
Guyana,GUY,1993,63.925243902439,55.6,3.4,,,500.0
Guyana,GUY,1994,64.0733902439025,54.1,3.332,,,610.0
Guyana,GUY,1995,64.2256585365854,52.7,3.267,5.06613057,43.33981588,740.0
Guyana,GUY,1996,64.3794634146342,51.4,3.206,4.94599721,47.78952246,860.0
Guyana,GUY,1997,64.5328048780488,50.2,3.15,5.14500276,52.52164111,910.0
Guyana,GUY,1998,64.6846341463415,49.0,3.101,5.27054837,51.29111572,880.0
Guyana,GUY,1999,64.8319268292683,47.8,3.059,4.6800807,43.92883845,890.0
Guyana,GUY,2000,64.9731463414634,46.7,3.022,5.847442,56.14636611,880.0
Guyana,GUY,2001,65.107756097561,45.6,2.989,5.82490165,54.57443949,870.0
Guyana,GUY,2002,65.2352926829268,44.8,2.958,5.83507299,56.72954434,890.0
Guyana,GUY,2003,65.357756097561,44.0,2.926,5.96831608,59.63431074,920.0
Guyana,GUY,2004,65.4736585365854,43.4,2.894,5.72841269,60.66151551,940.0
Guyana,GUY,2005,65.582512195122,42.8,2.86,5.82749382,64.74099235,1060.0
Guyana,GUY,2006,65.6848780487805,42.4,2.824,4.66920858,91.56575943,1340.0
Guyana,GUY,2007,65.779756097561,42.1,2.787,6.45346258,150.62520101,1790.0
Guyana,GUY,2008,65.8701463414634,41.9,2.751,7.46423673,191.82999643,2410.0
Guyana,GUY,2009,65.957,41.7,2.715,7.32019596,197.50320823,2650.0
Guyana,GUY,2010,66.0427073170732,41.5,2.68,6.60294394,198.01837841,2900.0
Guyana,GUY,2011,66.1291463414634,41.4,2.647,6.79708665,231.69401842,3190.0
Guyana,GUY,2012,66.2172682926829,41.2,2.615,6.56510789,246.80711693,3600.0
Guyana,GUY,2013,66.3100243902439,40.8,2.585,5.09615344,200.22173387,3940.0
Guyana,GUY,2014,66.4064146341463,40.2,2.558,5.2478035,221.78327027,4030.0
Guyana,GUY,2015,,39.4,,,,4090.0
Haiti,HTI,1985,52.6475365853659,167.6,6.028,,,
Haiti,HTI,1986,53.0536829268293,163.0,5.921,,,
Haiti,HTI,1987,53.4546341463415,158.5,5.799,,,
Haiti,HTI,1988,53.8429512195122,154.2,5.673,,,
Haiti,HTI,1989,54.2136829268293,150.0,5.548,,,
Haiti,HTI,1990,54.5693170731707,145.8,5.43,,,
Haiti,HTI,1991,54.9144146341464,141.7,5.318,,,
Haiti,HTI,1992,55.2559512195122,137.6,5.21,,,
Haiti,HTI,1993,55.5984634146342,133.3,5.103,,,
Haiti,HTI,1994,55.940512195122,129.1,4.997,,,
Haiti,HTI,1995,56.2756585365854,124.9,4.89,6.60463061,22.76666905,
Haiti,HTI,1996,56.5949512195122,120.7,4.779,6.44642627,24.04287,
Haiti,HTI,1997,56.8929024390244,116.5,4.665,6.20127766,24.78894787,
Haiti,HTI,1998,57.1690243902439,112.4,4.547,5.99234884,27.26439024,
Haiti,HTI,1999,57.4262682926829,108.5,4.425,5.65165911,27.49507951,
Haiti,HTI,2000,57.6760487804878,104.8,4.302,6.05826244,25.96795585,
Haiti,HTI,2001,57.9297804878049,101.3,4.182,5.63127188,22.72648434,
Haiti,HTI,2002,58.1993658536585,98.1,4.065,5.46628153,19.88943448,
Haiti,HTI,2003,58.495243902439,95.1,3.955,5.31704135,16.74324607,
Haiti,HTI,2004,58.8209268292683,92.4,3.853,5.61151004,22.52487445,380.0
Haiti,HTI,2005,59.1784634146342,90.0,3.757,4.40741512,19.76559525,420.0
Haiti,HTI,2006,59.5674146341464,87.7,3.667,5.69978142,29.55896296,470.0
Haiti,HTI,2007,59.9773902439024,85.5,3.579,5.55702995,34.72088776,550.0
Haiti,HTI,2008,60.3979756097561,83.3,3.493,5.92248802,39.10258573,620.0
Haiti,HTI,2009,60.8222195121951,81.2,3.408,6.6786433,44.07477635,680.0
Haiti,HTI,2010,61.2401219512195,208.8,3.325,8.09463583,54.29907255,650.0
Haiti,HTI,2011,61.6451951219512,77.2,3.245,10.41487851,76.72563362,700.0
Haiti,HTI,2012,62.0333902439024,75.2,3.169,9.88320415,75.12031035,750.0
Haiti,HTI,2013,62.4011463414634,73.1,3.098,8.10279783,65.14928614,800.0
Haiti,HTI,2014,62.7474390243902,71.0,3.033,7.55565419,61.45512168,820.0
Haiti,HTI,2015,,69.0,,,,820.0
Heavily indebted poor countries (HIPC),HPC,1985,48.8621461147662,196.732364664028,6.82436344271339,,,306.824370515985
Heavily indebted poor countries (HIPC),HPC,1986,49.0942930100325,194.006606297781,6.79719074014239,,,344.257515689934
Heavily indebted poor countries (HIPC),HPC,1987,49.2768574167972,191.162943618846,6.7652162790445,,,398.565023007019
Heavily indebted poor countries (HIPC),HPC,1988,49.4091844882467,188.392805236598,6.72783254427863,,,417.773777608614
Heavily indebted poor countries (HIPC),HPC,1989,49.5049501456722,185.654772785064,6.6849815778092,,,394.512719688251
Heavily indebted poor countries (HIPC),HPC,1990,49.5898192142631,182.968835762354,6.63788533221922,,,362.599701199806
Heavily indebted poor countries (HIPC),HPC,1991,49.6936211223034,180.256811910983,6.58674613420972,,,346.704004780979
Heavily indebted poor countries (HIPC),HPC,1992,49.8368676239671,177.495603585255,6.53514874340457,,,333.62821084073
Heavily indebted poor countries (HIPC),HPC,1993,50.0218402585174,174.810786015171,6.48352926568802,,,320.513250216349
Heavily indebted poor countries (HIPC),HPC,1994,50.237016937417,173.475985991828,6.43211131246695,,,288.157315618717
Heavily indebted poor countries (HIPC),HPC,1995,50.4733163887922,169.631835580328,6.3804166879682,4.48282981094978,14.8197030204104,292.367143005619
Heavily indebted poor countries (HIPC),HPC,1996,50.729991780295,165.170423008148,6.32654400021012,4.72329796879001,15.926203488486,301.090809624067
Heavily indebted poor countries (HIPC),HPC,1997,51.0113251510535,161.868470586823,6.27035565182495,4.63705402320535,15.7457498136301,309.368527335172
Heavily indebted poor countries (HIPC),HPC,1998,51.3242113836434,158.36045720006,6.2113613504894,4.84708962020263,16.5031636620775,303.623883492772
Heavily indebted poor countries (HIPC),HPC,1999,51.6770673118791,153.341463254267,6.14982351039464,4.88347265958761,16.7914511050463,301.707651341681
Heavily indebted poor countries (HIPC),HPC,2000,52.0825407070356,148.308663681774,6.08562366209932,4.4713763603359,16.8323499292411,297.790757469344
Heavily indebted poor countries (HIPC),HPC,2001,52.5544909463977,142.831270838783,6.01809577254814,4.81318610118919,15.9213460205396,292.530139725151
Heavily indebted poor countries (HIPC),HPC,2002,53.0976117394548,136.953580877185,5.94827673154049,4.99470513185148,16.6658732965689,296.093965846454
Heavily indebted poor countries (HIPC),HPC,2003,53.709077202048,130.904172151828,5.87584161391622,5.13137138512273,19.0889235695357,317.095067883202
Heavily indebted poor countries (HIPC),HPC,2004,54.3788794962948,124.882712326217,5.80084348391388,5.27051474260612,22.0081539320858,364.089264271725
Heavily indebted poor countries (HIPC),HPC,2005,55.0923591720492,119.033614420147,5.72300176073074,5.30692075630138,24.9686345003963,414.397752748959
Heavily indebted poor countries (HIPC),HPC,2006,55.8324070074543,113.428839467339,5.64174382211317,5.49669326967558,29.3557973675009,460.276514420058
Heavily indebted poor countries (HIPC),HPC,2007,56.5766165423071,107.982853823798,5.55855626903703,5.41130092854977,33.982398899939,523.044770305626
Heavily indebted poor countries (HIPC),HPC,2008,57.3042308596267,102.8710050558,5.47433343538637,5.82243204520479,40.5563143115862,613.707386289505
Heavily indebted poor countries (HIPC),HPC,2009,57.9991598192599,98.0875570303485,5.38938185050359,6.07935601958472,41.0350009597269,667.164649576201
Heavily indebted poor countries (HIPC),HPC,2010,58.648520635222,95.1300539933495,5.30437735688767,6.3496177923237,45.0726376606476,703.699491484158
Heavily indebted poor countries (HIPC),HPC,2011,59.246080875681,89.590599390455,5.21890035259469,6.10189306289297,47.5743955826999,738.827597402445
Heavily indebted poor countries (HIPC),HPC,2012,59.7981248248856,85.7049685989608,5.13375147431132,6.11703265135667,49.503112581092,789.970373102934
Heavily indebted poor countries (HIPC),HPC,2013,60.3108256800118,82.2578237833219,5.04934528388467,6.03832706336056,51.3713267901953,837.395818284476
Heavily indebted poor countries (HIPC),HPC,2014,60.7854836138812,79.1168572302159,4.96592565156439,6.00648970976325,52.8661705906352,864.153753007123
Heavily indebted poor countries (HIPC),HPC,2015,,76.3835877340158,,,,856.523601177111
High income,HIC,1985,74.3556780581338,18.5,1.84144365137569,,,10312.7759169053
High income,HIC,1986,74.6045889058551,17.9,1.8200886567405,,,11591.7070828628
High income,HIC,1987,74.8793607218386,17.3,1.81452779127602,,,13863.2459960295
High income,HIC,1988,74.9928572504658,16.8,1.83172046667594,,,16862.4220046345
High income,HIC,1989,75.2420561789281,16.2,1.82688116293571,,,17790.1043293361
High income,HIC,1990,75.3998405187955,15.6,1.84821777357536,,,18618.5134058171
High income,HIC,1991,75.5783349792796,14.9,1.82702422805682,,,19360.4907284266
High income,HIC,1992,75.8309941088506,14.2,1.80508017948316,,,21033.248001179
High income,HIC,1993,75.913904684985,13.5,1.76771653192549,,,21531.3347553039
High income,HIC,1994,76.1993073513953,12.8,1.74706247337709,,,22595.9781337507
High income,HIC,1995,76.266442018508,12.2,1.71150832866794,9.23584983816925,2320.54421135149,24075.290771734
High income,HIC,1996,76.6419868629493,11.6,1.7054955005981,9.34797058045804,2344.93608021608,25177.4671408735
High income,HIC,1997,76.9745071168974,11.3,1.6944824699386,9.46524317913299,2309.7699047037,25311.038863441
High income,HIC,1998,77.1588155671412,11.1,1.68910018892377,9.69905167965324,2358.58435636948,24339.4266901762
High income,HIC,1999,77.3152243068893,11.1,1.68180530815973,9.77206741270648,2487.74855322761,24628.4617573514
High income,HIC,2000,77.5953499422253,10.7,1.70950505530543,9.8697703992092,2540.06538617702,25618.9575546689
High income,HIC,2001,77.8991607990746,10.4,1.67765334896031,10.3648421954545,2624.47049566957,25595.6653171185
High income,HIC,2002,78.0434199840253,10.1,1.66354334104285,10.7889264020774,2832.90596449313,25450.821282999
High income,HIC,2003,78.1690380236279,9.7,1.67434035381259,10.9586706110145,3213.67496261496,27428.2370694187
High income,HIC,2004,78.5944903077841,9.4,1.68505437458167,10.8983474070757,3533.11681702481,31303.0785224402
High income,HIC,2005,78.6934576779096,9.0,1.68352368841142,10.9861221634096,3736.43342261711,34472.8587956796
High income,HIC,2006,79.0054182973347,8.7,1.7233405671953,11.0098529052166,3925.46636920982,36211.6013074812
High income,HIC,2007,79.2386203248575,8.4,1.74925828958723,10.9910882552374,4258.34186459973,37640.2653755996
High income,HIC,2008,79.3916987866767,8.2,1.7578769490526,11.2128597816484,4566.56424205078,39278.1807317148
High income,HIC,2009,79.6728796050417,7.9,1.73003771965415,12.198501701946,4624.25782282158,38577.0474213249
High income,HIC,2010,79.8600821666877,7.7,1.72148749348844,12.0741256703786,4770.16039584429,39537.9824256963
High income,HIC,2011,80.1161598779041,7.6,1.69818433731374,11.9967275623855,5077.42075082825,40791.5308717237
High income,HIC,2012,80.2401713780636,7.4,1.70027916499405,12.1103081748683,5087.5155319033,42195.3599403889
High income,HIC,2013,80.4502594482407,7.2,1.67200392338463,12.138983373757,5127.6213425266,42880.6378447038
High income,HIC,2014,80.5804062707882,7.0,1.67459516733309,12.2678660705291,5251.19090157669,42704.7740535446
High income,HIC,2015,,6.8,,,,41366.333874894
Honduras,HND,1985,63.613756097561,74.6,5.674,,,780.0
Honduras,HND,1986,64.3509512195122,70.9,5.553,,,830.0
Honduras,HND,1987,65.0301463414634,67.4,5.439,,,930.0
Honduras,HND,1988,65.6452926829268,64.2,5.333,,,960.0
Honduras,HND,1989,66.1944390243902,61.1,5.233,,,870.0
Honduras,HND,1990,66.6890487804878,58.2,5.139,,,690.0
Honduras,HND,1991,67.1436341463415,55.5,5.048,,,620.0
Honduras,HND,1992,67.5791951219512,52.9,4.956,,,610.0
Honduras,HND,1993,68.008756097561,50.6,4.86,,,650.0
Honduras,HND,1994,68.4368048780488,48.4,4.758,,,630.0
Honduras,HND,1995,68.8583902439024,46.4,4.649,5.33817718,37.81029322,640.0
Honduras,HND,1996,69.261512195122,44.4,4.531,4.96237984,35.37160844,660.0
Honduras,HND,1997,69.6307073170732,42.6,4.405,4.88425303,39.33244265,720.0
Honduras,HND,1998,69.9589756097561,60.0,4.272,5.63190526,49.51426958,750.0
Honduras,HND,1999,70.2458048780488,39.1,4.134,6.21355116,55.12104803,790.0
Honduras,HND,2000,70.4941951219512,37.4,3.993,6.62617698,76.28351689,920.0
Honduras,HND,2001,70.7121219512195,35.8,3.849,6.8768446,82.59961938,1030.0
Honduras,HND,2002,70.9110487804878,34.2,3.706,7.28280497,88.0798664,1130.0
Honduras,HND,2003,71.1029512195122,32.7,3.564,8.29433272,103.06505735,1200.0
Honduras,HND,2004,71.2928292682927,31.3,3.427,7.88885252,103.625989,1290.0
Honduras,HND,2005,71.4821707317073,30.0,3.293,7.81458832,110.8210247,1390.0
Honduras,HND,2006,71.6724634146342,28.8,3.164,7.63244921,118.91928463,1470.0
Honduras,HND,2007,71.8587317073171,27.6,3.039,7.89426555,136.79081374,1620.0
Honduras,HND,2008,72.0399756097561,26.5,2.918,8.40137585,160.65316789,1780.0
Honduras,HND,2009,72.2172195121951,25.4,2.802,8.84061142,174.67233226,1840.0
Honduras,HND,2010,72.3939756097561,24.4,2.695,8.4510228,178.38605372,1920.0
Honduras,HND,2011,72.5727317073171,23.5,2.599,8.56802118,199.09968952,2090.0
Honduras,HND,2012,72.7550243902439,22.6,2.514,9.7798508,234.23389395,2200.0
Honduras,HND,2013,72.9428536585366,21.8,2.442,9.15018328,214.18674244,2250.0
Honduras,HND,2014,73.1357073170732,21.1,2.382,8.72268046,212.31515084,2270.0
Honduras,HND,2015,,20.4,,,,2270.0
"Hong Kong SAR, China",HKG,1985,76.4341463414634,,1.491,,,6090.0
"Hong Kong SAR, China",HKG,1986,76.6853658536585,,1.367,,,7230.0
"Hong Kong SAR, China",HKG,1987,76.8829268292683,,1.311,,,9070.0
"Hong Kong SAR, China",HKG,1988,77.0829268292683,,1.4,,,10770.0
"Hong Kong SAR, China",HKG,1989,77.0292682926829,,1.296,,,11550.0
"Hong Kong SAR, China",HKG,1990,77.3804878048781,,1.272,,,12660.0
"Hong Kong SAR, China",HKG,1991,77.8829268292683,,1.281,,,14320.0
"Hong Kong SAR, China",HKG,1992,77.6780487804878,,1.347,,,16560.0
"Hong Kong SAR, China",HKG,1993,78.0317073170732,,1.342,,,19490.0
"Hong Kong SAR, China",HKG,1994,78.5292682926829,,1.355,,,21770.0
"Hong Kong SAR, China",HKG,1995,78.6829268292683,,1.295,,,23500.0
"Hong Kong SAR, China",HKG,1996,79.6268292682927,,1.191,,,24020.0
"Hong Kong SAR, China",HKG,1997,80.1268292682927,,1.127,,,25910.0
"Hong Kong SAR, China",HKG,1998,80.1317073170732,,1.017,,,24800.0
"Hong Kong SAR, China",HKG,1999,80.3829268292683,,0.982,,,25800.0
"Hong Kong SAR, China",HKG,2000,80.8780487804878,,1.035,,,26930.0
"Hong Kong SAR, China",HKG,2001,81.4243902439025,,0.932,,,26350.0
"Hong Kong SAR, China",HKG,2002,81.4780487804878,,0.939,,,25270.0
"Hong Kong SAR, China",HKG,2003,81.3292682926829,,0.901,,,26340.0
"Hong Kong SAR, China",HKG,2004,81.7804878048781,,0.927,,,28120.0
"Hong Kong SAR, China",HKG,2005,81.5804878048781,,0.966,,,28890.0
"Hong Kong SAR, China",HKG,2006,82.3756097560976,,0.984,,,30290.0
"Hong Kong SAR, China",HKG,2007,82.3268292682927,,1.028,,,32070.0
"Hong Kong SAR, China",HKG,2008,82.3756097560976,,1.064,,,33950.0
"Hong Kong SAR, China",HKG,2009,82.7756097560976,,1.055,,,32350.0
"Hong Kong SAR, China",HKG,2010,82.9780487804878,,1.127,,,33620.0
"Hong Kong SAR, China",HKG,2011,83.4219512195122,,1.204,,,35690.0
"Hong Kong SAR, China",HKG,2012,83.4804878048781,,1.285,,,36320.0
"Hong Kong SAR, China",HKG,2013,83.8317073170732,,1.124,,,38520.0
"Hong Kong SAR, China",HKG,2014,83.9804878048781,,1.234,,,40320.0
"Hong Kong SAR, China",HKG,2015,,,,,,41000.0
Hungary,HUN,1985,68.9721951219512,24.0,1.85,,,
Hungary,HUN,1986,69.1734146341463,23.0,1.84,,,
Hungary,HUN,1987,69.6512195121951,21.5,1.82,,,
Hungary,HUN,1988,70.0234146341463,20.2,1.81,,,
Hungary,HUN,1989,69.4617073170732,19.6,1.82,,,
Hungary,HUN,1990,69.3156097560976,19.1,1.87,,,
Hungary,HUN,1991,69.3770731707317,18.3,1.87,,,
Hungary,HUN,1992,69.1170731707317,17.2,1.77,,,
Hungary,HUN,1993,69.1012195121951,15.9,1.68,,,3690.0
Hungary,HUN,1994,69.469756097561,14.7,1.64,,,4070.0
Hungary,HUN,1995,69.7917073170732,13.8,1.57,7.22453408,323.0080546,4290.0
Hungary,HUN,1996,70.3287804878049,13.1,1.46,6.99431478,315.01716205,4400.0
Hungary,HUN,1997,70.7024390243902,12.6,1.37,6.74276817,308.5057086,4450.0
Hungary,HUN,1998,70.5578048780488,12.2,1.32,7.07803941,334.76007396,4460.0
Hungary,HUN,1999,70.6770731707317,11.7,1.28,7.2065392,344.63849887,4530.0
Hungary,HUN,2000,71.2463414634146,11.2,1.32,7.0575793,325.70724136,4660.0
Hungary,HUN,2001,72.2487804878049,10.5,1.31,7.11497045,374.27513033,4820.0
Hungary,HUN,2002,72.3487804878049,9.8,1.3,7.46547035,495.37678086,5310.0
Hungary,HUN,2003,72.3,9.2,1.27,8.42191484,705.82648671,6670.0
Hungary,HUN,2004,72.6487804878049,8.7,1.28,8.08316836,828.14127645,8690.0
Hungary,HUN,2005,72.6487804878049,8.3,1.31,8.27979357,922.78401698,10430.0
Hungary,HUN,2006,73.0975609756098,7.9,1.34,8.09995208,922.32804533,11290.0
Hungary,HUN,2007,73.1512195121951,7.5,1.32,7.50953251,1037.57516488,11810.0
Hungary,HUN,2008,73.7024390243903,7.2,1.35,7.32650666,1145.80239946,13200.0
Hungary,HUN,2009,73.9048780487805,6.8,1.32,7.54933377,976.77579016,13270.0
Hungary,HUN,2010,74.2073170731707,6.6,1.25,7.85048555,1019.85168839,13090.0
Hungary,HUN,2011,74.8585365853659,6.4,1.23,7.84003067,1098.7113912,13050.0
Hungary,HUN,2012,75.0634146341463,6.3,1.34,7.74065817,991.26782994,12850.0
Hungary,HUN,2013,75.5658536585366,6.2,1.35,7.52727617,1021.07311581,13350.0
Hungary,HUN,2014,75.8731707317073,6.1,1.35,7.40078093,1036.62385868,13340.0
Hungary,HUN,2015,,5.9,,,,12990.0
Iceland,ISL,1985,77.6024390243903,7.7,1.93,,,11870.0
Iceland,ISL,1986,77.9907317073171,7.4,1.92,,,14170.0
Iceland,ISL,1987,77.3390243902439,7.1,2.06,,,19000.0
Iceland,ISL,1988,77.0829268292683,6.9,2.26,,,23350.0
Iceland,ISL,1989,78.1409756097561,6.6,2.19,,,24080.0
Iceland,ISL,1990,78.0363414634146,6.4,2.3,,,24680.0
Iceland,ISL,1991,77.9919512195122,6.2,2.18,,,25130.0
Iceland,ISL,1992,78.760243902439,5.9,2.21,,,26370.0
Iceland,ISL,1993,78.9346341463415,5.7,2.22,,,25960.0
Iceland,ISL,1994,79.2470731707317,5.5,2.14,,,25530.0
Iceland,ISL,1995,77.9843902439024,5.2,2.08,8.20549191,2156.8158155,25350.0
Iceland,ISL,1996,78.7778048780488,5.0,2.12,8.16477234,2225.11669508,27180.0
Iceland,ISL,1997,78.8853658536585,4.7,2.04,7.91258044,2217.89524053,28300.0
Iceland,ISL,1998,79.6024390243903,4.5,2.05,8.73383816,2718.15915079,29010.0
Iceland,ISL,1999,79.3512195121951,4.2,1.99,9.43705415,3055.93428184,30220.0
Iceland,ISL,2000,79.6536585365854,4.0,2.08,9.2750212,2966.40425909,31540.0
Iceland,ISL,2001,80.690243902439,3.8,1.95,9.12238316,2616.09602778,30450.0
Iceland,ISL,2002,80.5024390243903,3.6,1.93,9.85538991,3150.76655273,30380.0
Iceland,ISL,2003,80.9634146341464,3.4,1.99,10.07437408,3945.29740254,33130.0
Iceland,ISL,2004,80.9975609756098,3.3,2.04,9.58713484,4521.67504718,41410.0
Iceland,ISL,2005,81.5024390243902,3.1,2.05,9.20976024,5254.4009496,50730.0
Iceland,ISL,2006,81.1585365853659,2.9,2.08,8.96470691,5094.191166,53490.0
Iceland,ISL,2007,81.4536585365854,2.8,2.09,8.75292103,6057.85744594,62290.0
Iceland,ISL,2008,81.609756097561,2.7,2.15,8.80337292,4892.20022173,50020.0
Iceland,ISL,2009,81.7512195121951,2.5,2.23,9.12074545,3671.31393933,42210.0
Iceland,ISL,2010,81.8975609756098,2.4,2.2,8.85548842,3690.42334685,36670.0
Iceland,ISL,2011,82.3585365853659,2.3,2.02,8.65326311,3985.00264633,37590.0
Iceland,ISL,2012,82.9170731707317,2.2,2.04,8.68327575,3856.83198162,40530.0
Iceland,ISL,2013,82.0609756097561,2.1,1.93,8.75450051,4182.43583325,46350.0
Iceland,ISL,2014,82.0609756097561,2.1,1.93,8.85916593,4661.62136172,47720.0
Iceland,ISL,2015,,2.0,,,,49730.0
India,IND,1985,55.8609024390244,145.2,4.484,,,300.0
India,IND,1986,56.230512195122,141.2,4.399,,,320.0
India,IND,1987,56.6184390243902,137.3,4.311,,,360.0
India,IND,1988,57.0311219512195,133.4,4.222,,,400.0
India,IND,1989,57.4730487804878,129.5,4.132,,,400.0
India,IND,1990,57.9437317073171,125.8,4.044,,,390.0
India,IND,1991,58.4382195121951,122.2,3.959,,,350.0
India,IND,1992,58.9450731707317,118.8,3.877,,,350.0
India,IND,1993,59.4529268292683,115.4,3.798,,,330.0
India,IND,1994,59.9548292682927,112.1,3.723,,,350.0
India,IND,1995,60.4443658536585,108.7,3.651,4.01863098,15.82160735,380.0
India,IND,1996,60.9156097560976,105.3,3.581,3.89701725,15.93961592,410.0
India,IND,1997,61.3695609756098,101.9,3.513,4.24807061,18.43471538,420.0
India,IND,1998,61.8072195121951,98.3,3.446,4.29626147,18.47519167,420.0
India,IND,1999,62.2270731707317,94.8,3.379,4.0259878,18.27838023,450.0
India,IND,2000,62.6306341463415,91.2,3.311,4.26375646,19.60910784,450.0
India,IND,2001,63.0198536585366,87.7,3.243,4.49651024,20.94381975,460.0
India,IND,2002,63.3991951219512,84.3,3.174,4.40107258,21.06363291,470.0
India,IND,2003,63.7745365853659,81.0,3.105,4.29653759,23.64568952,530.0
India,IND,2004,64.1478048780488,77.7,3.036,4.22013959,26.80475703,620.0
India,IND,2005,64.5238780487805,74.6,2.966,4.28217471,31.33998843,730.0
India,IND,2006,64.9080975609756,71.5,2.896,4.24668128,34.64005687,810.0
India,IND,2007,65.3004390243903,68.5,2.826,4.22653116,43.21204716,940.0
India,IND,2008,65.6994390243903,65.6,2.755,4.33949245,46.91282666,1020.0
India,IND,2009,66.1026341463415,62.7,2.687,4.37573742,48.22854553,1150.0
India,IND,2010,66.5061463414634,59.9,2.622,4.27967981,59.18429667,1260.0
India,IND,2011,66.9041707317073,57.2,2.563,4.33115071,65.70508993,1400.0
India,IND,2012,67.2898780487805,54.5,2.51,4.389042,64.92645947,1500.0
India,IND,2013,67.6604146341463,52.1,2.465,4.52911807,68.53283666,1520.0
India,IND,2014,68.0138048780488,49.8,2.427,4.68508833,74.99460433,1560.0
India,IND,2015,,47.7,,,,1590.0
Indonesia,IDN,1985,61.5383902439024,103.1,3.745,,,520.0
Indonesia,IDN,1986,61.8814146341463,99.5,3.606,,,520.0
Indonesia,IDN,1987,62.2214390243903,95.9,3.472,,,510.0
Indonesia,IDN,1988,62.5634878048781,92.2,3.346,,,530.0
Indonesia,IDN,1989,62.9086341463415,88.4,3.229,,,560.0
Indonesia,IDN,1990,63.2599024390244,84.7,3.122,,,610.0
Indonesia,IDN,1991,63.6162926829268,80.9,3.023,,,610.0
Indonesia,IDN,1992,63.9742682926829,77.1,2.931,,,670.0
Indonesia,IDN,1993,64.3282926829268,73.6,2.844,,,800.0
Indonesia,IDN,1994,64.6738536585366,70.1,2.764,,,880.0
Indonesia,IDN,1995,65.0018780487805,66.7,2.691,1.95621435,20.07598174,990.0
Indonesia,IDN,1996,65.3058292682927,63.6,2.628,1.98662541,22.5932437,1090.0
Indonesia,IDN,1997,65.5821707317073,60.5,2.575,1.92529768,20.47684915,1100.0
Indonesia,IDN,1998,65.8293902439024,57.6,2.534,2.05535994,9.53444402,660.0
Indonesia,IDN,1999,66.0494634146341,54.9,2.503,2.21846805,14.88604559,570.0
Indonesia,IDN,2000,66.2468780487805,52.3,2.483,1.9783324,15.43281432,560.0
Indonesia,IDN,2001,66.4301219512195,49.8,2.473,2.23198234,16.69935137,670.0
Indonesia,IDN,2002,66.608243902439,47.6,2.469,2.26862572,20.42059894,720.0
Indonesia,IDN,2003,66.7888048780488,45.4,2.471,2.53372429,27.00079571,900.0
Indonesia,IDN,2004,66.9748780487805,49.3,2.475,2.36774828,27.23737567,1080.0
Indonesia,IDN,2005,67.1685609756098,41.4,2.481,2.78958066,35.24583569,1220.0
Indonesia,IDN,2006,67.3674878048781,39.6,2.489,2.90514781,46.19701995,1380.0
Indonesia,IDN,2007,67.5677317073171,37.9,2.497,3.09844209,57.65031451,1600.0
Indonesia,IDN,2008,67.7647804878049,36.2,2.504,2.80594493,60.82888938,1940.0
Indonesia,IDN,2009,67.9576341463415,34.7,2.51,2.82545945,63.93225832,2150.0
Indonesia,IDN,2010,68.1471951219512,33.1,2.513,2.7406754,85.65213133,2530.0
Indonesia,IDN,2011,68.3343902439024,31.7,2.509,2.7131643,98.96610041,3010.0
Indonesia,IDN,2012,68.5195609756098,30.4,2.5,2.89787034,107.23637689,3580.0
Indonesia,IDN,2013,68.7046097560976,29.3,2.484,2.92591721,106.02155458,3740.0
Indonesia,IDN,2014,68.8884878048781,28.2,2.463,2.84686016,99.41035911,3630.0
Indonesia,IDN,2015,,27.2,,,,3440.0
"Iran, Islamic Rep.",IRN,1985,55.8714146341463,77.4,6.223,,,3510.0
"Iran, Islamic Rep.",IRN,1986,57.3636585365854,72.8,6.014,,,3700.0
"Iran, Islamic Rep.",IRN,1987,59.0503170731707,68.5,5.758,,,3560.0
"Iran, Islamic Rep.",IRN,1988,60.7618292682927,64.5,5.467,,,3020.0
"Iran, Islamic Rep.",IRN,1989,62.4019024390244,60.8,5.15,,,2590.0
"Iran, Islamic Rep.",IRN,1990,63.8828780487805,57.5,4.818,,,2560.0
"Iran, Islamic Rep.",IRN,1991,65.1453414634147,54.5,4.478,,,
"Iran, Islamic Rep.",IRN,1992,66.203512195122,51.9,4.139,,,
"Iran, Islamic Rep.",IRN,1993,67.0782195121951,49.6,3.81,,,
"Iran, Islamic Rep.",IRN,1994,67.7713902439024,47.4,3.5,,,
"Iran, Islamic Rep.",IRN,1995,68.3059268292683,45.3,3.216,3.74488392,67.59382066,1330.0
"Iran, Islamic Rep.",IRN,1996,68.7221463414634,43.2,2.961,3.6397587,85.51547136,1620.0
"Iran, Islamic Rep.",IRN,1997,69.0763170731707,41.1,2.734,4.00157739,109.22751915,1820.0
"Iran, Islamic Rep.",IRN,1998,69.4155609756098,38.9,2.533,4.40401883,133.21175539,1810.0
"Iran, Islamic Rep.",IRN,1999,69.7659512195122,36.8,2.358,4.38637194,176.52468075,1730.0
"Iran, Islamic Rep.",IRN,2000,70.1371951219512,34.7,2.211,4.47453766,229.49977325,1760.0
"Iran, Islamic Rep.",IRN,2001,70.5216585365854,32.7,2.092,5.02339127,291.6830722,1800.0
"Iran, Islamic Rep.",IRN,2002,70.8984390243903,30.8,1.997,5.38928283,107.58724037,1880.0
"Iran, Islamic Rep.",IRN,2003,71.2538536585366,29.0,1.925,5.41582194,110.83071103,2190.0
"Iran, Islamic Rep.",IRN,2004,71.5936341463415,27.3,1.87,5.8876663,144.95581039,2480.0
"Iran, Islamic Rep.",IRN,2005,71.9317073170732,25.7,1.831,6.06355948,177.77368509,2910.0
"Iran, Islamic Rep.",IRN,2006,72.2881219512195,24.2,1.805,5.94523503,204.26132443,3390.0
"Iran, Islamic Rep.",IRN,2007,72.6741951219512,22.8,1.788,5.84412037,254.34593823,4160.0
"Iran, Islamic Rep.",IRN,2008,73.0920731707317,21.4,1.779,6.28314503,314.54788736,4820.0
"Iran, Islamic Rep.",IRN,2009,73.5341707317073,20.2,1.772,7.63154127,380.76167723,5370.0
"Iran, Islamic Rep.",IRN,2010,73.9831707317073,19.2,1.765,8.01924969,455.44662392,6020.0
"Iran, Islamic Rep.",IRN,2011,74.4125853658537,18.3,1.755,7.12442249,545.22789095,6730.0
"Iran, Islamic Rep.",IRN,2012,74.7993414634146,17.5,1.742,6.9838344,510.59283654,7010.0
"Iran, Islamic Rep.",IRN,2013,75.1259756097561,16.8,1.726,6.49275923,414.70165034,7120.0
"Iran, Islamic Rep.",IRN,2014,75.3893170731708,16.1,1.707,6.8949223,350.7386071,6550.0
"Iran, Islamic Rep.",IRN,2015,,15.5,,,,
Iraq,IRQ,1985,61.6580975609756,61.6,6.22,,,2750.0
Iraq,IRQ,1986,62.6567804878049,59.7,6.164,,,3050.0
Iraq,IRQ,1987,63.7006341463415,58.1,6.105,,,3520.0
Iraq,IRQ,1988,64.6764146341464,56.6,6.039,,,3710.0
Iraq,IRQ,1989,65.5311951219512,55.3,5.965,,,3710.0
Iraq,IRQ,1990,66.2403414634147,54.1,5.882,,,7020.0
Iraq,IRQ,1991,66.8147073170732,53.0,5.794,,,
Iraq,IRQ,1992,67.3049024390244,51.9,5.702,,,
Iraq,IRQ,1993,67.748756097561,51.0,5.61,,,
Iraq,IRQ,1994,68.1476341463415,50.0,5.517,,,
Iraq,IRQ,1995,68.4969512195122,49.1,5.423,,,
Iraq,IRQ,1996,68.7834634146342,48.2,5.323,,,
Iraq,IRQ,1997,68.9970487804878,47.4,5.218,,,
Iraq,IRQ,1998,69.1324146341463,46.5,5.107,,,
Iraq,IRQ,1999,69.1933658536585,45.6,4.995,,,
Iraq,IRQ,2000,69.1788048780488,44.7,4.888,,,
Iraq,IRQ,2001,69.09,43.8,4.792,,,
Iraq,IRQ,2002,68.9420243902439,43.0,4.715,,,
Iraq,IRQ,2003,68.7573170731707,42.3,4.658,4.36364226,16.40646005,
Iraq,IRQ,2004,68.5601219512195,41.5,4.623,5.61200838,55.83232516,
Iraq,IRQ,2005,68.3816829268293,40.7,4.608,4.13339428,55.48573263,
Iraq,IRQ,2006,68.256512195122,39.9,4.61,2.99905461,59.32829852,2020.0
Iraq,IRQ,2007,68.1990243902439,39.1,4.623,3.69178171,97.29871306,2510.0
Iraq,IRQ,2008,68.2202926829268,38.3,4.639,3.9279652,146.59172255,3530.0
Iraq,IRQ,2009,68.3199268292683,37.5,4.653,4.64971686,146.76029064,4020.0
Iraq,IRQ,2010,68.4901219512195,36.6,4.659,3.82046695,144.97832897,4410.0
Iraq,IRQ,2011,68.7097073170732,35.7,4.654,3.31821307,164.05134989,4790.0
Iraq,IRQ,2012,68.9497317073171,34.8,4.637,5.26411877,294.15665313,6100.0
Iraq,IRQ,2013,69.183487804878,33.9,4.607,5.9199233,339.35302449,6800.0
Iraq,IRQ,2014,69.3996829268293,32.9,4.566,5.53887318,292.00437883,6410.0
Iraq,IRQ,2015,,32.0,,,,5550.0
Ireland,IRL,1985,73.6409024390244,10.7,2.48,,,5630.0
Ireland,IRL,1986,73.8488048780488,10.4,2.44,,,6370.0
Ireland,IRL,1987,74.0633170731707,10.1,2.32,,,8220.0
Ireland,IRL,1988,74.2864390243903,9.9,2.17,,,10420.0
Ireland,IRL,1989,74.5156097560976,9.6,2.08,,,11100.0
Ireland,IRL,1990,74.7413170731707,9.2,2.11,,,12560.0
Ireland,IRL,1991,74.9505365853659,8.6,2.08,,,13130.0
Ireland,IRL,1992,75.136243902439,8.1,1.99,,,14440.0
Ireland,IRL,1993,75.2964390243903,7.7,1.9,,,14600.0
Ireland,IRL,1994,75.4376341463415,7.4,1.85,,,15480.0
Ireland,IRL,1995,75.5713414634146,7.3,1.84,6.43922051,1239.14295786,16920.0
Ireland,IRL,1996,75.8317073170732,7.3,1.88,6.34936457,1330.35792585,19100.0
Ireland,IRL,1997,75.9853658536586,7.3,1.93,6.19744462,1404.67483734,20810.0
Ireland,IRL,1998,76.1804878048781,7.3,1.94,6.01844877,1467.94055683,21480.0
Ireland,IRL,1999,76.0829268292683,7.3,1.9,5.9290031,1567.81873836,22700.0
Ireland,IRL,2000,76.5365853658537,7.1,1.89,6.02806576,1593.34337154,24200.0
Ireland,IRL,2001,77.1341463414634,6.9,1.94,6.59839384,1878.19710045,24150.0
Ireland,IRL,2002,77.6341463414634,6.5,1.97,6.85271589,2248.67602468,24880.0
Ireland,IRL,2003,78.1390243902439,6.1,1.96,7.04763499,2925.19971998,30080.0
Ireland,IRL,2004,78.5390243902439,5.6,1.93,7.33848733,3532.97270841,37250.0
Ireland,IRL,2005,78.9439024390244,5.2,1.86,7.26683559,3736.5340329,44500.0
Ireland,IRL,2006,79.2414634146342,4.9,1.91,7.22353538,3982.26860511,48590.0
Ireland,IRL,2007,79.6414634146341,4.6,2.01,7.57001772,4704.24017512,51010.0
Ireland,IRL,2008,80.0951219512195,4.5,2.06,8.64102477,5326.22123181,52020.0
Ireland,IRL,2009,80.190243902439,4.3,2.06,9.53009384,4961.57511369,47160.0
Ireland,IRL,2010,80.7439024390244,4.2,2.05,8.76096475,4238.21621984,44740.0
Ireland,IRL,2011,80.7463414634146,4.1,2.03,8.14533747,4309.72032095,43100.0
Ireland,IRL,2012,80.8951219512195,4.0,2.01,8.32055052,4079.47718267,42160.0
Ireland,IRL,2013,81.0,3.8,1.96,8.00927632,4156.5902661,44450.0
Ireland,IRL,2014,81.1536585365854,3.7,1.96,7.78319657,4239.15448853,46450.0
Ireland,IRL,2015,,3.6,,,,46680.0
Isle of Man,IMY,1985,,,,,,
Isle of Man,IMY,1986,,,,,,
Isle of Man,IMY,1987,,,,,,
Isle of Man,IMY,1988,,,,,,
Isle of Man,IMY,1989,,,,,,
Isle of Man,IMY,1990,,,,,,
Isle of Man,IMY,1991,,,,,,
Isle of Man,IMY,1992,,,,,,
Isle of Man,IMY,1993,,,,,,
Isle of Man,IMY,1994,76.5292682926829,,1.8,,,
Isle of Man,IMY,1995,,,,,,
Isle of Man,IMY,1996,,,,,,
Isle of Man,IMY,1997,,,,,,17050.0
Isle of Man,IMY,1998,,,,,,18820.0
Isle of Man,IMY,1999,,,,,,21350.0
Isle of Man,IMY,2000,,,,,,21920.0
Isle of Man,IMY,2001,,,,,,22330.0
Isle of Man,IMY,2002,77.9658536585366,,1.65,,,23340.0
Isle of Man,IMY,2003,,,,,,27070.0
Isle of Man,IMY,2004,,,,,,33330.0
Isle of Man,IMY,2005,,,,,,38690.0
Isle of Man,IMY,2006,,,,,,43240.0
Isle of Man,IMY,2007,,,,,,61240.0
Isle of Man,IMY,2008,,,,,,69570.0
Isle of Man,IMY,2009,,,,,,74380.0
Isle of Man,IMY,2010,,,,,,72040.0
Isle of Man,IMY,2011,,,,,,72670.0
Isle of Man,IMY,2012,,,,,,78840.0
Isle of Man,IMY,2013,,,,,,83920.0
Isle of Man,IMY,2014,,,,,,
Isle of Man,IMY,2015,,,,,,
Israel,ISR,1985,75.2073170731707,14.4,3.058,,,5980.0
Israel,ISR,1986,74.9560975609756,13.7,3.034,,,6450.0
Israel,ISR,1987,75.2585365853659,13.1,3.01,,,7610.0
Israel,ISR,1988,74.4365853658537,12.5,2.948,,,9230.0
Israel,ISR,1989,76.3073170731707,12.1,2.886,,,9770.0
Israel,ISR,1990,76.6073170731707,11.6,2.824,,,10860.0
Israel,ISR,1991,76.7585365853659,11.1,2.762,,,11490.0
Israel,ISR,1992,76.5048780487805,10.5,2.7,,,12590.0
Israel,ISR,1993,77.1536585365854,9.9,2.8,,,13070.0
Israel,ISR,1994,77.4024390243903,9.2,2.9,,,13830.0
Israel,ISR,1995,77.4512195121951,8.7,2.9,7.34555433,1315.72022194,14210.0
Israel,ISR,1996,78.1048780487805,8.2,2.9,7.40078592,1421.05845231,16600.0
Israel,ISR,1997,78.0,7.8,2.94,7.56044971,1470.44064321,18010.0
Israel,ISR,1998,78.1487804878049,7.5,2.98,7.41985562,1429.03981542,17720.0
Israel,ISR,1999,78.6585365853659,7.2,2.965,7.16221722,1359.27719552,17410.0
Israel,ISR,2000,78.9536585365854,6.9,2.95,7.12928401,1490.0482411,18800.0
Israel,ISR,2001,79.4073170731707,6.6,2.92,7.61027457,1531.7320248,19040.0
Israel,ISR,2002,79.4512195121951,6.4,2.89,7.49158352,1366.90537451,18340.0
Israel,ISR,2003,79.6487804878049,6.1,2.95,7.43618123,1394.66502482,18400.0
Israel,ISR,2004,80.1463414634146,5.8,2.9,7.34611873,1445.93309299,19940.0
Israel,ISR,2005,80.1512195121951,5.6,2.84,7.43511313,1515.13434969,21220.0
Israel,ISR,2006,80.5536585365854,5.3,2.88,7.37962269,1592.64947276,22060.0
Israel,ISR,2007,80.5048780487805,5.1,2.9,7.36888637,1813.20436272,23710.0
Israel,ISR,2008,80.9512195121951,4.9,2.96,7.32999547,2145.39124108,25920.0
Israel,ISR,2009,81.4048780487805,4.7,2.96,7.45871596,2057.35008558,27180.0
Israel,ISR,2010,81.6024390243903,4.6,3.03,7.35697387,2247.64603052,29640.0
Israel,ISR,2011,81.6560975609756,4.4,2.98,7.39438605,2460.49939112,31620.0
Israel,ISR,2012,81.7048780487805,4.3,3.05,7.73373175,2514.56780376,32470.0
Israel,ISR,2013,82.0560975609756,4.2,3.03,7.89399062,2853.69244395,34330.0
Israel,ISR,2014,82.1536585365854,4.1,3.08,7.80830808,2910.28863726,35340.0
Israel,ISR,2015,,4.0,,,,35440.0
Italy,ITA,1985,75.4707317073171,12.0,1.42,,,8010.0
Italy,ITA,1986,75.7707317073171,11.3,1.35,,,9350.0
Italy,ITA,1987,76.219512195122,10.8,1.33,,,12120.0
Italy,ITA,1988,76.3707317073171,10.4,1.36,,,15910.0
Italy,ITA,1989,76.819512195122,10.0,1.33,,,17240.0
Italy,ITA,1990,76.9707317073171,9.7,1.33,,,18610.0
Italy,ITA,1991,77.0195121951219,9.3,1.3,,,20310.0
Italy,ITA,1992,77.419512195122,8.9,1.3,,,22890.0
Italy,ITA,1993,77.7219512195122,8.5,1.25,,,21530.0
Italy,ITA,1994,77.9219512195122,8.0,1.21,,,20800.0
Italy,ITA,1995,78.1707317073171,7.5,1.19,7.0951993,1461.9435349,20610.0
Italy,ITA,1996,78.5219512195122,7.0,1.2,7.19380887,1657.16942723,21770.0
Italy,ITA,1997,78.8243902439024,6.6,1.21,7.47161217,1628.34510067,22250.0
Italy,ITA,1998,78.9756097560976,6.2,1.21,7.55160371,1681.17136241,22140.0
Italy,ITA,1999,79.4243902439024,5.9,1.23,7.62970381,1674.54428529,21910.0
Italy,ITA,2000,79.7780487804878,5.5,1.26,7.91371676,1587.96201092,21820.0
Italy,ITA,2001,80.1268292682927,5.2,1.25,8.11320938,1656.2203138,21080.0
Italy,ITA,2002,80.2292682926829,5.0,1.27,8.22996699,1829.92886685,20640.0
Italy,ITA,2003,79.9829268292683,4.7,1.29,8.17185036,2246.10766211,23270.0
Italy,ITA,2004,80.7804878048781,4.5,1.34,8.49431614,2658.14553546,28220.0
Italy,ITA,2005,80.7829268292683,4.4,1.34,8.70707069,2788.51694126,32390.0
Italy,ITA,2006,81.2829268292683,4.3,1.37,8.81849072,2951.5916807,34210.0
Italy,ITA,2007,81.4341463414634,4.2,1.4,8.48168567,3210.65347894,35830.0
Italy,ITA,2008,81.4853658536586,4.1,1.45,8.88584923,3623.85312635,37770.0
Italy,ITA,2009,81.6365853658537,4.1,1.45,9.41489657,3488.47269061,37690.0
Italy,ITA,2010,82.0365853658537,4.0,1.46,9.41991203,3384.45359682,37700.0
Italy,ITA,2011,82.1878048780488,3.9,1.44,9.27499911,3559.49674092,37690.0
Italy,ITA,2012,82.2390243902439,3.8,1.43,9.28206804,3242.22329875,36000.0
Italy,ITA,2013,82.690243902439,3.7,1.39,9.21721878,3294.848511,35390.0
Italy,ITA,2014,82.690243902439,3.6,1.39,9.24791783,3257.7534099,34540.0
Italy,ITA,2015,,3.5,,,,32790.0
Jamaica,JAM,1985,72.130243902439,35.3,3.308,,,940.0
Jamaica,JAM,1986,72.1357073170732,34.3,3.223,,,960.0
Jamaica,JAM,1987,72.1153658536585,33.3,3.142,,,1180.0
Jamaica,JAM,1988,72.083756097561,32.4,3.069,,,1500.0
Jamaica,JAM,1989,72.0489268292683,31.5,3.003,,,1710.0
Jamaica,JAM,1990,72.0159756097561,30.6,2.947,,,1790.0
Jamaica,JAM,1991,71.9875365853659,29.6,2.899,,,1760.0
Jamaica,JAM,1992,71.9627317073171,28.7,2.86,,,1630.0
Jamaica,JAM,1993,71.9436585365854,27.8,2.826,,,1800.0
Jamaica,JAM,1994,71.9353658536585,26.9,2.797,,,1820.0
Jamaica,JAM,1995,71.9423902439024,26.0,2.768,4.16409664,97.23829212,2120.0
Jamaica,JAM,1996,71.9681951219512,25.1,2.738,4.72996836,122.88917279,2310.0
Jamaica,JAM,1997,72.0157073170732,24.3,2.704,5.97090539,175.97628168,2530.0
Jamaica,JAM,1998,72.0868536585366,23.4,2.666,5.48311356,187.3717913,2690.0
Jamaica,JAM,1999,72.1846585365854,22.7,2.623,5.04149057,172.56573064,3030.0
Jamaica,JAM,2000,72.3131707317073,22.0,2.577,5.80932261,199.94432115,3290.0
Jamaica,JAM,2001,72.4769512195122,21.4,2.529,5.33784359,185.60803567,3280.0
Jamaica,JAM,2002,72.6750243902439,20.9,2.482,4.85575957,179.11609316,3330.0
Jamaica,JAM,2003,72.9029268292683,20.4,2.439,4.55821974,162.21865693,3530.0
Jamaica,JAM,2004,73.1556097560976,20.0,2.398,4.80457328,183.47279882,3770.0
Jamaica,JAM,2005,73.4280243902439,19.7,2.361,4.06830563,170.74928948,3920.0
Jamaica,JAM,2006,73.7156097560976,19.5,2.325,4.22114615,187.06848565,4230.0
Jamaica,JAM,2007,74.0092926829268,19.2,2.289,4.87190883,230.49139195,4480.0
Jamaica,JAM,2008,74.3019512195122,18.9,2.251,5.40429222,272.61925723,4750.0
Jamaica,JAM,2009,74.5840487804878,18.5,2.213,5.15809611,229.12732279,4500.0
Jamaica,JAM,2010,74.8474878048781,18.1,2.174,5.29687787,255.65730574,4570.0
Jamaica,JAM,2011,75.086243902439,17.6,2.136,5.21156436,273.30519289,4810.0
Jamaica,JAM,2012,75.2998292682927,17.2,2.102,5.65711987,302.92071233,5240.0
Jamaica,JAM,2013,75.488243902439,16.7,2.072,5.90574802,305.85417674,5300.0
Jamaica,JAM,2014,75.6535121951219,16.2,2.046,5.36152479,266.19011641,5200.0
Jamaica,JAM,2015,,15.7,,,,5010.0
Japan,JPN,1985,77.650487804878,7.5,1.76,,,11360.0
Japan,JPN,1986,78.0646341463415,7.1,1.72,,,13650.0
Japan,JPN,1987,78.4836585365854,6.8,1.69,,,17800.0
Japan,JPN,1988,78.3992682926829,6.6,1.66,,,24470.0
Japan,JPN,1989,78.8180487804878,6.4,1.57,,,26640.0
Japan,JPN,1990,78.8368292682927,6.3,1.54,,,27560.0
Japan,JPN,1991,79.1007317073171,6.2,1.53,,,28290.0
Japan,JPN,1992,79.1539024390244,6.1,1.502,,,30190.0
Japan,JPN,1993,79.2936585365854,6.0,1.458,,,33170.0
Japan,JPN,1994,79.6870731707317,5.9,1.5,,,36590.0
Japan,JPN,1995,79.5363414634147,5.7,1.422,6.6226014,2844.84682989,41270.0
Japan,JPN,1996,80.200243902439,5.5,1.425,6.49028939,2455.15181166,42030.0
Japan,JPN,1997,80.4241463414634,5.2,1.388,6.72554817,2333.36950719,39230.0
Japan,JPN,1998,80.5014634146342,5.0,1.384,7.00892123,2195.83911607,33480.0
Japan,JPN,1999,80.5707317073171,4.7,1.342,7.34097027,2597.75851006,32830.0
Japan,JPN,2000,81.0760975609756,4.5,1.359,7.53324651,2838.59924418,34980.0
Japan,JPN,2001,81.4170731707317,4.3,1.33,7.74668514,2531.11146199,35600.0
Japan,JPN,2002,81.5634146341463,4.1,1.32,7.84847852,2450.73003946,33750.0
Japan,JPN,2003,81.76,4.0,1.29,7.99594428,2694.42649204,34010.0
Japan,JPN,2004,82.030243902439,3.9,1.29,8.03487741,2927.43451424,37150.0
Japan,JPN,2005,81.9251219512195,3.7,1.26,8.18154267,2927.57155493,39140.0
Japan,JPN,2006,82.3219512195122,3.6,1.32,8.19413457,2791.22357466,38570.0
Japan,JPN,2007,82.5070731707317,3.5,1.34,8.24853451,2806.5745978,37590.0
Japan,JPN,2008,82.5875609756098,3.4,1.37,8.59902664,3255.55652263,37760.0
Japan,JPN,2009,82.9314634146342,3.3,1.37,9.51396085,3741.59008597,37470.0
Japan,JPN,2010,82.8426829268293,3.2,1.39,9.57849715,4110.46410653,41980.0
Japan,JPN,2011,82.5912195121951,3.4,1.39,10.07184997,4654.23371723,45190.0
Japan,JPN,2012,83.0960975609756,3.0,1.41,10.16980518,4748.91860209,47830.0
Japan,JPN,2013,83.3319512195122,2.9,1.43,10.24737667,3960.20307293,46340.0
Japan,JPN,2014,83.5878048780488,2.8,1.42,10.22874408,3702.95277544,41900.0
Japan,JPN,2015,,2.7,,,,36680.0
Jordan,JOR,1985,68.3383902439025,44.6,6.581,,,1830.0
Jordan,JOR,1986,68.7065609756098,42.7,6.373,,,2020.0
Jordan,JOR,1987,69.0497073170732,40.9,6.157,,,2230.0
Jordan,JOR,1988,69.3668048780488,39.3,5.943,,,2230.0
Jordan,JOR,1989,69.6573658536585,37.9,5.734,,,1610.0
Jordan,JOR,1990,69.9208536585366,36.6,5.536,,,1350.0
Jordan,JOR,1991,70.1573170731707,35.4,5.349,,,1160.0
Jordan,JOR,1992,70.3722682926829,34.3,5.169,,,1350.0
Jordan,JOR,1993,70.568756097561,33.3,4.997,,,1370.0
Jordan,JOR,1994,70.751243902439,32.4,4.832,,,1420.0
Jordan,JOR,1995,70.9257317073171,31.5,4.677,8.4680132,131.95668437,1510.0
Jordan,JOR,1996,71.0956829268293,30.7,4.531,8.90916941,138.76295348,1520.0
Jordan,JOR,1997,71.2635609756098,29.9,4.396,8.96952793,142.99059184,1550.0
Jordan,JOR,1998,71.4328780487805,29.1,4.272,9.30817105,159.36872889,1580.0
Jordan,JOR,1999,71.6050975609756,28.4,4.158,9.359011,162.57993177,1650.0
Jordan,JOR,2000,71.779756097561,27.7,4.056,9.65470363,171.33885098,1800.0
Jordan,JOR,2001,71.9563658536586,26.9,3.964,9.90197276,183.2467845,1870.0
Jordan,JOR,2002,72.1324878048781,26.2,3.882,9.68129541,187.83549667,1920.0
Jordan,JOR,2003,72.3046097560976,25.5,3.809,9.15453269,185.09947118,2050.0
Jordan,JOR,2004,72.473756097561,24.8,3.745,9.05278809,199.7528181,2330.0
Jordan,JOR,2005,72.6389024390244,24.1,3.69,8.88253327,209.67503514,2530.0
Jordan,JOR,2006,72.8010487804878,23.4,3.646,8.08490328,220.1255759,2720.0
Jordan,JOR,2007,72.9611707317073,22.7,3.613,8.34550992,247.93547271,2980.0
Jordan,JOR,2008,73.120243902439,22.1,3.588,8.77647005,320.87017999,3400.0
Jordan,JOR,2009,73.2782926829268,21.5,3.57,9.54302829,362.72512678,3680.0
Jordan,JOR,2010,73.4358292682927,20.8,3.553,8.4176322,341.27324975,3820.0
Jordan,JOR,2011,73.5918536585366,20.2,3.533,8.38611431,357.75833291,3990.0
Jordan,JOR,2012,73.7464146341464,19.6,3.505,8.00466753,354.05588298,4210.0
Jordan,JOR,2013,73.9,19.0,3.468,7.23316979,336.79188459,4420.0
Jordan,JOR,2014,74.0521463414634,18.5,3.422,7.45299586,358.9124715,4590.0
Jordan,JOR,2015,,17.9,,,,4680.0
Kazakhstan,KAZ,1985,68.5365853658537,59.4,3.08,,,
Kazakhstan,KAZ,1986,68.9134146341463,57.5,3.135,,,
Kazakhstan,KAZ,1987,69.290243902439,55.8,3.19,,,
Kazakhstan,KAZ,1988,68.8487804878049,54.4,3.13,,,
Kazakhstan,KAZ,1989,68.290243902439,53.3,2.82,,,
Kazakhstan,KAZ,1990,68.3365853658537,52.6,2.72,,,
Kazakhstan,KAZ,1991,67.9829268292683,52.4,2.61,,,
Kazakhstan,KAZ,1992,67.7317073170732,52.7,2.5,,,
Kazakhstan,KAZ,1993,66.7268292682927,52.9,2.3,,,1430.0
Kazakhstan,KAZ,1994,65.6731707317073,53.1,2.28,,,1310.0
Kazakhstan,KAZ,1995,64.919512195122,52.7,2.26,4.61783479,48.24803899,1280.0
Kazakhstan,KAZ,1996,64.109756097561,51.8,2.13,4.34318179,58.17405281,1340.0
Kazakhstan,KAZ,1997,64.4634146341463,50.1,2.0,4.67251837,66.96821697,1390.0
Kazakhstan,KAZ,1998,64.5609756097561,48.1,1.8,4.83111924,70.17699656,1390.0
Kazakhstan,KAZ,1999,65.519512195122,45.9,1.7,4.37611572,49.0230326,1290.0
Kazakhstan,KAZ,2000,65.5170731707317,43.6,1.8,4.16032948,50.81343348,1260.0
Kazakhstan,KAZ,2001,65.7682926829268,41.2,1.9,3.47096531,51.40540825,1350.0
Kazakhstan,KAZ,2002,65.9682926829268,39.0,2.0,3.61480665,59.31010068,1520.0
Kazakhstan,KAZ,2003,65.8658536585366,36.8,2.03,3.69562808,75.35645281,1800.0
Kazakhstan,KAZ,2004,65.8878048780488,34.7,2.21,3.95180407,111.70717434,2300.0
Kazakhstan,KAZ,2005,65.909756097561,32.5,2.22,4.06951322,149.99366131,2950.0
Kazakhstan,KAZ,2006,66.1609756097561,30.3,2.36,3.72656036,194.01746518,3860.0
Kazakhstan,KAZ,2007,66.5048780487805,28.1,2.5,3.18543508,212.10067325,4980.0
Kazakhstan,KAZ,2008,67.0219512195122,25.9,2.7,3.64857277,305.81673433,6150.0
Kazakhstan,KAZ,2009,68.4292682926829,23.7,2.55,4.13485255,295.31862924,6780.0
Kazakhstan,KAZ,2010,68.2953658536585,21.6,2.6,4.42042194,401.207775,7440.0
Kazakhstan,KAZ,2011,68.98,19.6,2.59,4.05524966,460.55481369,8410.0
Kazakhstan,KAZ,2012,69.61,17.9,2.62,4.3153085,521.64006276,10220.0
Kazakhstan,KAZ,2013,70.45,16.4,2.64,4.29914863,582.09765059,12290.0
Kazakhstan,KAZ,2014,71.62,15.1,2.74,4.35593983,538.78277714,12490.0
Kazakhstan,KAZ,2015,,14.1,,,,11580.0
Kenya,KEN,1985,59.5970243902439,96.8,6.918,,,310.0
Kenya,KEN,1986,59.6487317073171,96.3,6.769,,,340.0
Kenya,KEN,1987,59.5984146341463,96.7,6.602,,,380.0
Kenya,KEN,1988,59.4496829268293,97.9,6.422,,,410.0
Kenya,KEN,1989,59.1951707317073,99.8,6.231,,,400.0
Kenya,KEN,1990,58.8020487804878,102.3,6.037,,,380.0
Kenya,KEN,1991,58.2289756097561,105.2,5.847,,,350.0
Kenya,KEN,1992,57.4735365853659,108.2,5.668,,,330.0
Kenya,KEN,1993,56.5591951219512,111.1,5.506,,,270.0
Kenya,KEN,1994,55.5339512195122,113.4,5.366,,,260.0
Kenya,KEN,1995,54.4577317073171,114.8,5.251,4.2546112,14.06076302,270.0
Kenya,KEN,1996,53.4,115.4,5.165,4.14837559,17.77305628,340.0
Kenya,KEN,1997,52.4375365853659,114.9,5.102,4.1175352,18.72413933,390.0
Kenya,KEN,1998,51.6425853658537,113.4,5.059,4.49260472,21.41707874,440.0
Kenya,KEN,1999,51.0713902439024,111.0,5.03,4.1968479,17.86151124,440.0
Kenya,KEN,2000,50.7851707317073,107.9,5.012,4.68273816,19.15153877,420.0
Kenya,KEN,2001,50.8241463414634,104.1,5.0,4.62224717,18.83813091,410.0
Kenya,KEN,2002,51.1596585365854,99.9,4.989,4.53836443,18.25194579,390.0
Kenya,KEN,2003,51.7487073170732,95.4,4.975,4.44734056,19.7565643,420.0
Kenya,KEN,2004,52.552243902439,90.6,4.953,4.28974554,20.04934047,470.0
Kenya,KEN,2005,53.5198292682927,85.5,4.921,4.36354595,23.1303791,530.0
Kenya,KEN,2006,54.5910975609756,80.7,4.878,4.24362134,30.20273541,600.0
Kenya,KEN,2007,55.6992926829268,76.1,4.825,4.07795506,34.9858061,730.0
Kenya,KEN,2008,56.7846829268293,70.1,4.766,3.89959146,36.60045187,860.0
Kenya,KEN,2009,57.8004390243903,65.8,4.7,4.16756719,39.2894476,930.0
Kenya,KEN,2010,58.7186097560976,62.1,4.629,3.97371597,39.41334629,1000.0
Kenya,KEN,2011,59.5342195121951,58.5,4.556,5.2314281,52.98809604,1040.0
Kenya,KEN,2012,60.2727804878049,55.6,4.481,5.49053237,65.05859332,1090.0
Kenya,KEN,2013,60.9537804878049,53.4,4.406,5.56790477,69.99987383,1180.0
Kenya,KEN,2014,61.5763658536585,51.3,4.334,5.72029126,77.69658603,1300.0
Kenya,KEN,2015,,49.4,,,,1340.0
Kiribati,KIR,1985,58.0748536585366,114.9,4.912,,,570.0
Kiribati,KIR,1986,58.4660975609756,111.9,4.871,,,550.0
Kiribati,KIR,1987,58.9026097560976,108.3,4.829,,,540.0
Kiribati,KIR,1988,59.3704878048781,104.3,4.784,,,670.0
Kiribati,KIR,1989,59.8583414634146,100.1,4.738,,,660.0
Kiribati,KIR,1990,60.3508292682927,96.0,4.688,,,720.0
Kiribati,KIR,1991,60.8345853658537,92.2,4.635,,,740.0
Kiribati,KIR,1992,61.2997317073171,89.0,4.576,,,870.0
Kiribati,KIR,1993,61.7372926829268,86.2,4.512,,,1030.0
Kiribati,KIR,1994,62.1397804878049,83.8,4.445,,,1090.0
Kiribati,KIR,1995,62.5056585365854,81.6,4.374,9.39105096,69.60400412,1160.0
Kiribati,KIR,1996,62.8373170731707,79.4,4.304,9.20390344,79.16330497,1120.0
Kiribati,KIR,1997,63.1446097560976,77.3,4.235,9.3572622,80.69424055,1390.0
Kiribati,KIR,1998,63.4329024390244,75.1,4.17,6.99500964,57.54799393,1520.0
Kiribati,KIR,1999,63.7026097560976,72.8,4.11,8.81717701,75.02544874,1340.0
Kiribati,KIR,2000,63.9506829268293,70.6,4.058,8.12191984,64.96270753,1390.0
Kiribati,KIR,2001,64.1720975609756,68.5,4.015,9.00297707,66.16585865,1390.0
Kiribati,KIR,2002,64.3644146341463,66.9,3.979,9.10312141,75.3118492,1230.0
Kiribati,KIR,2003,64.5271463414634,65.7,3.95,9.97939239,101.2036109,1310.0
Kiribati,KIR,2004,64.6652926829268,65.1,3.927,10.39189376,117.32353674,1600.0
Kiribati,KIR,2005,64.7823658536585,64.8,3.909,10.05853597,115.64178875,1760.0
Kiribati,KIR,2006,64.8853414634146,64.8,3.895,10.92704338,121.34292302,1710.0
Kiribati,KIR,2007,64.980756097561,64.8,3.883,13.65860476,174.4447992,1810.0
Kiribati,KIR,2008,65.0786097560976,64.5,3.872,12.22926894,167.77481341,1950.0
Kiribati,KIR,2009,65.1834390243903,63.9,3.859,12.24187853,154.75066535,1870.0
Kiribati,KIR,2010,65.3027804878049,62.9,3.843,10.51872977,154.1581872,1990.0
Kiribati,KIR,2011,65.4406341463415,61.7,3.822,10.42241736,171.53966604,2060.0
Kiribati,KIR,2012,65.5960731707317,60.4,3.796,10.37479425,170.27066867,2520.0
Kiribati,KIR,2013,65.7665853658537,58.9,3.765,10.15483768,158.05608582,2870.0
Kiribati,KIR,2014,65.9516829268293,57.4,3.73,10.21295042,154.17174778,3110.0
Kiribati,KIR,2015,,55.9,,,,3230.0
"Korea, Dem. People’s Rep.",PRK,1985,67.427243902439,35.1,2.593,,,
"Korea, Dem. People’s Rep.",PRK,1986,67.7993170731707,34.7,2.515,,,
"Korea, Dem. People’s Rep.",PRK,1987,68.2188048780488,35.2,2.438,,,
"Korea, Dem. People’s Rep.",PRK,1988,68.6576829268293,36.8,2.374,,,
"Korea, Dem. People’s Rep.",PRK,1989,69.0734878048781,39.5,2.325,,,
"Korea, Dem. People’s Rep.",PRK,1990,69.3443170731707,43.4,2.289,,,
"Korea, Dem. People’s Rep.",PRK,1991,69.3253170731707,48.6,2.262,,,
"Korea, Dem. People’s Rep.",PRK,1992,68.9517073170732,54.8,2.235,,,
"Korea, Dem. People’s Rep.",PRK,1993,68.2302682926829,61.3,2.202,,,
"Korea, Dem. People’s Rep.",PRK,1994,67.2282195121951,67.7,2.163,,,
"Korea, Dem. People’s Rep.",PRK,1995,66.1172926829268,72.8,2.121,,,
"Korea, Dem. People’s Rep.",PRK,1996,65.1241951219512,75.7,2.079,,,
"Korea, Dem. People’s Rep.",PRK,1997,64.4419512195122,75.7,2.042,,,
"Korea, Dem. People’s Rep.",PRK,1998,64.191512195122,72.9,2.015,,,
"Korea, Dem. People’s Rep.",PRK,1999,64.3952682926829,67.4,1.999,,,
"Korea, Dem. People’s Rep.",PRK,2000,64.9825609756098,60.0,1.991,,,
"Korea, Dem. People’s Rep.",PRK,2001,65.8036585365854,52.0,1.992,,,
"Korea, Dem. People’s Rep.",PRK,2002,66.6482926829269,44.6,1.996,,,
"Korea, Dem. People’s Rep.",PRK,2003,67.3547317073171,38.7,2.0,,,
"Korea, Dem. People’s Rep.",PRK,2004,67.8598292682927,34.7,2.004,,,
"Korea, Dem. People’s Rep.",PRK,2005,68.157,32.7,2.005,,,
"Korea, Dem. People’s Rep.",PRK,2006,68.292756097561,32.2,2.006,,,
"Korea, Dem. People’s Rep.",PRK,2007,68.3761951219512,32.4,2.005,,,
"Korea, Dem. People’s Rep.",PRK,2008,68.4919512195122,32.4,2.005,,,
"Korea, Dem. People’s Rep.",PRK,2009,68.6640487804878,32.1,2.004,,,
"Korea, Dem. People’s Rep.",PRK,2010,68.9000243902439,31.3,2.003,,,
"Korea, Dem. People’s Rep.",PRK,2011,69.1879024390244,30.1,2.0,,,
"Korea, Dem. People’s Rep.",PRK,2012,69.4941951219512,28.7,1.995,,,
"Korea, Dem. People’s Rep.",PRK,2013,69.7919512195122,27.4,1.988,,,
"Korea, Dem. People’s Rep.",PRK,2014,70.0746829268293,26.1,1.979,,,
"Korea, Dem. People’s Rep.",PRK,2015,,24.9,,,,
"Korea, Rep.",KOR,1985,68.5329268292683,10.0,1.66,,,2510.0
"Korea, Rep.",KOR,1986,69.1836585365854,9.3,1.58,,,2930.0
"Korea, Rep.",KOR,1987,69.8092682926829,8.6,1.53,,,3600.0
"Korea, Rep.",KOR,1988,70.3392682926829,8.0,1.55,,,4590.0
"Korea, Rep.",KOR,1989,70.859512195122,7.5,1.56,,,5440.0
"Korea, Rep.",KOR,1990,71.299756097561,7.1,1.57,,,6480.0
"Korea, Rep.",KOR,1991,71.730243902439,6.8,1.71,,,7550.0
"Korea, Rep.",KOR,1992,72.2004878048781,6.4,1.76,,,8290.0
"Korea, Rep.",KOR,1993,72.6819512195122,6.1,1.654,,,8980.0
"Korea, Rep.",KOR,1994,73.0431707317073,5.8,1.656,,,10010.0
"Korea, Rep.",KOR,1995,73.3943902439024,5.5,1.634,3.67276956,452.96005698,11650.0
"Korea, Rep.",KOR,1996,73.8312195121951,5.3,1.574,3.87615854,509.24403198,13080.0
"Korea, Rep.",KOR,1997,74.2478048780488,5.3,1.52,3.86772523,469.22787012,13300.0
"Korea, Rep.",KOR,1998,74.680243902439,5.5,1.448,3.96643703,320.69930056,10120.0
"Korea, Rep.",KOR,1999,75.3734146341463,5.8,1.41,4.20207908,437.4079753,10160.0
"Korea, Rep.",KOR,2000,75.8353658536585,6.1,1.467,4.22599348,504.90403094,10750.0
"Korea, Rep.",KOR,2001,76.3419512195122,6.4,1.297,4.75962664,535.74076834,11630.0
"Korea, Rep.",KOR,2002,76.8390243902439,6.5,1.166,4.61261035,589.8871139,12470.0
"Korea, Rep.",KOR,2003,77.250243902439,6.4,1.18,4.92542518,700.3558484,13360.0
"Korea, Rep.",KOR,2004,77.8465853658537,6.0,1.154,4.95938228,789.63010326,15650.0
"Korea, Rep.",KOR,2005,78.4326829268293,5.6,1.076,5.32851591,994.16532824,17800.0
"Korea, Rep.",KOR,2006,78.9692682926829,5.2,1.123,5.75710863,1204.21663711,19980.0
"Korea, Rep.",KOR,2007,79.3495121951219,4.8,1.25,5.98674394,1383.02730551,22460.0
"Korea, Rep.",KOR,2008,79.8326829268293,4.5,1.192,6.15807158,1260.85425855,22850.0
"Korea, Rep.",KOR,2009,80.2973170731707,4.3,1.149,6.65612235,1220.64759876,21090.0
"Korea, Rep.",KOR,2010,80.5512195121951,4.1,1.226,6.79430738,1505.02144842,21320.0
"Korea, Rep.",KOR,2011,80.9670731707317,4.0,1.244,6.83252287,1650.45694396,22610.0
"Korea, Rep.",KOR,2012,81.2134146341464,3.8,1.297,7.01258591,1714.85850827,24630.0
"Korea, Rep.",KOR,2013,81.7051219512195,3.7,1.187,7.19693064,1870.12576906,25860.0
"Korea, Rep.",KOR,2014,82.1558536585366,3.6,1.205,7.37311255,2060.24849705,26970.0
"Korea, Rep.",KOR,2015,,3.4,,,,27440.0
Kosovo,KSV,1985,66.7975609756098,,4.56,,,
Kosovo,KSV,1986,66.9975609756098,,4.47,,,
Kosovo,KSV,1987,67.1975609756098,,4.43,,,
Kosovo,KSV,1988,67.3975609756098,,4.26,,,
Kosovo,KSV,1989,67.5487804878049,,3.92,,,
Kosovo,KSV,1990,67.7487804878049,,3.9,,,
Kosovo,KSV,1991,67.9487804878049,,3.58,,,
Kosovo,KSV,1992,68.1,,2.96,,,
Kosovo,KSV,1993,68.2487804878049,,2.84,,,
Kosovo,KSV,1994,68.4,,2.71,,,
Kosovo,KSV,1995,68.5512195121951,,2.7,,,
Kosovo,KSV,1996,68.7,,2.7,,,
Kosovo,KSV,1997,68.8512195121951,,2.46,,,
Kosovo,KSV,1998,68.9512195121951,,2.57,,,
Kosovo,KSV,1999,66.9512195121951,,2.88,,,
Kosovo,KSV,2000,67.9512195121951,,2.95,,,
Kosovo,KSV,2001,67.9975609756098,,2.8,,,
Kosovo,KSV,2002,67.9439024390244,,2.66,,,
Kosovo,KSV,2003,68.1951219512195,,2.34,,,
Kosovo,KSV,2004,68.4463414634146,,2.53,,,
Kosovo,KSV,2005,68.6951219512195,,2.65,,,
Kosovo,KSV,2006,68.9463414634146,,2.43,,,2510.0
Kosovo,KSV,2007,69.1975609756098,,2.43,,,2800.0
Kosovo,KSV,2008,69.3975609756098,,2.38,,,3100.0
Kosovo,KSV,2009,69.6487804878049,,2.34,,,3280.0
Kosovo,KSV,2010,69.9,,2.29,,,3420.0
Kosovo,KSV,2011,70.1487804878049,,2.24,,,3640.0
Kosovo,KSV,2012,70.4975609756098,,2.19,,,3780.0
Kosovo,KSV,2013,70.7975609756098,,2.16,,,3960.0
Kosovo,KSV,2014,71.0975609756098,,2.1,,,4010.0
Kosovo,KSV,2015,,,,,,3950.0
Kuwait,KWT,1985,71.2485365853659,23.1,4.059,,,14710.0
Kuwait,KWT,1986,71.4992195121951,21.7,3.696,,,16910.0
Kuwait,KWT,1987,71.7278048780488,20.6,3.349,,,15630.0
Kuwait,KWT,1988,71.9333170731707,19.6,3.039,,,14550.0
Kuwait,KWT,1989,72.1177317073171,18.8,2.782,,,17700.0
Kuwait,KWT,1990,72.2815609756098,17.9,2.593,,,
Kuwait,KWT,1991,72.4267804878049,19.9,2.487,,,
Kuwait,KWT,1992,72.5569512195122,16.3,2.456,,,
Kuwait,KWT,1993,72.6755365853659,15.7,2.486,,,
Kuwait,KWT,1994,72.7855853658537,15.2,2.564,,,
Kuwait,KWT,1995,72.8880975609756,14.7,2.668,3.72426299,618.50986152,20130.0
Kuwait,KWT,1996,72.9850731707317,14.2,2.771,3.46528433,666.27163497,20730.0
Kuwait,KWT,1997,73.0750243902439,13.8,2.851,3.69448252,664.97591029,21790.0
Kuwait,KWT,1998,73.1589512195122,13.3,2.893,4.4370724,651.78607783,20400.0
Kuwait,KWT,1999,73.2388536585366,12.9,2.89,3.66676805,596.04104673,17770.0
Kuwait,KWT,2000,73.313756097561,12.7,2.847,2.50942071,490.54855266,19050.0
Kuwait,KWT,2001,73.3856829268293,12.5,2.778,3.60960453,632.84553188,19790.0
Kuwait,KWT,2002,73.4531219512195,12.3,2.707,3.56384791,665.5030839,19830.0
Kuwait,KWT,2003,73.5180731707317,12.1,2.648,3.22905642,737.53974387,23300.0
Kuwait,KWT,2004,73.583,11.9,2.605,2.7557707,756.08471383,28640.0
Kuwait,KWT,2005,73.6514146341463,11.7,2.577,2.37794798,848.79383051,34600.0
Kuwait,KWT,2006,73.7262682926829,11.6,2.554,2.25224274,957.2532629,41130.0
Kuwait,KWT,2007,73.81,11.5,2.525,2.13286507,963.14051015,46930.0
Kuwait,KWT,2008,73.9031463414634,11.3,2.481,1.93147895,1052.24177918,50770.0
Kuwait,KWT,2009,74.0061951219512,11.1,2.423,3.87051709,1423.51880328,45010.0
Kuwait,KWT,2010,74.1166341463415,10.8,2.353,2.7596631,1041.0251334,41220.0
Kuwait,KWT,2011,74.233512195122,10.3,2.279,2.61661289,1244.29539287,42860.0
Kuwait,KWT,2012,74.3518536585366,9.9,2.209,2.57201714,1309.06660764,49580.0
Kuwait,KWT,2013,74.4696829268293,9.4,2.15,2.5600271,1252.53226545,52060.0
Kuwait,KWT,2014,74.5850243902439,9.0,2.105,3.04236844,1385.77693451,49300.0
Kuwait,KWT,2015,,8.6,,,,40930.0
Kyrgyz Republic,KGZ,1985,64.9189512195122,79.1,4.093,,,
Kyrgyz Republic,KGZ,1986,65.2937804878049,75.0,4.073,,,
Kyrgyz Republic,KGZ,1987,65.6111951219512,71.4,4.039,,,
Kyrgyz Republic,KGZ,1988,65.8585853658537,68.4,3.992,,,
Kyrgyz Republic,KGZ,1989,67.9073170731707,66.2,3.875,,,
Kyrgyz Republic,KGZ,1990,68.2975609756098,65.0,3.63,,,
Kyrgyz Republic,KGZ,1991,68.5512195121951,64.7,3.58,,,
Kyrgyz Republic,KGZ,1992,68.1024390243903,64.5,3.52,,,520.0
Kyrgyz Republic,KGZ,1993,67.1926829268293,64.1,3.2,,,450.0
Kyrgyz Republic,KGZ,1994,66.0390243902439,63.0,2.9,,,370.0
Kyrgyz Republic,KGZ,1995,65.790243902439,61.3,3.1,5.97060065,19.39714935,360.0
Kyrgyz Republic,KGZ,1996,66.5439024390244,58.9,2.8,5.69307187,22.33119904,390.0
Kyrgyz Republic,KGZ,1997,66.8926829268293,56.3,2.6,5.23371462,19.53619575,390.0
Kyrgyz Republic,KGZ,1998,67.0512195121951,53.7,2.7,5.8769337,20.010429,360.0
Kyrgyz Republic,KGZ,1999,68.6560975609756,51.1,2.6,5.33664004,13.62715252,300.0
Kyrgyz Republic,KGZ,2000,68.5585365853659,48.7,2.4,4.6771627,12.90954583,280.0
Kyrgyz Republic,KGZ,2001,68.7073170731707,46.4,2.4,4.78581,14.61432556,280.0
Kyrgyz Republic,KGZ,2002,68.1560975609756,44.4,2.4,5.43420861,17.36711636,290.0
Kyrgyz Republic,KGZ,2003,68.2560975609756,42.5,2.5,5.42793328,20.62756004,340.0
Kyrgyz Republic,KGZ,2004,68.1536585365854,40.8,2.6,5.57289951,24.38454723,400.0
Kyrgyz Republic,KGZ,2005,67.9560975609756,39.3,2.5,5.82230709,27.98573378,450.0
Kyrgyz Republic,KGZ,2006,67.6951219512195,37.9,2.7,6.73429073,37.0517337,500.0
Kyrgyz Republic,KGZ,2007,67.8951219512195,36.3,2.7,6.87338793,50.10047587,610.0
Kyrgyz Republic,KGZ,2008,68.4512195121951,34.4,2.8,6.07102722,58.60578527,760.0
Kyrgyz Republic,KGZ,2009,69.1024390243903,32.3,2.9,6.79492613,59.02054616,860.0
Kyrgyz Republic,KGZ,2010,69.3,30.0,3.1,6.65733621,58.27948099,850.0
Kyrgyz Republic,KGZ,2011,69.6024390243903,27.8,3.1,6.17973864,69.08178594,880.0
Kyrgyz Republic,KGZ,2012,70.0024390243902,25.7,3.2,6.97356873,81.66090544,1040.0
Kyrgyz Republic,KGZ,2013,70.2024390243902,24.0,3.1,6.6786385,85.26070729,1220.0
Kyrgyz Republic,KGZ,2014,70.4024390243902,22.6,3.2,6.48376219,81.5662616,1260.0
Kyrgyz Republic,KGZ,2015,,21.3,,,,1170.0
Lao PDR,LAO,1985,51.0184878048781,181.8,6.361,,,
Lao PDR,LAO,1986,51.5175853658537,178.1,6.342,,,550.0
Lao PDR,LAO,1987,52.0284390243902,174.3,6.313,,,430.0
Lao PDR,LAO,1988,52.5405365853659,170.5,6.274,,,250.0
Lao PDR,LAO,1989,53.0488780487805,166.4,6.222,,,210.0
Lao PDR,LAO,1990,53.5520731707317,162.4,6.151,,,190.0
Lao PDR,LAO,1991,54.0527073170732,158.2,6.054,,,210.0
Lao PDR,LAO,1992,54.5564390243903,153.8,5.928,,,250.0
Lao PDR,LAO,1993,55.0678292682927,149.3,5.772,,,280.0
Lao PDR,LAO,1994,55.5874634146342,144.7,5.589,,,310.0
Lao PDR,LAO,1995,56.1172926829268,140.1,5.384,3.77081641,14.36920452,350.0
Lao PDR,LAO,1996,56.6568292682927,135.5,5.163,3.66814697,14.5299938,380.0
Lao PDR,LAO,1997,57.2034390243903,130.9,4.936,4.60735372,16.66626966,370.0
Lao PDR,LAO,1998,57.7575609756098,126.4,4.712,5.42938639,13.65951713,310.0
Lao PDR,LAO,1999,58.3161707317073,122.0,4.498,3.77248131,10.07749984,290.0
Lao PDR,LAO,2000,58.879243902439,117.7,4.304,3.4118284,10.4578659,280.0
Lao PDR,LAO,2001,59.4482926829268,113.4,4.132,4.31878741,13.20653713,310.0
Lao PDR,LAO,2002,60.0218292682927,109.2,3.984,4.04067662,12.91213311,320.0
Lao PDR,LAO,2003,60.5963902439024,105.1,3.857,4.91118515,17.72999475,340.0
Lao PDR,LAO,2004,61.1694390243903,101.1,3.75,4.54444753,19.08127472,390.0
Lao PDR,LAO,2005,61.734512195122,97.2,3.66,4.31668409,20.41335503,460.0
Lao PDR,LAO,2006,62.2886341463415,93.5,3.582,4.14334297,25.13076593,510.0
Lao PDR,LAO,2007,62.8272682926829,89.8,3.511,4.14439212,29.40281233,620.0
Lao PDR,LAO,2008,63.3489024390244,86.2,3.44,2.76996612,24.21617793,750.0
Lao PDR,LAO,2009,63.8510487804878,82.8,3.368,3.77060611,34.22456308,890.0
Lao PDR,LAO,2010,64.3336341463415,79.7,3.293,2.74584753,30.01724366,1000.0
Lao PDR,LAO,2011,64.7981219512195,76.7,3.215,2.19661784,27.80950229,1120.0
Lao PDR,LAO,2012,65.248512195122,74.0,3.138,2.11887109,30.76082793,1300.0
Lao PDR,LAO,2013,65.687243902439,71.3,3.063,1.99960355,32.69756618,1490.0
Lao PDR,LAO,2014,66.1173658536586,69.1,2.991,1.86554551,32.56967352,1640.0
Lao PDR,LAO,2015,,66.7,,,,1730.0
Late-demographic dividend,LTE,1985,67.8220284062412,53.7582462959969,2.77469390370648,,,712.971906547658
Late-demographic dividend,LTE,1986,68.1823564275021,52.7723882117257,2.77410757244948,,,779.751492761023
Late-demographic dividend,LTE,1987,68.3891494190079,52.0622513582707,2.75266565713305,,,848.379743371092
Late-demographic dividend,LTE,1988,68.5813951883573,51.6220782632089,2.69260097018023,,,920.957878945361
Late-demographic dividend,LTE,1989,68.7218471607163,51.0658360908638,2.60493462911338,,,997.153329181211
Late-demographic dividend,LTE,1990,68.8678027457896,50.4044592470768,2.49078536608272,,,1020.49818583604
Late-demographic dividend,LTE,1991,68.9911253325439,49.5777132318579,2.35888126662983,,,1137.85455351078
Late-demographic dividend,LTE,1992,69.0162785777439,48.478861133616,2.22033224316736,,,1152.84658166548
Late-demographic dividend,LTE,1993,69.0241975173246,47.0426973301351,2.08416499266226,,,1174.72010711557
Late-demographic dividend,LTE,1994,69.1550363421836,45.3839463153369,1.97206477320811,,,1215.41833071804
Late-demographic dividend,LTE,1995,69.4200227458178,43.6204094516842,1.86866312350197,5.0662404034305,74.9324872797487,1373.61161559039
Late-demographic dividend,LTE,1996,69.7379895483218,41.7427998453627,1.78578642363572,5.24944408560183,87.3442086925923,1571.58198640057
Late-demographic dividend,LTE,1997,70.0917234701957,39.7873253271031,1.72210996885306,5.50565272094687,95.0394201366674,1709.07370967223
Late-demographic dividend,LTE,1998,70.4005228310639,37.7330759134832,1.67882082325322,5.48974809398852,90.1233258962278,1652.94420348003
Late-demographic dividend,LTE,1999,70.7125518201818,35.6458383443707,1.64454908135946,5.33630031585999,79.6998112561502,1587.90808956952
Late-demographic dividend,LTE,2000,71.0521296439686,33.4797918543578,1.63178963962427,5.22698289442419,85.6667148832072,1627.68299342989
Late-demographic dividend,LTE,2001,71.4509129192406,31.2387311563051,1.62709561113672,5.26245661985318,88.2313416545327,1640.08221651488
Late-demographic dividend,LTE,2002,71.7966233996718,29.0176621076027,1.62860221571316,5.4058938512542,95.3808620169528,1717.10970029906
Late-demographic dividend,LTE,2003,72.1472465096056,26.8668280792127,1.63107936978666,5.41661734357829,108.332315654029,1911.72759644428
Late-demographic dividend,LTE,2004,72.5119538372707,25.0266883815438,1.63598846966533,5.34977414422335,127.940709123192,2263.26880004873
Late-demographic dividend,LTE,2005,72.8158396630656,23.0359649030228,1.63211867355682,5.49398222096105,157.916809735462,2675.29002528773
Late-demographic dividend,LTE,2006,73.1683549256712,21.4043849235676,1.63310363847054,5.45601505745219,188.644931037729,3168.11469499263
Late-demographic dividend,LTE,2007,73.4729042109564,19.9976595896714,1.63992654112151,5.42017242963422,235.28025596905,3849.35460735473
Late-demographic dividend,LTE,2008,73.7282444485081,18.7298363248139,1.64828550371846,5.66500407264466,304.138079761673,4662.88430866352
Late-demographic dividend,LTE,2009,74.0041956486432,17.5458220119937,1.65049052211404,6.18523395018298,318.633391473458,5086.87610326261
Late-demographic dividend,LTE,2010,74.2266142412986,16.5110156319836,1.65364352470215,5.92604042215873,364.734360969575,5751.40831850323
Late-demographic dividend,LTE,2011,74.4879113247982,15.568902105593,1.653662497077,5.87351377024574,434.443990487695,6473.26883916321
Late-demographic dividend,LTE,2012,74.721468526903,14.6995656612138,1.66371078410794,5.99630669450234,467.57849360117,7415.49475479041
Late-demographic dividend,LTE,2013,74.9210604936846,13.8857697949249,1.66388116861441,6.06994639191911,506.38714071709,8170.12695292415
Late-demographic dividend,LTE,2014,75.1192731591906,13.2033069631586,1.66726749218303,6.11308916205882,523.695090606394,8571.15977082474
Late-demographic dividend,LTE,2015,,12.6643031671946,,,,8371.12488238547
Latin America & Caribbean,LCN,1985,66.0581596479028,67.4505788000914,3.68557727673502,,,1751.44692609993
Latin America & Caribbean,LCN,1986,66.3997481977805,64.5426834338579,3.5833116305071,,,1821.93849741321
Latin America & Caribbean,LCN,1987,66.7389088825193,61.7563638058351,3.48405603943312,,,1957.53032498978
Latin America & Caribbean,LCN,1988,67.0751840638402,59.1469433330931,3.38882206175223,,,2088.12221263947
Latin America & Caribbean,LCN,1989,67.4138099538525,56.6671764213281,3.29769673076865,,,2201.40817104097
Latin America & Caribbean,LCN,1990,67.7579261618119,54.2525928461131,3.21186332851717,,,2309.33732069837
Latin America & Caribbean,LCN,1991,68.1123261990301,51.8772095996089,3.13199471008593,,,2658.26312201671
Latin America & Caribbean,LCN,1992,68.4792243587074,49.5144112224886,3.05903306510603,,,2946.20732416459
Latin America & Caribbean,LCN,1993,68.8560059274145,47.1758915962966,2.99213615900796,,,3164.25504344982
Latin America & Caribbean,LCN,1994,69.2428608071259,44.8383282681077,2.93102229270991,,,3390.26173977471
Latin America & Caribbean,LCN,1995,69.635432838986,42.5313293082215,2.87500903702491,6.29460742088137,239.917944742725,3585.63415347278
Latin America & Caribbean,LCN,1996,70.029337852839,40.2709138156597,2.8222064129588,6.29298866434462,255.455189703362,3914.12755697972
Latin America & Caribbean,LCN,1997,70.4188086920867,38.0685257239623,2.77379512225494,6.30308892929309,275.581530320765,4190.17928377771
Latin America & Caribbean,LCN,1998,70.7959375622113,36.29887273126,2.72757459155159,6.30943607471921,273.134998351782,4157.96599620427
Latin America & Caribbean,LCN,1999,71.1582181749103,34.1607001223587,2.68230139675914,6.51145404618029,248.628620372479,3956.33537198038
Latin America & Caribbean,LCN,2000,71.5072341897335,32.0278942068932,2.63670170161381,6.34646197261906,264.776381937748,4033.4657353971
Latin America & Caribbean,LCN,2001,71.8273008412918,30.2913665803098,2.58769869286758,6.48669663446513,259.331789694935,3928.59046148631
Latin America & Caribbean,LCN,2002,72.1288560282252,28.6711156931293,2.53762500230658,6.19469146800829,219.755202362791,3674.01896353289
Latin America & Caribbean,LCN,2003,72.4079783645808,27.2267151627408,2.48660672533306,6.44136248576113,233.269411350527,3667.13604711998
Latin America & Caribbean,LCN,2004,72.669720412622,25.9223944211062,2.43587078298017,6.38384579435613,266.05870508332,4020.3759740324
Latin America & Caribbean,LCN,2005,72.9168304384209,24.6993167545417,2.38585796021199,6.81492876495712,340.822826050551,4546.67845295931
Latin America & Caribbean,LCN,2006,73.1525829841701,23.6600483032035,2.3388835352639,6.77063647544063,394.260593294509,5202.7531878552
Latin America & Caribbean,LCN,2007,73.3790228456161,22.7578489990877,2.29552527219324,6.87275626428272,469.55502797824,6111.90923585953
Latin America & Caribbean,LCN,2008,73.5968127904076,21.9268274831754,2.25870462933191,6.89511279510316,540.769700470392,7023.62715362386
Latin America & Caribbean,LCN,2009,73.8180741288133,21.1771188895686,2.22692353679598,7.54880720288423,548.207552291674,7211.12378414611
Latin America & Caribbean,LCN,2010,74.0389656789355,23.6645943163129,2.19952827444461,7.17648188893808,639.842243764421,8075.0388682886
Latin America & Caribbean,LCN,2011,74.2633354737414,19.8668561873523,2.17622856951642,7.04004116825505,704.152919651669,8857.3622354085
Latin America & Caribbean,LCN,2012,74.4874966584173,19.3010543850789,2.15499035316378,6.99597170755218,694.925316990263,9697.80151301985
Latin America & Caribbean,LCN,2013,74.7136401068516,18.7790512101583,2.13425912286471,7.13235676620124,716.018017557754,9990.157661148
Latin America & Caribbean,LCN,2014,74.9419645189433,18.3528821758256,2.11411536898208,7.23883239284228,714.10077969175,9897.20997612863
Latin America & Caribbean,LCN,2015,,17.964144031427,,,,8918.74587360543
Latin America & Caribbean (excluding high income),LAC,1985,65.7932148742075,72.8,3.74794651051252,,,1719.05600080606
Latin America & Caribbean (excluding high income),LAC,1986,66.1368661435688,69.6,3.64054332242451,,,1788.30285521059
Latin America & Caribbean (excluding high income),LAC,1987,66.4787283971607,66.5,3.53649653478257,,,1917.95922771755
Latin America & Caribbean (excluding high income),LAC,1988,66.8179011204728,63.7,3.43691580588922,,,2039.69721273447
Latin America & Caribbean (excluding high income),LAC,1989,67.1602630506621,61.0,3.34196803799925,,,2148.05348215119
Latin America & Caribbean (excluding high income),LAC,1990,67.5086874350292,58.4,3.2528696197886,,,2253.84027263947
Latin America & Caribbean (excluding high income),LAC,1991,67.8679369191039,55.9,3.17033670463607,,,2607.95762601058
Latin America & Caribbean (excluding high income),LAC,1992,68.2402060652166,53.3,3.09531867957113,,,2885.53191098803
Latin America & Caribbean (excluding high income),LAC,1993,68.6220285484352,50.8,3.02680109969144,,,3098.23097327645
Latin America & Caribbean (excluding high income),LAC,1994,69.0138458232299,48.2,2.9643903554823,,,3318.7440289422
Latin America & Caribbean (excluding high income),LAC,1995,69.4110236292666,45.7,2.90739978777636,6.27598322810122,235.053430876389,3493.50056706966
Latin America & Caribbean (excluding high income),LAC,1996,69.8089256980825,43.2,2.85462798031383,6.27652057755089,250.675202089175,3809.31211136549
Latin America & Caribbean (excluding high income),LAC,1997,70.2019023911847,40.7,2.8055119255304,6.30871503293377,271.110679629899,4077.45024583441
Latin America & Caribbean (excluding high income),LAC,1998,70.5817415188359,38.8,2.75824865188686,6.29152615763718,267.831205806976,4042.75763819516
Latin America & Caribbean (excluding high income),LAC,1999,70.9460673968775,36.1,2.71133168420774,6.51421732959189,243.684649478688,3834.56797649562
Latin America & Caribbean (excluding high income),LAC,2000,71.2897829961384,34.0,2.6640184507734,6.34325394087061,260.381611243575,3907.41878606328
Latin America & Caribbean (excluding high income),LAC,2001,71.6101006748179,32.1,2.61446311983404,6.49199366438067,255.875198061322,3797.51127318657
Latin America & Caribbean (excluding high income),LAC,2002,71.9092484629206,30.3,2.56351525496709,6.18766859123493,215.954805847379,3544.0074218245
Latin America & Caribbean (excluding high income),LAC,2003,72.1877959304268,28.7,2.51134617069952,6.41644337885739,228.215509732703,3532.30653088508
Latin America & Caribbean (excluding high income),LAC,2004,72.4498487839016,27.3,2.45879723588886,6.3313603596018,258.244310364447,3859.1105350622
Latin America & Caribbean (excluding high income),LAC,2005,72.6968381295325,26.0,2.40717509530109,6.80688401201438,332.625688094395,4348.94307208982
Latin America & Caribbean (excluding high income),LAC,2006,72.9317392714378,24.9,2.35911240692973,6.789857350993,385.335945764264,4968.63177522587
Latin America & Caribbean (excluding high income),LAC,2007,73.1580129360657,24.0,2.31475439365564,6.90821206426199,461.231850358946,5854.77196762807
Latin America & Caribbean (excluding high income),LAC,2008,73.3791959717016,23.1,2.27673995267265,6.90682727519251,531.690106176062,6740.37075431576
Latin America & Caribbean (excluding high income),LAC,2009,73.5986003114875,22.3,2.2440688813647,7.55308096210951,538.533955420167,6902.81982525285
Latin America & Caribbean (excluding high income),LAC,2010,73.8185897665433,25.7,2.21612106864273,7.18749167150719,628.834788816633,7782.54186112673
Latin America & Caribbean (excluding high income),LAC,2011,74.0408752714033,20.9,2.19240620012164,7.04224828282716,690.499711293413,8552.55825680635
Latin America & Caribbean (excluding high income),LAC,2012,74.2648637440229,20.3,2.17094974090822,6.99299100099223,677.488020623811,9345.71962077099
Latin America & Caribbean (excluding high income),LAC,2013,74.4901286203939,19.7,2.15012661492768,7.12947568617161,695.97786285248,9594.14415931076
Latin America & Caribbean (excluding high income),LAC,2014,74.7173629178595,19.2,2.12942066386687,7.21299176091403,695.571303559789,9502.59889096153
Latin America & Caribbean (excluding high income),LAC,2015,,18.8,,,,8634.11593153479
Latin America & the Caribbean (IDA & IBRD countries),TLA,1985,65.7602066455109,68.2203396422655,3.75227843303007,,,1705.0065656633
Latin America & the Caribbean (IDA & IBRD countries),TLA,1986,66.1149226901965,65.2943456385975,3.6458371242825,,,1770.99133510416
Latin America & the Caribbean (IDA & IBRD countries),TLA,1987,66.4677436631959,62.4899754453754,3.54290079352185,,,1902.49052457558
Latin America & the Caribbean (IDA & IBRD countries),TLA,1988,66.8178955548463,59.8586590347133,3.44433280934523,,,2024.58942142305
Latin America & the Caribbean (IDA & IBRD countries),TLA,1989,67.1709565865627,57.3522069373806,3.35018432045524,,,2140.30554822684
Latin America & the Caribbean (IDA & IBRD countries),TLA,1990,67.5294296632265,54.9057402920322,3.26149890290961,,,2252.81400734862
Latin America & the Caribbean (IDA & IBRD countries),TLA,1991,67.897558343687,52.4958291426955,3.17899093135277,,,2619.6075307211
Latin America & the Caribbean (IDA & IBRD countries),TLA,1992,68.277251914114,50.0961037883982,3.1035342675648,,,2919.14336493961
Latin America & the Caribbean (IDA & IBRD countries),TLA,1993,68.6649763687452,47.7175073648921,3.03424243696986,,,3147.26004125103
Latin America & the Caribbean (IDA & IBRD countries),TLA,1994,69.0611530462885,45.3358945835247,2.97081016266421,,,3370.9397839488
Latin America & the Caribbean (IDA & IBRD countries),TLA,1995,69.4614350561424,42.9887128129044,2.91258000334948,6.3139630990657,242.41178115257,3558.5103757655
Latin America & the Caribbean (IDA & IBRD countries),TLA,1996,69.8617023487665,40.6920582906039,2.85859458700118,6.3065003977276,258.085021433646,3888.95874369417
Latin America & the Caribbean (IDA & IBRD countries),TLA,1997,70.2568715248981,38.4582136369195,2.80824983823997,6.31566127282969,278.440135251696,4176.57829011971
Latin America & the Caribbean (IDA & IBRD countries),TLA,1998,70.6392454068722,36.6653138543643,2.75988358537141,6.31951130633419,275.669291357692,4145.886939204
Latin America & the Caribbean (IDA & IBRD countries),TLA,1999,71.0064326144939,34.4996628117415,2.7120409223321,6.52514853122497,250.096422356966,3927.26856798807
Latin America & the Caribbean (IDA & IBRD countries),TLA,2000,71.3533453795798,32.3379248221979,2.66401977175799,6.35552447636177,266.25560169181,3993.85621183056
Latin America & the Caribbean (IDA & IBRD countries),TLA,2001,71.6768898979673,30.5789453978581,2.61401797003902,6.49569224461035,260.397607977433,3875.3968495505
Latin America & the Caribbean (IDA & IBRD countries),TLA,2002,71.9788798401179,28.9375190447523,2.56279167809069,6.19350804398858,219.485574516618,3610.83459802487
Latin America & the Caribbean (IDA & IBRD countries),TLA,2003,72.2599642497923,27.4752407046227,2.51047430084571,6.44782286436043,233.097633824699,3591.21174575741
Latin America & the Caribbean (IDA & IBRD countries),TLA,2004,72.5241734906099,26.1555526417754,2.45781775398174,6.39026626983321,266.386183598637,3935.97174823281
Latin America & the Caribbean (IDA & IBRD countries),TLA,2005,72.7732768231194,24.9187589168747,2.40614472735361,6.77895328589713,339.657951577623,4459.85505020687
Latin America & the Caribbean (IDA & IBRD countries),TLA,2006,73.0106295229125,23.8673536111517,2.35802683078754,6.75740464826691,393.98614645477,5118.75755734148
Latin America & the Caribbean (IDA & IBRD countries),TLA,2007,73.2400064382364,22.9550167200479,2.31356901940931,6.81909934279162,466.206325508708,6039.16239991647
Latin America & the Caribbean (IDA & IBRD countries),TLA,2008,73.4650541051276,22.1136620078886,2.27537858932601,6.84181401099631,538.958228917181,6961.66392879387
Latin America & the Caribbean (IDA & IBRD countries),TLA,2009,73.6889281150405,21.3546308014777,2.24245577303175,7.48730868142085,545.294336982334,7152.52307640888
Latin America & the Caribbean (IDA & IBRD countries),TLA,2010,73.9138706823375,23.8723707649211,2.21420771775681,7.13946085330938,640.161362658743,8036.0404237591
Latin America & the Caribbean (IDA & IBRD countries),TLA,2011,74.1412682562658,20.0281093508536,2.19021688028787,6.99782469894995,704.535541796939,8827.74459795741
Latin America & the Caribbean (IDA & IBRD countries),TLA,2012,74.3701806107145,19.4563660857719,2.16847232440511,6.97549620789035,696.790455576954,9670.28294813496
Latin America & the Caribbean (IDA & IBRD countries),TLA,2013,74.5998852993445,18.9279849467617,2.14743446004495,7.10256091329432,716.397082627669,9960.29925313151
Latin America & the Caribbean (IDA & IBRD countries),TLA,2014,74.830975615951,18.4966648341614,2.12660257636775,7.23789958298158,711.356542661149,9864.14024797768
Latin America & the Caribbean (IDA & IBRD countries),TLA,2015,,18.1032332175072,,,,8883.57929212629
Latvia,LVA,1985,69.2914634146342,21.0,2.08,,,
Latvia,LVA,1986,70.6224390243903,19.6,2.12,,,
Latvia,LVA,1987,70.6929268292683,18.6,2.15,,,
Latvia,LVA,1988,70.6153658536585,18.3,2.11,,,
Latvia,LVA,1989,70.1553658536586,19.0,2.05,,,
Latvia,LVA,1990,69.2731707317073,20.4,2.02,,,
Latvia,LVA,1991,69.0324390243903,22.0,1.86,,,
Latvia,LVA,1992,68.3960975609756,23.2,1.73,,,
Latvia,LVA,1993,66.7226829268293,23.8,1.51,,,
Latvia,LVA,1994,65.6643902439025,24.0,1.39,,,
Latvia,LVA,1995,66.3912195121951,23.7,1.25,5.7641721,114.73444613,
Latvia,LVA,1996,68.7765853658537,22.9,1.16,6.10366636,139.97305242,
Latvia,LVA,1997,69.3492682926829,21.6,1.11,6.20315475,159.20576195,
Latvia,LVA,1998,69.0121951219512,20.1,1.09,6.1213504,175.30442666,
Latvia,LVA,1999,69.7429268292683,18.6,1.16,6.38998632,194.71486203,3000.0
Latvia,LVA,2000,70.3146341463415,17.2,1.25,6.00426586,196.41040705,3310.0
Latvia,LVA,2001,70.7609756097561,16.0,1.22,6.16677115,216.31850473,3590.0
Latvia,LVA,2002,70.9609756097561,15.1,1.26,6.28923484,251.62269329,3930.0
Latvia,LVA,2003,71.2658536585366,14.3,1.32,6.15252413,300.98292552,4680.0
Latvia,LVA,2004,72.0268292682927,13.4,1.29,6.51218398,396.98233601,5850.0
Latvia,LVA,2005,71.3560975609756,12.5,1.39,6.37415759,455.84262957,7360.0
Latvia,LVA,2006,70.8658536585366,11.8,1.46,6.7991405,612.62357986,8850.0
Latvia,LVA,2007,71.019512195122,11.1,1.54,7.01215151,915.22600152,11050.0
Latvia,LVA,2008,72.419512195122,10.5,1.58,6.63050503,1018.75665121,13240.0
Latvia,LVA,2009,73.0804878048781,9.9,1.46,6.83979658,817.19829667,13860.0
Latvia,LVA,2010,73.4829268292683,9.4,1.36,6.55480303,739.3775279,12600.0
Latvia,LVA,2011,73.5756097560976,9.0,1.33,6.09974017,827.43762612,13140.0
Latvia,LVA,2012,73.7780487804878,8.7,1.44,5.90778351,826.54964649,13790.0
Latvia,LVA,2013,73.9829268292683,8.4,1.52,5.66928247,868.84844709,14920.0
Latvia,LVA,2014,74.1878048780488,8.2,1.52,5.88069354,920.70376543,15350.0
Latvia,LVA,2015,,7.9,,,,14900.0
Least developed countries: UN classification,LDC,1985,50.2568957960793,192.157465733274,6.36036008883033,,,
Least developed countries: UN classification,LDC,1986,50.5993228819064,188.963415034747,6.28692682909746,,,
Least developed countries: UN classification,LDC,1987,50.9029947205783,185.657873878611,6.20883933905701,,,326.140768155438
Least developed countries: UN classification,LDC,1988,51.171372090709,182.394473359721,6.12758254818125,,,341.527777244165
Least developed countries: UN classification,LDC,1989,51.4160683242362,179.117689112174,6.04444805482971,,,328.168104587616
Least developed countries: UN classification,LDC,1990,51.6590420956852,175.886066197191,5.96164574122635,,,316.621502624605
Least developed countries: UN classification,LDC,1991,51.9251113371314,172.606816954415,5.87999398803687,,,317.899406490587
Least developed countries: UN classification,LDC,1992,52.2293334498034,169.281109291842,5.80209332138263,,,298.069954298996
Least developed countries: UN classification,LDC,1993,52.5735488697503,166.020715538398,5.72726970797638,,,284.764763390289
Least developed countries: UN classification,LDC,1994,52.9490012811645,163.831869333057,5.65478156108316,,,259.549300494859
Least developed countries: UN classification,LDC,1995,53.3480038935371,159.77258659119,5.58354317306964,4.17685849146074,11.4271944992576,268.591272814567
Least developed countries: UN classification,LDC,1996,53.7664582971346,155.257070210426,5.51024603790534,4.00446098614395,11.3482766478501,279.270458523837
Least developed countries: UN classification,LDC,1997,54.2011093863544,151.682389698097,5.43690022323342,3.84530805353647,11.0399637052834,290.885358651307
Least developed countries: UN classification,LDC,1998,54.650017827261,147.783180016724,5.36288721654312,3.9549148243577,11.0634679778701,289.579032801659
Least developed countries: UN classification,LDC,1999,55.1130501019996,143.106263734446,5.28878276144554,3.9399758182674,11.4460932038387,288.919513127016
Least developed countries: UN classification,LDC,2000,55.5939799505659,138.306955905662,5.21493387457497,3.65010800204301,12.2218441782039,294.694508847012
Least developed countries: UN classification,LDC,2001,56.0997394918444,133.225320792824,5.14030335816355,4.05601296683307,12.0497112944182,297.613232014248
Least developed countries: UN classification,LDC,2002,56.6353753580358,127.865668389411,5.06588936221268,4.19756413558936,12.7771762457394,304.958843687289
Least developed countries: UN classification,LDC,2003,57.2012772237608,122.449748594106,4.99110046335927,4.39746105074399,14.7849118953148,326.205397181391
Least developed countries: UN classification,LDC,2004,57.7917742111757,117.087428788435,4.91560635410841,4.55543976976654,17.3429103664591,373.718756451598
Least developed countries: UN classification,LDC,2005,58.3993793759699,111.899225250331,4.83919190160415,4.48999815404969,19.6343415626389,427.264605741895
Least developed countries: UN classification,LDC,2006,59.0153225778875,106.893396054214,4.76083242268272,4.77354408054552,23.8152850154032,483.149319000783
Least developed countries: UN classification,LDC,2007,59.627731559261,102.024131259711,4.68288237272577,4.49426677828898,27.0758035471008,559.212258864451
Least developed countries: UN classification,LDC,2008,60.2259394751625,98.31546770424,4.60617691411369,4.93407029913759,33.9145181738367,651.2420955241
Least developed countries: UN classification,LDC,2009,60.801344708906,93.0903788270903,4.53124838187148,5.24792449464872,35.2078370780716,716.564201539982
Least developed countries: UN classification,LDC,2010,61.3457062902015,90.3013118896814,4.45811117963936,5.31869273971154,38.0930714033317,760.637792029763
Least developed countries: UN classification,LDC,2011,61.8545522051216,85.3133292428493,4.38635445577075,5.15693790477267,41.1877423342195,803.866505569732
Least developed countries: UN classification,LDC,2012,62.3301021068716,81.7324455469613,4.31734882096694,4.78610224838123,42.3606384392346,869.223913212642
Least developed countries: UN classification,LDC,2013,62.7753837279688,78.5629898052612,4.25183682250425,4.87480265176333,44.7502599255459,932.031107504251
Least developed countries: UN classification,LDC,2014,63.1904459418545,75.6755051027964,4.18913166669415,4.67902038055993,45.6838353913831,967.101432514164
Least developed countries: UN classification,LDC,2015,,73.1110120787921,,,,963.722614156756
Lebanon,LBN,1985,68.8979756097561,41.6,3.482,,,
Lebanon,LBN,1986,69.1379024390244,39.6,3.379,,,
Lebanon,LBN,1987,69.390512195122,37.7,3.279,,,
Lebanon,LBN,1988,69.6532926829268,35.9,3.182,,,
Lebanon,LBN,1989,69.9291951219512,34.1,3.09,,,
Lebanon,LBN,1990,70.2211463414634,32.5,3.002,,,1360.0
Lebanon,LBN,1991,70.5360487804878,31.0,2.919,,,1780.0
Lebanon,LBN,1992,70.8767804878049,29.6,2.841,,,1830.0
Lebanon,LBN,1993,71.2462195121951,28.3,2.765,,,2230.0
Lebanon,LBN,1994,71.6438780487805,27.0,2.691,,,2840.0
Lebanon,LBN,1995,72.0681951219512,25.8,2.617,12.56417697,460.51931116,3610.0
Lebanon,LBN,1996,72.5171707317073,24.6,2.543,13.43730633,568.50776196,4210.0
Lebanon,LBN,1997,72.9838780487805,23.5,2.468,13.06278796,665.04258285,4520.0
Lebanon,LBN,1998,73.4614146341464,22.3,2.39,11.42224362,634.1640462,4970.0
Lebanon,LBN,1999,73.9448292682927,21.2,2.31,10.8696945,599.32580443,5330.0
Lebanon,LBN,2000,74.4317073170732,20.0,2.225,10.86159292,579.02985405,5470.0
Lebanon,LBN,2001,74.9221463414634,18.8,2.134,10.90442335,571.03309887,5300.0
Lebanon,LBN,2002,75.4146585365854,17.6,2.037,10.04646111,544.44424389,4990.0
Lebanon,LBN,2003,75.9033170731707,16.4,1.938,9.3023934,496.31485517,4460.0
Lebanon,LBN,2004,76.3801219512195,15.2,1.839,8.90980781,483.33329002,5600.0
Lebanon,LBN,2005,76.8325853658537,14.1,1.75,8.41980531,449.54107719,5740.0
Lebanon,LBN,2006,77.2467073170732,13.0,1.678,8.83001398,474.40473606,5650.0
Lebanon,LBN,2007,77.6159024390244,12.1,1.627,8.9037559,535.63233678,6250.0
Lebanon,LBN,2008,77.9391707317073,11.3,1.601,8.07052509,566.24828665,6960.0
Lebanon,LBN,2009,78.2194878048781,10.7,1.598,7.42448512,623.8993783,7840.0
Lebanon,LBN,2010,78.4653658536586,10.1,1.613,7.19133602,630.23401555,8450.0
Lebanon,LBN,2011,78.6898536585366,9.7,1.641,7.12492597,621.8523933,8670.0
Lebanon,LBN,2012,78.9084634146342,9.3,1.671,6.9909271,626.08642193,8490.0
Lebanon,LBN,2013,79.1337073170732,8.9,1.697,6.63325169,597.18713684,8170.0
Lebanon,LBN,2014,79.3730975609756,8.6,1.714,6.39370883,568.71483189,8120.0
Lebanon,LBN,2015,,8.3,,,,7930.0
Lesotho,LSO,1985,56.2526341463415,97.4,5.313,,,400.0
Lesotho,LSO,1986,56.7885609756098,94.4,5.244,,,390.0
Lesotho,LSO,1987,57.4076585365854,92.1,5.169,,,420.0
Lesotho,LSO,1988,58.0869512195122,90.2,5.088,,,500.0
Lesotho,LSO,1989,58.7675365853659,88.9,5.004,,,520.0
Lesotho,LSO,1990,59.3310975609756,88.1,4.919,,,550.0
Lesotho,LSO,1991,59.6363902439024,87.9,4.837,,,570.0
Lesotho,LSO,1992,59.5776585365854,88.7,4.759,,,640.0
Lesotho,LSO,1993,59.0950975609756,90.8,4.686,,,640.0
Lesotho,LSO,1994,58.1802926829268,94.3,4.617,,,660.0
Lesotho,LSO,1995,56.8378780487805,98.9,4.548,7.4625838,36.55467539,660.0
Lesotho,LSO,1996,55.1069268292683,103.7,4.475,7.49735218,34.38268201,680.0
Lesotho,LSO,1997,53.126756097561,107.9,4.394,6.71880873,32.06392026,680.0
Lesotho,LSO,1998,51.0550731707317,111.4,4.302,6.84984788,30.81258472,610.0
Lesotho,LSO,1999,49.0226097560976,114.3,4.2,6.75948852,29.45158509,600.0
Lesotho,LSO,2000,47.1829756097561,116.8,4.089,6.91527558,28.73070265,580.0
Lesotho,LSO,2001,45.6716829268293,118.6,3.972,7.52988554,28.41935966,640.0
Lesotho,LSO,2002,44.5434878048781,120.4,3.856,6.90802017,24.06316665,580.0
Lesotho,LSO,2003,43.824756097561,122.0,3.744,7.1297893,36.3890894,640.0
Lesotho,LSO,2004,43.5334634146341,123.0,3.64,6.96398382,44.9541972,750.0
Lesotho,LSO,2005,43.6577317073171,123.4,3.548,6.29584414,44.73430538,910.0
Lesotho,LSO,2006,44.1483414634146,123.2,3.473,7.11552059,52.39509813,980.0
Lesotho,LSO,2007,44.8822195121951,119.3,3.412,8.46770338,69.16958692,1020.0
Lesotho,LSO,2008,45.739243902439,116.5,3.366,8.85089519,73.18010257,1070.0
Lesotho,LSO,2009,46.6345853658537,106.5,3.33,9.79523187,84.22241294,1090.0
Lesotho,LSO,2010,47.4834146341463,100.7,3.303,10.87000705,118.26345119,1160.0
Lesotho,LSO,2011,48.219756097561,96.8,3.278,11.78852824,146.31923556,1370.0
Lesotho,LSO,2012,48.836,94.1,3.253,11.14497984,129.14899132,1460.0
Lesotho,LSO,2013,49.3314634146342,93.6,3.222,11.07282138,114.16329453,1550.0
Lesotho,LSO,2014,49.7005853658537,92.0,3.185,10.61767672,105.11275284,1330.0
Lesotho,LSO,2015,,90.2,,,,
Liberia,LBR,1985,47.3198292682927,235.0,6.875,,,360.0
Liberia,LBR,1986,47.3311707317073,237.8,6.82,,,350.0
Liberia,LBR,1987,47.2829024390244,242.1,6.752,,,360.0
Liberia,LBR,1988,47.211756097561,246.9,6.673,,,390.0
Liberia,LBR,1989,47.1594390243903,251.5,6.587,,,280.0
Liberia,LBR,1990,47.2024390243903,255.0,6.499,,,
Liberia,LBR,1991,47.4227317073171,256.7,6.414,,,
Liberia,LBR,1992,47.8514878048781,255.4,6.336,,,
Liberia,LBR,1993,48.4836585365854,251.6,6.267,,,
Liberia,LBR,1994,49.2869512195122,245.5,6.208,,,
Liberia,LBR,1995,50.1628292682927,237.4,6.156,,,
Liberia,LBR,1996,50.979512195122,227.7,6.109,,,
Liberia,LBR,1997,51.6333170731707,217.1,6.061,,,120.0
Liberia,LBR,1998,52.070756097561,205.8,6.008,5.9246469,8.32850762,130.0
Liberia,LBR,1999,52.3011707317073,193.9,5.948,6.0374042,9.72853256,120.0
Liberia,LBR,2000,52.4091219512195,181.8,5.88,5.91313981,10.8176621,150.0
Liberia,LBR,2001,52.5334634146342,169.7,5.804,6.40765167,11.00431411,130.0
Liberia,LBR,2002,52.8108048780488,157.6,5.722,5.42610813,9.47151977,120.0
Liberia,LBR,2003,53.3286585365854,145.9,5.635,3.43834059,4.50122074,80.0
Liberia,LBR,2004,54.096243902439,134.8,5.547,8.77485716,12.8675592,90.0
Liberia,LBR,2005,55.0661707317073,124.7,5.456,8.0358831,13.32028665,120.0
Liberia,LBR,2006,56.1418780487805,115.7,5.366,10.90408771,18.42372745,130.0
Liberia,LBR,2007,57.1911951219512,107.8,5.277,10.23524323,21.47472033,160.0
Liberia,LBR,2008,58.1124634146341,100.9,5.19,11.82501159,27.3681863,180.0
Liberia,LBR,2009,58.8656585365854,94.7,5.105,14.39018881,43.49805311,220.0
Liberia,LBR,2010,59.4412926829268,89.3,5.024,11.86712183,38.75852667,250.0
Liberia,LBR,2011,59.8643414634146,84.5,4.945,11.23228864,42.33896688,320.0
Liberia,LBR,2012,60.2043658536585,80.3,4.868,10.18650065,42.15033703,340.0
Liberia,LBR,2013,60.5203902439024,76.3,4.793,9.25436605,41.93196548,370.0
Liberia,LBR,2014,60.8344146341464,72.9,4.719,10.03633328,46.27042196,370.0
Liberia,LBR,2015,,69.9,,,,380.0
Libya,LBY,1985,66.7541463414634,54.4,6.235,,,
Libya,LBY,1986,67.144512195122,51.6,6.022,,,
Libya,LBY,1987,67.5243902439024,48.9,5.788,,,
Libya,LBY,1988,67.8987317073171,46.3,5.53,,,
Libya,LBY,1989,68.2695609756098,43.9,5.253,,,
Libya,LBY,1990,68.6299024390244,41.6,4.962,,,
Libya,LBY,1991,68.9687317073171,39.5,4.667,,,
Libya,LBY,1992,69.2750731707317,37.6,4.381,,,
Libya,LBY,1993,69.5409024390244,35.9,4.113,,,
Libya,LBY,1994,69.7656829268293,34.4,3.871,,,
Libya,LBY,1995,69.9509024390244,33.1,3.656,3.27753681,190.08956028,
Libya,LBY,1996,70.1010243902439,31.9,3.47,3.35009282,210.85851782,
Libya,LBY,1997,70.227512195122,30.8,3.307,3.45644575,226.64868561,
Libya,LBY,1998,70.3418048780488,29.9,3.164,3.90036944,226.25880305,
Libya,LBY,1999,70.4518536585366,29.0,3.038,3.64702626,233.89026988,
Libya,LBY,2000,70.5725365853659,28.1,2.931,3.40765496,245.62061793,
Libya,LBY,2001,70.7167804878049,27.3,2.845,4.05766524,254.60896401,
Libya,LBY,2002,70.8855365853659,26.5,2.779,4.56836292,181.40405613,5180.0
Libya,LBY,2003,71.0743414634146,25.5,2.731,4.06371504,190.07338262,5170.0
Libya,LBY,2004,71.2768048780488,24.4,2.697,3.46061724,202.01462319,5150.0
Libya,LBY,2005,71.471,23.1,2.675,2.70538066,211.9497545,6860.0
Libya,LBY,2006,71.6310487804878,21.7,2.661,2.5091272,233.94455632,8570.0
Libya,LBY,2007,71.7386341463415,20.2,2.65,2.62642263,273.51019198,10330.0
Libya,LBY,2008,71.7873902439025,18.8,2.638,2.04113186,317.77461293,12070.0
Libya,LBY,2009,71.7809512195122,17.6,2.624,3.1625065,350.63993855,11940.0
Libya,LBY,2010,71.7373902439024,16.6,2.603,3.05255664,394.33971109,12250.0
Libya,LBY,2011,71.6832682926829,17.6,2.576,4.77000711,307.85857305,4660.0
Libya,LBY,2012,71.6495609756098,15.1,2.543,4.29879351,655.42854817,10860.0
Libya,LBY,2013,71.6576829268293,14.5,2.507,4.33485587,516.06693409,10520.0
Libya,LBY,2014,71.7161219512195,13.9,2.467,4.96893503,371.72187035,7820.0
Libya,LBY,2015,,13.4,,,,6030.0
Liechtenstein,LIE,1985,,,,,,19750.0
Liechtenstein,LIE,1986,,,,,,22890.0
Liechtenstein,LIE,1987,,,,,,31210.0
Liechtenstein,LIE,1988,,,,,,41550.0
Liechtenstein,LIE,1989,,,,,,43690.0
Liechtenstein,LIE,1990,,,,,,45550.0
Liechtenstein,LIE,1991,,,,,,47660.0
Liechtenstein,LIE,1992,,,,,,54440.0
Liechtenstein,LIE,1993,,,,,,56810.0
Liechtenstein,LIE,1994,78.4219512195122,,,,,62120.0
Liechtenstein,LIE,1995,77.390243902439,,,,,70160.0
Liechtenstein,LIE,1996,76.8365853658537,,,,,78640.0
Liechtenstein,LIE,1997,76.0463414634146,,,,,80120.0
Liechtenstein,LIE,1998,77.7463414634146,,,,,77530.0
Liechtenstein,LIE,1999,79.109756097561,,,,,78470.0
Liechtenstein,LIE,2000,76.8268292682927,,1.57,,,78630.0
Liechtenstein,LIE,2001,79.2756097560976,,1.52,,,68010.0
Liechtenstein,LIE,2002,79.6365853658537,,1.47,,,64840.0
Liechtenstein,LIE,2003,79.9609756097561,,1.36,,,68220.0
Liechtenstein,LIE,2004,81.7707317073171,,1.44,,,78410.0
Liechtenstein,LIE,2005,80.6682926829268,,1.49,,,92360.0
Liechtenstein,LIE,2006,80.9487804878049,,1.43,,,103560.0
Liechtenstein,LIE,2007,81.2951219512195,,1.42,,,111510.0
Liechtenstein,LIE,2008,82.6829268292683,,1.43,,,121040.0
Liechtenstein,LIE,2009,81.5,,1.71,,,115530.0
Liechtenstein,LIE,2010,81.8414634146342,,1.4,,,
Liechtenstein,LIE,2011,81.7926829268293,,1.69,,,
Liechtenstein,LIE,2012,82.3829268292683,,1.51,,,
Liechtenstein,LIE,2013,82.2609756097561,,1.45,,,
Liechtenstein,LIE,2014,82.2609756097561,,1.45,,,
Liechtenstein,LIE,2015,,,,,,
Lithuania,LTU,1985,70.5012195121951,19.2,2.08,,,
Lithuania,LTU,1986,72.0807317073171,17.9,2.12,,,
Lithuania,LTU,1987,71.9346341463415,16.7,2.11,,,
Lithuania,LTU,1988,71.7621951219512,15.9,2.02,,,
Lithuania,LTU,1989,71.4253658536585,15.8,1.98,,,
Lithuania,LTU,1990,71.1607317073171,16.5,2.03,,,
Lithuania,LTU,1991,70.3641463414634,18.0,2.01,,,
Lithuania,LTU,1992,70.2343902439025,19.7,1.97,,,
Lithuania,LTU,1993,68.9104878048781,20.0,1.74,,,
Lithuania,LTU,1994,68.530243902439,18.6,1.57,,,
Lithuania,LTU,1995,69.0063414634147,16.5,1.55,5.37428736,99.3272927,
Lithuania,LTU,1996,70.1080487804878,14.8,1.49,5.58587674,130.20732761,
Lithuania,LTU,1997,70.9090243902439,13.6,1.47,5.73900884,162.00903655,2600.0
Lithuania,LTU,1998,71.219512195122,12.8,1.46,6.07781199,192.02695115,2860.0
Lithuania,LTU,1999,71.5707317073171,12.2,1.46,6.20251838,192.44909502,2990.0
Lithuania,LTU,2000,72.0195121951219,11.8,1.39,6.45834466,211.48917995,3220.0
Lithuania,LTU,2001,71.6585365853659,11.3,1.29,6.26029317,219.44922547,3460.0
Lithuania,LTU,2002,71.7609756097561,10.9,1.23,6.39610514,263.65106841,3820.0
Lithuania,LTU,2003,72.0609756097561,10.5,1.26,6.45979375,352.04282003,4680.0
Lithuania,LTU,2004,71.9609756097561,10.2,1.27,5.67346919,378.27768764,6020.0
Lithuania,LTU,2005,71.2536585365854,9.9,1.29,5.83432657,453.87661654,7580.0
Lithuania,LTU,2006,71.0560975609756,9.5,1.33,6.19588569,569.66608278,8800.0
Lithuania,LTU,2007,70.9,8.8,1.36,6.22384874,753.19462298,10610.0
Lithuania,LTU,2008,71.8121951219512,8.1,1.45,6.60837899,976.90896927,12640.0
Lithuania,LTU,2009,72.9146341463415,7.4,1.5,7.53257874,876.77945958,12430.0
Lithuania,LTU,2010,73.2682926829268,6.7,1.5,7.09033823,828.65180488,12430.0
Lithuania,LTU,2011,73.5634146341464,6.1,1.55,6.85596808,967.81169472,13220.0
Lithuania,LTU,2012,73.8634146341464,5.6,1.6,6.66789481,940.09820914,14080.0
Lithuania,LTU,2013,73.9146341463415,5.3,1.59,6.59045056,1019.78908502,15270.0
Lithuania,LTU,2014,73.9658536585366,5.2,1.59,6.55211709,1063.42118281,15930.0
Lithuania,LTU,2015,,5.2,,,,15000.0
Low & middle income,LMY,1985,61.6854470011789,114.9,3.97556064711673,,,640.165771653767
Low & middle income,LMY,1986,62.027836921301,111.7,3.93299511923156,,,673.736987119746
Low & middle income,LMY,1987,62.3073202683549,108.6,3.87810797905928,,,726.339850172916
Low & middle income,LMY,1988,62.5669906348227,105.9,3.80336426429927,,,769.348244444382
Low & middle income,LMY,1989,62.8078096302132,103.6,3.71509889747734,,,774.762173133535
Low & middle income,LMY,1990,63.0398204417313,101.8,3.61596582346775,,,807.839221327027
Low & middle income,LMY,1991,63.2587034083393,100.2,3.50792718848119,,,852.054494684597
Low & middle income,LMY,1992,63.4250612388884,99.1,3.40202992867159,,,888.520809700934
Low & middle income,LMY,1993,63.5812856442185,98.3,3.29677905116996,,,912.663321677801
Low & middle income,LMY,1994,63.79390821251,97.6,3.20559033540684,,,941.391756400721
Low & middle income,LMY,1995,64.0545461775195,96.3,3.12211856571786,4.88455731268671,52.259374633839,1004.25502891762
Low & middle income,LMY,1996,64.3361133052548,94.9,3.04880431273712,4.91525840681123,58.2395860129972,1095.48804958698
Low & middle income,LMY,1997,64.6438609328014,93.1,2.98382247314425,5.17128765368407,64.0620961281791,1159.76687258425
Low & middle income,LMY,1998,64.9174328794963,90.7,2.93454694311789,5.22688103725134,61.8383836407724,1118.81032236973
Low & middle income,LMY,1999,65.1915204434377,88.0,2.88920532360637,5.21598827347646,58.7192249964027,1097.33308749244
Low & middle income,LMY,2000,65.4770957077373,85.2,2.85252218895774,5.15961826767568,63.3864560457687,1133.17348941105
Low & middle income,LMY,2001,65.7881344771508,82.3,2.82221901992041,5.27747437524991,64.9860153893009,1140.46048750188
Low & middle income,LMY,2002,66.0819105986124,79.2,2.79718677920491,5.20094958742367,61.8940782147051,1154.1527649769
Low & middle income,LMY,2003,66.3905028247994,76.2,2.77250313282287,5.28043148093817,69.8165559864413,1258.25332969523
Low & middle income,LMY,2004,66.713647574952,73.4,2.75094945564835,5.21006559576074,81.0471536849997,1465.77062976726
Low & middle income,LMY,2005,67.0213209804486,70.3,2.725364469524,5.34244753898934,97.7966050947014,1707.2074037979
Low & middle income,LMY,2006,67.3611962414082,67.5,2.70460844692794,5.30562904431662,113.894897267483,1972.21341545236
Low & middle income,LMY,2007,67.6885426382686,64.9,2.68740125632031,5.29672906604835,139.07271504378,2336.45551525183
Low & middle income,LMY,2008,67.9951442098527,62.7,2.67170614123573,5.45461973837113,169.379378252201,2748.50822279594
Low & middle income,LMY,2009,68.3169068839455,60.0,2.6538476733608,5.89087561449542,175.33819364134,2955.88451277944
Low & middle income,LMY,2010,68.6104975566432,58.0,2.63693692438782,5.64379065561275,201.492959359,3315.18292450403
Low & middle income,LMY,2011,68.9078671263839,55.3,2.62109463076035,5.60386371749202,231.957823808039,3675.68160016197
Low & middle income,LMY,2012,69.1869590801914,53.0,2.61060025504955,5.69123985672228,245.813710380059,4151.18956097059
Low & middle income,LMY,2013,69.4417591162734,50.8,2.59663181445328,5.79453427372722,261.288476695859,4464.34668448106
Low & middle income,LMY,2014,69.6839398888852,48.9,2.58378292073152,5.81956065004574,267.119950122779,4602.24541471565
Low & middle income,LMY,2015,,47.3,,,,4479.29585068431
Low income,LIC,1985,48.9397376087555,200.4,6.51539356847462,,,
Low income,LIC,1986,49.2089755664986,197.1,6.49319350915181,,,
Low income,LIC,1987,49.4262457980355,194.4,6.46485102415768,,,
Low income,LIC,1988,49.5875237132282,192.0,6.43209111324759,,,304.687724527894
Low income,LIC,1989,49.703117622753,189.7,6.39663531742022,,,297.667977732956
Low income,LIC,1990,49.7936699158854,187.2,6.36045871701137,,,292.782191947453
Low income,LIC,1991,49.8846230910401,184.6,6.3208662742909,,,287.426743765657
Low income,LIC,1992,49.9971189686832,181.6,6.28375794167054,,,270.499683192594
Low income,LIC,1993,50.1366617576352,178.4,6.24768582268881,,,256.288883048452
Low income,LIC,1994,50.2957604011842,176.3,6.21085868287729,,,223.931745922281
Low income,LIC,1995,50.4757837269499,172.1,6.17179507024428,4.45221738058052,9.77935034389311,221.467934838895
Low income,LIC,1996,50.6890994183831,167.6,6.12811333578231,4.44080747425556,10.5169304110195,230.524078818151
Low income,LIC,1997,50.9496452559439,164.0,6.08010714283296,4.48516154935579,10.6990832588673,238.010723775645
Low income,LIC,1998,51.2686026220528,160.0,6.02783887750034,4.67453307310173,11.0162022985127,232.99400810113
Low income,LIC,1999,51.6527919671768,155.0,5.97206275202325,4.75353164697595,11.6807450048656,230.280087891173
Low income,LIC,2000,52.1072703996132,149.6,5.91307018769995,4.41183872148841,13.3527943521782,230.109290121749
Low income,LIC,2001,52.6347262666163,143.9,5.85087500557863,4.96058177662876,12.0119383886529,228.359529850275
Low income,LIC,2002,53.2284489318819,137.7,5.78624678357859,5.28070548524629,12.6843803426324,230.437431586075
Low income,LIC,2003,53.8782519572345,131.4,5.71924345572335,5.4172323736288,14.0646611839157,240.657170812875
Low income,LIC,2004,54.5723803815489,125.3,5.65006256839936,5.66594955700729,16.2374939029739,273.364536630271
Low income,LIC,2005,55.2990298152101,119.3,5.57819148630495,5.66188936391777,18.0564856505068,306.067003315541
Low income,LIC,2006,56.046783415404,113.7,5.502127890118,6.0086744578459,20.5391849640622,331.341534770217
Low income,LIC,2007,56.8013307781351,108.2,5.42389441035419,5.60022766116714,22.5006478239,369.46783340555
Low income,LIC,2008,57.547610808068,103.0,5.34400672674015,5.58491800681605,26.0788078721464,417.895564686446
Low income,LIC,2009,58.2709867602368,98.2,5.26241597857591,5.9241863847444,27.9390905940771,468.865489017789
Low income,LIC,2010,58.9581899633251,95.6,5.17969043905245,6.458622139933,31.4657920839721,501.951091115619
Low income,LIC,2011,59.6007364434485,89.5,5.09530466866047,6.30320980728293,34.0194311601468,529.019219753035
Low income,LIC,2012,60.2002033680691,85.5,5.01103910689768,5.93185254751516,34.6275200842637,564.120740992609
Low income,LIC,2013,60.7583961355159,81.9,4.92777277475129,5.76674243667545,35.1899933923562,601.014780253548
Low income,LIC,2014,61.2743855710273,78.8,4.84646656323323,5.74303408926703,36.7259929533454,628.65274969532
Low income,LIC,2015,,76.1,,,,619.629691693212
Lower middle income,LMC,1985,57.8813291360019,135.4,4.74786541821544,,,407.551273227082
Lower middle income,LMC,1986,58.2227871324315,132.0,4.65792802970383,,,421.52752178547
Lower middle income,LMC,1987,58.5776738055971,128.7,4.56406498374235,,,459.159785426303
Lower middle income,LMC,1988,58.9150571672117,125.6,4.4658045391526,,,497.681040837417
Lower middle income,LMC,1989,59.2633589375815,122.5,4.36544040821145,,,493.836891024712
Lower middle income,LMC,1990,59.6152494991607,119.5,4.26805219733192,,,489.856066687929
Lower middle income,LMC,1991,59.9319438720421,116.7,4.17360565395581,,,466.399049262065
Lower middle income,LMC,1992,60.2867686123062,114.1,4.07726424253447,,,474.702805609426
Lower middle income,LMC,1993,60.61402807452,111.5,3.98230037214763,,,469.074275198404
Lower middle income,LMC,1994,60.9353844104903,108.9,3.89091248401041,,,484.349284583498
Lower middle income,LMC,1995,61.25124903393,106.3,3.80874843314889,3.714071604784,21.6098003505728,518.633560092327
Lower middle income,LMC,1996,61.5710930636854,103.8,3.72617532485781,3.69672442100032,23.8911718268598,563.972289393599
Lower middle income,LMC,1997,61.8982663674449,101.2,3.64861416204574,3.86334039828279,25.2101334911079,582.182921515646
Lower middle income,LMC,1998,62.2230484710722,98.5,3.57529982666119,4.13741455633674,24.4665035131083,542.062856438509
Lower middle income,LMC,1999,62.5333696496347,95.6,3.50683167224152,3.9554784592364,22.3665174438048,547.434267785299
Lower middle income,LMC,2000,62.82600630477,92.6,3.44393596577252,3.97704319812062,23.112034577143,554.44191034796
Lower middle income,LMC,2001,63.1369624518646,89.5,3.38438786475397,4.17356084596878,23.9589967003437,572.568247466339
Lower middle income,LMC,2002,63.4402712048302,86.3,3.33100476485373,4.10627795801854,24.9453914946556,581.564647310233
Lower middle income,LMC,2003,63.7505583640593,83.2,3.27851593950314,4.17103878559657,28.851758392688,648.322747833301
Lower middle income,LMC,2004,64.0684112794857,80.6,3.23036480583929,4.12784400459711,32.2609794105661,755.557420201319
Lower middle income,LMC,2005,64.3886104455048,77.1,3.18015524907261,4.24786604748053,37.8656889575332,858.272137344914
Lower middle income,LMC,2006,64.7222167317241,74.3,3.1356242417809,4.25400220550962,43.8779898367101,962.60169807377
Lower middle income,LMC,2007,65.0594954759463,71.6,3.09311728283768,4.33375923926685,53.7428432317207,1109.46044490275
Lower middle income,LMC,2008,65.3932301349354,69.4,3.05304554264217,4.37772246212276,60.3846991211849,1268.71440157743
Lower middle income,LMC,2009,65.7383788801936,66.4,3.0115699534353,4.46741336524382,60.7304968336929,1381.08681608886
Lower middle income,LMC,2010,66.076544972488,63.9,2.97080164907602,4.2782131175054,70.7232298696697,1531.40685330662
Lower middle income,LMC,2011,66.3934351658376,61.4,2.93356228600738,4.27436002516497,78.6662972888704,1685.98955508299
Lower middle income,LMC,2012,66.6913441651063,59.0,2.89966033454109,4.35576575676116,82.2465992774952,1893.62597248783
Lower middle income,LMC,2013,66.9801447479385,56.8,2.86572324817617,4.48792230178489,87.0993680126877,1990.7198659039
Lower middle income,LMC,2014,67.2539171252924,54.7,2.83291045005835,4.48088003669387,90.0093269441345,2042.4760512064
Lower middle income,LMC,2015,,52.8,,,,2034.54250801116
Luxembourg,LUX,1985,73.585756097561,11.2,1.38,,,11910.0
Luxembourg,LUX,1986,73.8946097560976,10.7,1.43,,,14160.0
Luxembourg,LUX,1987,74.193756097561,10.2,1.4,,,18230.0
Luxembourg,LUX,1988,74.4803414634146,9.8,1.51,,,23600.0
Luxembourg,LUX,1989,74.7524146341463,9.3,1.52,,,26040.0
Luxembourg,LUX,1990,75.0104146341463,8.8,1.6,,,28580.0
Luxembourg,LUX,1991,75.4634146341463,8.3,1.6,,,32080.0
Luxembourg,LUX,1992,75.7707317073171,7.7,1.64,,,35570.0
Luxembourg,LUX,1993,75.7121951219512,7.3,1.7,,,36540.0
Luxembourg,LUX,1994,76.3707317073171,6.8,1.72,,,37710.0
Luxembourg,LUX,1995,76.5121951219512,6.4,1.7,5.56674896,2841.60550381,41750.0
Luxembourg,LUX,1996,76.519512195122,6.0,1.77,5.65222071,2830.06229206,44530.0
Luxembourg,LUX,1997,76.880487804878,5.7,1.71,5.59426504,2489.74214958,46430.0
Luxembourg,LUX,1998,77.0170731707317,5.4,1.68,5.66753769,2598.89086299,42400.0
Luxembourg,LUX,1999,77.7707317073171,5.1,1.74,5.8271225,2891.01329727,42050.0
Luxembourg,LUX,2000,77.8731707317073,4.8,1.76,7.47748018,3500.00492609,42250.0
Luxembourg,LUX,2001,77.8243902439025,4.6,1.66,7.40182986,3405.29495152,41470.0
Luxembourg,LUX,2002,77.9658536585366,4.3,1.63,8.26666277,4202.19354445,40190.0
Luxembourg,LUX,2003,77.7268292682927,4.1,1.62,7.66728887,4987.75345704,43180.0
Luxembourg,LUX,2004,79.1219512195122,3.8,1.66,8.20455465,6145.31786613,55890.0
Luxembourg,LUX,2005,79.4317073170732,3.5,1.63,7.94570112,6488.07232773,66390.0
Luxembourg,LUX,2006,79.2878048780488,3.3,1.65,7.74947883,7029.82950046,60170.0
Luxembourg,LUX,2007,79.3829268292683,3.0,1.61,6.79800543,7329.36731448,74290.0
Luxembourg,LUX,2008,80.5390243902439,2.8,1.61,7.33859064,8303.74926166,78950.0
Luxembourg,LUX,2009,80.6365853658537,2.6,1.59,8.1146262,8126.26432288,69520.0
Luxembourg,LUX,2010,80.6317073170732,2.4,1.63,7.68088676,7964.45551028,79520.0
Luxembourg,LUX,2011,80.9878048780488,2.3,1.52,7.3409169,8333.57617859,75650.0
Luxembourg,LUX,2012,81.3926829268293,2.1,1.57,7.17505184,7550.70510086,73980.0
Luxembourg,LUX,2013,81.8,2.0,1.55,7.09750397,7980.82819175,73510.0
Luxembourg,LUX,2014,82.2073170731707,2.0,1.55,6.93787356,8137.5208061,80560.0
Luxembourg,LUX,2015,,1.9,,,,77000.0
"Macao SAR, China",MAC,1985,73.9421707317073,,2.04,,,4420.0
"Macao SAR, China",MAC,1986,74.2189024390244,,2.019,,,5010.0
"Macao SAR, China",MAC,1987,74.4906341463415,,1.966,,,6150.0
"Macao SAR, China",MAC,1988,74.7573902439024,,1.891,,,7120.0
"Macao SAR, China",MAC,1989,75.0196829268293,,1.798,,,7690.0
"Macao SAR, China",MAC,1990,75.2769756097561,,1.694,,,8530.0
"Macao SAR, China",MAC,1991,75.5307804878049,,1.589,,,9550.0
"Macao SAR, China",MAC,1992,75.7796097560976,,1.487,,,11960.0
"Macao SAR, China",MAC,1993,76.0244146341464,,1.394,,,13700.0
"Macao SAR, China",MAC,1994,76.265243902439,,1.312,,,15490.0
"Macao SAR, China",MAC,1995,76.5020731707317,,1.242,,,16870.0
"Macao SAR, China",MAC,1996,76.7344146341463,,1.179,,,17070.0
"Macao SAR, China",MAC,1997,76.962756097561,,1.119,,,16990.0
"Macao SAR, China",MAC,1998,77.1866097560976,,1.057,,,15470.0
"Macao SAR, China",MAC,1999,77.4069756097561,,0.996,,,14500.0
"Macao SAR, China",MAC,2000,77.6228292682927,,0.939,,,14640.0
"Macao SAR, China",MAC,2001,77.8346585365854,,0.889,,,15960.0
"Macao SAR, China",MAC,2002,78.0419756097561,,0.852,,,16600.0
"Macao SAR, China",MAC,2003,78.2462926829268,,0.831,,,18240.0
"Macao SAR, China",MAC,2004,78.4481219512195,,0.827,,,22880.0
"Macao SAR, China",MAC,2005,78.6490243902439,,0.84,,,24760.0
"Macao SAR, China",MAC,2006,78.8515609756098,,0.869,,,27080.0
"Macao SAR, China",MAC,2007,79.056243902439,,0.909,,,35430.0
"Macao SAR, China",MAC,2008,79.2646097560976,,0.957,,,34940.0
"Macao SAR, China",MAC,2009,79.4761707317073,,1.009,,,37090.0
"Macao SAR, China",MAC,2010,79.6903902439024,,1.061,,,45890.0
"Macao SAR, China",MAC,2011,79.906243902439,,1.112,,,55220.0
"Macao SAR, China",MAC,2012,80.1231707317073,,1.16,,,61900.0
"Macao SAR, China",MAC,2013,80.3391463414634,,1.204,,,71620.0
"Macao SAR, China",MAC,2014,80.5530975609756,,1.243,,,76300.0
"Macao SAR, China",MAC,2015,,,,,,
"Macedonia, FYR",MKD,1985,69.7636585365854,49.5,2.368,,,
"Macedonia, FYR",MKD,1986,70.0949512195122,48.8,2.335,,,
"Macedonia, FYR",MKD,1987,70.4129512195122,47.3,2.301,,,
"Macedonia, FYR",MKD,1988,70.6976341463415,43.9,2.269,,,
"Macedonia, FYR",MKD,1989,70.942,39.7,2.238,,,
"Macedonia, FYR",MKD,1990,71.1476341463415,36.6,2.206,,,
"Macedonia, FYR",MKD,1991,71.3256585365854,35.0,2.171,,,
"Macedonia, FYR",MKD,1992,71.4947317073171,33.5,2.131,,,1670.0
"Macedonia, FYR",MKD,1993,71.6709268292683,31.1,2.085,,,1400.0
"Macedonia, FYR",MKD,1994,71.8603170731707,27.8,2.033,,,1350.0
"Macedonia, FYR",MKD,1995,72.0668048780488,24.6,1.977,8.38956962,198.54720799,1720.0
"Macedonia, FYR",MKD,1996,72.2922926829268,21.8,1.919,8.60555412,200.35707133,2110.0
"Macedonia, FYR",MKD,1997,72.5291463414634,19.6,1.864,9.08510984,176.31551003,2140.0
"Macedonia, FYR",MKD,1998,72.7703414634146,18.1,1.812,9.99105614,185.19917135,1940.0
"Macedonia, FYR",MKD,1999,73.0104634146341,16.9,1.765,8.79979905,161.74156157,1830.0
"Macedonia, FYR",MKD,2000,73.2421951219512,16.0,1.723,8.52082479,160.15320568,1860.0
"Macedonia, FYR",MKD,2001,73.455756097561,15.2,1.683,8.18345523,150.21985191,1810.0
"Macedonia, FYR",MKD,2002,73.6473414634146,14.5,1.643,9.01364237,178.158959,1840.0
"Macedonia, FYR",MKD,2003,73.815512195122,14.2,1.604,9.17089411,223.69941092,2110.0
"Macedonia, FYR",MKD,2004,73.960756097561,14.0,1.565,8.64424462,241.47111516,2590.0
"Macedonia, FYR",MKD,2005,74.0889024390244,13.7,1.53,7.95350493,243.72997681,3010.0
"Macedonia, FYR",MKD,2006,74.2067317073171,13.2,1.5,7.61320744,255.49972355,3340.0
"Macedonia, FYR",MKD,2007,74.3229512195122,12.5,1.479,6.89955664,280.9728035,3610.0
"Macedonia, FYR",MKD,2008,74.4463902439024,11.8,1.467,6.85128427,330.65414473,4350.0
"Macedonia, FYR",MKD,2009,74.5789512195122,11.0,1.465,6.73638221,308.7607167,4630.0
"Macedonia, FYR",MKD,2010,74.7226341463415,9.9,1.471,6.83334032,312.22012077,4720.0
"Macedonia, FYR",MKD,2011,74.874512195122,8.6,1.482,6.61114716,336.33118539,4820.0
"Macedonia, FYR",MKD,2012,75.0312682926829,7.4,1.497,6.76264338,318.51807094,4750.0
"Macedonia, FYR",MKD,2013,75.1870487804878,6.6,1.511,6.0737788,316.14285497,5010.0
"Macedonia, FYR",MKD,2014,75.3423902439024,6.0,1.524,6.47637457,353.92534247,5190.0
"Macedonia, FYR",MKD,2015,,5.5,,,,5140.0
Madagascar,MDG,1985,49.7103170731707,182.4,6.146,,,300.0
Madagascar,MDG,1986,49.7948780487805,180.1,6.182,,,300.0
Madagascar,MDG,1987,49.9432682926829,176.5,6.225,,,280.0
Madagascar,MDG,1988,50.1849756097561,171.7,6.256,,,260.0
Madagascar,MDG,1989,50.5360487804878,166.2,6.268,,,230.0
Madagascar,MDG,1990,51.0080975609756,160.7,6.258,,,240.0
Madagascar,MDG,1991,51.598243902439,155.8,6.225,,,220.0
Madagascar,MDG,1992,52.2801219512195,151.3,6.179,,,230.0
Madagascar,MDG,1993,53.0228048780488,147.1,6.126,,,240.0
Madagascar,MDG,1994,53.8072926829268,142.9,6.066,,,240.0
Madagascar,MDG,1995,54.6140487804878,138.4,5.999,4.06524309,9.54875006,230.0
Madagascar,MDG,1996,55.427,133.4,5.924,4.5172219,12.99897989,240.0
Madagascar,MDG,1997,56.233512195122,127.7,5.841,4.78122195,11.83049365,250.0
Madagascar,MDG,1998,57.0204390243902,121.7,5.749,4.50876065,11.39618526,250.0
Madagascar,MDG,1999,57.7717317073171,115.5,5.651,4.54694228,11.08617217,240.0
Madagascar,MDG,2000,58.4728048780488,109.2,5.548,5.0805986,12.512631,250.0
Madagascar,MDG,2001,59.1136097560976,103.1,5.443,5.17201954,14.42928521,260.0
Madagascar,MDG,2002,59.6991707317073,97.2,5.337,5.29448848,13.91083591,230.0
Madagascar,MDG,2003,60.235512195122,91.5,5.233,4.81306658,15.27770462,280.0
Madagascar,MDG,2004,60.7287073170732,85.9,5.133,4.8875444,12.00725272,290.0
Madagascar,MDG,2005,61.1872926829268,80.6,5.039,5.03002085,13.85850308,290.0
Madagascar,MDG,2006,61.6243658536585,75.4,4.952,5.11190088,14.97740312,280.0
Madagascar,MDG,2007,62.053,70.8,4.87,4.98399653,18.89269829,330.0
Madagascar,MDG,2008,62.482756097561,66.7,4.794,4.49573889,21.23692989,400.0
Madagascar,MDG,2009,62.9181707317073,63.3,4.722,4.70033897,19.60879502,410.0
Madagascar,MDG,2010,63.3617317073171,60.3,4.654,4.86435014,20.14535569,420.0
Madagascar,MDG,2011,63.8074146341464,57.8,4.59,4.2355947,19.32827421,420.0
Madagascar,MDG,2012,64.2466585365854,55.5,4.528,3.45623205,15.37880832,430.0
Madagascar,MDG,2013,64.6739024390244,53.4,4.468,4.14767794,19.20267152,440.0
Madagascar,MDG,2014,65.0856097560976,51.5,4.409,3.04135502,13.67082999,450.0
Madagascar,MDG,2015,,49.6,,,,420.0
Malawi,MWI,1985,45.0454146341463,248.4,7.496,,,160.0
Malawi,MWI,1986,44.8300243902439,252.0,7.424,,,150.0
Malawi,MWI,1987,44.5645853658537,253.1,7.335,,,150.0
Malawi,MWI,1988,44.2811463414634,251.8,7.232,,,160.0
Malawi,MWI,1989,44.0062926829268,248.1,7.119,,,160.0
Malawi,MWI,1990,43.7660243902439,242.4,7.001,,,180.0
Malawi,MWI,1991,43.5828536585366,235.0,6.886,,,210.0
Malawi,MWI,1992,43.4606585365854,226.8,6.778,,,200.0
Malawi,MWI,1993,43.4032926829268,219.0,6.681,,,220.0
Malawi,MWI,1994,43.4161463414634,212.6,6.598,,,160.0
Malawi,MWI,1995,43.4787073170732,207.5,6.528,5.04605222,7.17882728,160.0
Malawi,MWI,1996,43.5589512195122,203.0,6.468,4.61373236,10.51698659,170.0
Malawi,MWI,1997,43.6428048780488,198.7,6.414,5.15085202,13.36977299,200.0
Malawi,MWI,1998,43.7340975609756,193.1,6.36,5.50652603,9.12537869,200.0
Malawi,MWI,1999,43.8616097560976,185.0,6.306,6.51804155,10.63677835,180.0
Malawi,MWI,2000,44.0799268292683,174.4,6.25,6.06981896,9.45461422,160.0
Malawi,MWI,2001,44.4586585365854,161.7,6.194,5.07322144,7.57773078,140.0
Malawi,MWI,2002,45.0491219512195,148.0,6.138,4.82253715,10.90263928,170.0
Malawi,MWI,2003,45.8803170731707,135.2,6.083,6.34731849,12.72908405,220.0
Malawi,MWI,2004,46.9573414634146,124.6,6.028,7.81617071,16.53697096,300.0
Malawi,MWI,2005,48.2759268292683,116.2,5.969,8.20169881,17.72507053,300.0
Malawi,MWI,2006,49.8169756097561,109.9,5.901,8.99284504,21.37583068,310.0
Malawi,MWI,2007,51.5124878048781,104.9,5.823,9.31250037,25.1662094,330.0
Malawi,MWI,2008,53.2873658536585,100.0,5.734,10.69761085,32.90348873,370.0
Malawi,MWI,2009,55.0823658536585,95.4,5.636,10.17733374,35.73054653,400.0
Malawi,MWI,2010,56.836243902439,90.9,5.531,10.04536369,36.71748149,440.0
Malawi,MWI,2011,58.5001219512195,84.5,5.423,11.67225735,43.14118238,480.0
Malawi,MWI,2012,60.0502926829268,77.3,5.318,12.05577458,32.56114954,450.0
Malawi,MWI,2013,61.466,71.3,5.22,10.96199023,26.29449749,400.0
Malawi,MWI,2014,62.7216341463415,66.9,5.129,11.37795606,29.01885819,360.0
Malawi,MWI,2015,,64.0,,,,350.0
Malaysia,MYS,1985,69.500756097561,21.8,3.656,,,1900.0
Malaysia,MYS,1986,69.7665609756098,20.5,3.63,,,1840.0
Malaysia,MYS,1987,70.0253902439025,19.4,3.604,,,1940.0
Malaysia,MYS,1988,70.2757317073171,18.3,3.576,,,2120.0
Malaysia,MYS,1989,70.5200975609756,17.4,3.546,,,2240.0
Malaysia,MYS,1990,70.7574878048781,16.6,3.515,,,2370.0
Malaysia,MYS,1991,70.9888780487805,15.8,3.485,,,2530.0
Malaysia,MYS,1992,71.2142926829268,15.1,3.454,,,2850.0
Malaysia,MYS,1993,71.4352195121951,14.4,3.422,,,3200.0
Malaysia,MYS,1994,71.6506585365854,13.9,3.385,,,3560.0
Malaysia,MYS,1995,71.8631219512195,13.3,3.339,2.9640287,127.04192957,4000.0
Malaysia,MYS,1996,72.0726097560976,12.9,3.275,2.93258764,139.10713197,4450.0
Malaysia,MYS,1997,72.2791219512195,12.4,3.19,2.72454231,125.14375784,4570.0
Malaysia,MYS,1998,72.4816585365854,11.8,3.085,2.9271689,94.49330134,3600.0
Malaysia,MYS,1999,72.6792195121951,11.0,2.961,3.03277509,104.82753583,3350.0
Malaysia,MYS,2000,72.8677804878049,10.2,2.825,3.03701543,121.61868024,3420.0
Malaysia,MYS,2001,73.0433170731707,9.4,2.683,3.39740598,131.77798725,3520.0
Malaysia,MYS,2002,73.2038292682927,8.9,2.545,3.40338142,140.65044781,3760.0
Malaysia,MYS,2003,73.3492926829268,8.5,2.418,3.95394002,175.20771568,4130.0
Malaysia,MYS,2004,73.4812195121951,8.3,2.307,3.74492489,184.42204381,4710.0
Malaysia,MYS,2005,73.6006097560976,8.2,2.217,3.29181275,183.16222694,5250.0
Malaysia,MYS,2006,73.7114390243903,8.1,2.146,3.65423211,226.36911589,5830.0
Malaysia,MYS,2007,73.8182682926829,8.0,2.093,3.60562884,261.0748353,6620.0
Malaysia,MYS,2008,73.9260731707317,8.0,2.051,3.4712822,294.59201806,7520.0
Malaysia,MYS,2009,74.0384146341463,8.0,2.021,3.97454959,290.61920614,7620.0
Malaysia,MYS,2010,74.1577804878049,8.0,1.998,3.99044068,351.27503373,8280.0
Malaysia,MYS,2011,74.286756097561,7.9,1.982,3.88778674,393.67312512,9080.0
Malaysia,MYS,2012,74.4233170731707,7.7,1.968,4.01140506,421.51012619,10200.0
Malaysia,MYS,2013,74.567512195122,7.5,1.956,4.01811554,427.04570399,10850.0
Malaysia,MYS,2014,74.7182926829268,7.2,1.944,4.16907804,455.82552547,11120.0
Malaysia,MYS,2015,,7.0,,,,10570.0
Maldives,MDV,1985,57.4081463414634,120.3,7.106,,,
Maldives,MDV,1986,58.191756097561,114.5,6.965,,,
Maldives,MDV,1987,58.9744390243903,108.9,6.776,,,
Maldives,MDV,1988,59.771756097561,103.7,6.548,,,
Maldives,MDV,1989,60.5873414634146,98.8,6.286,,,
Maldives,MDV,1990,61.418512195122,94.1,5.993,,,
Maldives,MDV,1991,62.2582195121951,89.5,5.674,,,
Maldives,MDV,1992,63.0932926829268,85.1,5.336,,,
Maldives,MDV,1993,63.9194634146342,80.4,4.987,,,
Maldives,MDV,1994,64.737756097561,75.7,4.637,,,
Maldives,MDV,1995,65.5604878048781,70.8,4.298,6.02355147,94.59323855,
Maldives,MDV,1996,66.4037073170732,65.8,3.975,6.37138221,110.50872031,
Maldives,MDV,1997,67.2780487804878,60.5,3.674,6.38692469,122.45906681,
Maldives,MDV,1998,68.1838292682927,55.2,3.399,7.51260743,150.11661653,
Maldives,MDV,1999,69.1146097560976,49.8,3.155,7.37459812,157.79385981,
Maldives,MDV,2000,70.0597073170732,44.4,2.945,7.9962272,178.0537216,
Maldives,MDV,2001,71.0055853658536,39.2,2.77,5.83855621,180.9342311,
Maldives,MDV,2002,71.9291951219512,34.3,2.627,5.77722073,181.36541758,
Maldives,MDV,2003,72.8073414634146,29.9,2.51,5.89706416,208.57965361,3400.0
Maldives,MDV,2004,73.6175853658537,28.8,2.418,5.88874714,236.05488835,3940.0
Maldives,MDV,2005,74.3323414634147,22.8,2.347,9.52452498,349.72931067,3560.0
Maldives,MDV,2006,74.9268536585366,20.1,2.295,7.37121198,350.46530714,4220.0
Maldives,MDV,2007,75.3997073170732,17.8,2.261,6.64152393,367.52907399,4030.0
Maldives,MDV,2008,75.7595365853659,16.0,2.238,9.30458288,613.81320228,4870.0
Maldives,MDV,2009,76.0186585365854,14.4,2.222,9.21822502,611.23122942,5000.0
Maldives,MDV,2010,76.2004878048781,13.0,2.209,7.92926355,556.10733664,5360.0
Maldives,MDV,2011,76.3375121951219,11.8,2.194,8.11412868,589.64469971,5840.0
Maldives,MDV,2012,76.4623414634146,10.7,2.175,9.16358288,673.55944476,5950.0
Maldives,MDV,2013,76.6026097560976,9.9,2.152,11.16425478,860.1534007,6000.0
Maldives,MDV,2014,76.7728292682927,9.2,2.123,13.73352009,1165.12515007,6470.0
Maldives,MDV,2015,,8.6,,,,6670.0
Mali,MLI,1985,43.4808780487805,285.0,7.151,,,180.0
Mali,MLI,1986,44.1906585365854,277.9,7.153,,,200.0
Mali,MLI,1987,44.8531707317073,271.3,7.156,,,240.0
Mali,MLI,1988,45.4590731707317,265.2,7.161,,,290.0
Mali,MLI,1989,46.0012682926829,259.5,7.164,,,290.0
Mali,MLI,1990,46.4647073170732,254.4,7.165,,,290.0
Mali,MLI,1991,46.836512195122,250.0,7.159,,,320.0
Mali,MLI,1992,47.1234634146342,246.6,7.146,,,330.0
Mali,MLI,1993,47.3422926829268,243.9,7.124,,,320.0
Mali,MLI,1994,47.5116097560976,242.0,7.094,,,280.0
Mali,MLI,1995,47.6549756097561,240.0,7.058,5.02750196,14.68796724,270.0
Mali,MLI,1996,47.7974634146342,237.9,7.02,7.56383734,22.00079155,270.0
Mali,MLI,1997,47.9664634146342,235.3,6.983,6.86151044,18.59675937,280.0
Mali,MLI,1998,48.1894878048781,231.7,6.95,6.20157769,17.33983463,280.0
Mali,MLI,1999,48.489,226.4,6.921,6.04778072,16.55371504,290.0
Mali,MLI,2000,48.8964390243903,219.6,6.897,6.29294165,15.12669691,280.0
Mali,MLI,2001,49.435243902439,211.2,6.878,6.39271264,16.95743487,300.0
Mali,MLI,2002,50.0963658536585,201.8,6.861,6.31707332,17.18472099,300.0
Mali,MLI,2003,50.8598048780488,191.8,6.842,6.25006856,21.82588144,360.0
Mali,MLI,2004,51.7010731707317,181.7,6.821,6.2798959,25.0808873,380.0
Mali,MLI,2005,52.5797073170732,171.8,6.794,6.33580578,26.98479434,450.0
Mali,MLI,2006,53.4468048780488,162.9,6.76,6.55543828,30.1553627,520.0
Mali,MLI,2007,54.2619268292683,155.1,6.719,6.97251095,36.20940436,560.0
Mali,MLI,2008,54.9951463414634,148.3,6.67,6.7369722,41.3864041,640.0
Mali,MLI,2009,55.6334390243902,142.0,6.612,6.84936871,41.78486175,710.0
Mali,MLI,2010,56.1798048780488,136.6,6.547,6.35206417,39.46097264,730.0
Mali,MLI,2011,56.6546829268293,131.7,6.474,6.58863181,45.61117598,760.0
Mali,MLI,2012,57.095,127.0,6.396,6.46533952,43.17492446,790.0
Mali,MLI,2013,57.5351951219512,122.7,6.314,6.5777895,43.87167423,820.0
Mali,MLI,2014,57.9862682926829,118.3,6.229,6.86216649,47.76513899,820.0
Mali,MLI,2015,,114.7,,,,790.0
Malta,MLT,1985,74.0805609756098,13.9,1.95,,,3690.0
Malta,MLT,1986,74.303512195122,13.3,1.93,,,4000.0
Malta,MLT,1987,74.5244634146342,12.7,1.97,,,4930.0
Malta,MLT,1988,74.7429024390244,12.2,2.06,,,6260.0
Malta,MLT,1989,74.9603414634146,11.7,2.1,,,6910.0
Malta,MLT,1990,75.1757804878049,11.3,2.04,,,7600.0
Malta,MLT,1991,75.3901951219512,10.9,2.04,,,8080.0
Malta,MLT,1992,75.8334146341463,10.5,2.11,,,8870.0
Malta,MLT,1993,76.6024390243903,10.2,2.0,,,8720.0
Malta,MLT,1994,76.9,9.8,1.88,,,8760.0
Malta,MLT,1995,77.1414634146341,9.4,1.81,5.65594954,609.64251237,9290.0
Malta,MLT,1996,77.1414634146341,9.1,2.03,6.07280048,664.1848855,9910.0
Malta,MLT,1997,77.590243902439,8.7,1.98,6.24602434,644.72916506,10270.0
Malta,MLT,1998,77.3878048780488,8.4,1.88,6.44533683,691.34324173,9940.0
Malta,MLT,1999,77.3,8.1,1.77,6.43084811,689.68758726,10380.0
Malta,MLT,2000,78.2,7.8,1.7,6.83173928,686.93330599,10510.0
Malta,MLT,2001,78.8439024390244,7.5,1.48,7.11463824,694.67806622,10160.0
Malta,MLT,2002,78.7390243902439,7.3,1.45,7.85889852,851.06709364,10310.0
Malta,MLT,2003,78.5463414634146,7.2,1.48,8.05680621,1092.51328009,11300.0
Malta,MLT,2004,79.2536585365854,7.0,1.4,8.46267194,1280.23346465,12940.0
Malta,MLT,2005,79.3,7.0,1.38,8.83355332,1407.69826304,14390.0
Malta,MLT,2006,79.4390243902439,6.9,1.36,8.93281432,1495.37495478,15300.0
Malta,MLT,2007,79.7926829268293,6.8,1.35,8.35676141,1628.06815048,16590.0
Malta,MLT,2008,79.6365853658537,6.8,1.43,8.15397796,1805.91974224,19230.0
Malta,MLT,2009,80.2414634146342,6.8,1.42,8.33140474,1739.74082828,18810.0
Malta,MLT,2010,81.3975609756098,6.7,1.36,8.29921427,1753.89488687,20090.0
Malta,MLT,2011,80.7463414634146,6.7,1.45,9.59870689,2222.48229873,20100.0
Malta,MLT,2012,80.7463414634146,6.7,1.43,9.95129454,2216.5969705,20000.0
Malta,MLT,2013,81.7463414634146,6.6,1.38,9.89183881,2389.07754158,21000.0
Malta,MLT,2014,81.7463414634146,6.5,1.38,9.74992027,2470.59850992,
Malta,MLT,2015,,6.4,,,,
Marshall Islands,MHL,1985,,60.7,,,,
Marshall Islands,MHL,1986,,58.7,,,,
Marshall Islands,MHL,1987,72.1414634146341,56.6,5.9,,,
Marshall Islands,MHL,1988,,54.5,,,,
Marshall Islands,MHL,1989,,52.4,,,,
Marshall Islands,MHL,1990,,50.3,,,,
Marshall Islands,MHL,1991,,48.3,,,,
Marshall Islands,MHL,1992,,46.4,,,,
Marshall Islands,MHL,1993,,44.8,,,,
Marshall Islands,MHL,1994,,43.4,,,,
Marshall Islands,MHL,1995,,42.5,,30.82930435,712.66934228,3040.0
Marshall Islands,MHL,1996,,41.9,,19.46909558,411.93556166,2640.0
Marshall Islands,MHL,1997,,41.6,,19.87920653,407.60506264,2520.0
Marshall Islands,MHL,1998,,41.5,,18.32720645,384.74355829,2530.0
Marshall Islands,MHL,1999,67.5048780487805,41.5,5.71,18.05450353,374.43090508,2620.0
Marshall Islands,MHL,2000,65.2390243902439,41.4,,21.8805911,465.62481778,2850.0
Marshall Islands,MHL,2001,,41.3,,18.69292677,411.94361849,2970.0
Marshall Islands,MHL,2002,,41.1,,17.44297261,418.00800899,2970.0
Marshall Islands,MHL,2003,,40.7,,16.86879662,411.07880078,3090.0
Marshall Islands,MHL,2004,,40.4,,17.8403202,448.80015859,3320.0
Marshall Islands,MHL,2005,,40.2,4.5,17.4250474,461.91873327,3570.0
Marshall Islands,MHL,2006,,39.9,4.5,19.79982033,547.46047002,3620.0
Marshall Islands,MHL,2007,,39.7,4.5,20.42172636,587.55158713,3760.0
Marshall Islands,MHL,2008,,39.5,,19.43177259,569.32291735,3750.0
Marshall Islands,MHL,2009,,39.3,,18.97912934,551.37089508,3690.0
Marshall Islands,MHL,2010,,39.1,,17.3351136,542.25959983,3720.0
Marshall Islands,MHL,2011,,38.8,4.05,17.18970115,565.99956196,3880.0
Marshall Islands,MHL,2012,,38.3,,16.67534375,582.62219197,3940.0
Marshall Islands,MHL,2013,,37.8,,17.23845225,623.75334002,4250.0
Marshall Islands,MHL,2014,,37.0,,17.13572274,625.20217954,4390.0
Marshall Islands,MHL,2015,,36.0,,,,
Mauritania,MRT,1985,56.8631219512195,139.2,6.178,,,380.0
Mauritania,MRT,1986,57.2418780487805,133.7,6.14,,,400.0
Mauritania,MRT,1987,57.5724634146342,128.6,6.103,,,440.0
Mauritania,MRT,1988,57.8649024390244,124.3,6.065,,,490.0
Mauritania,MRT,1989,58.1241951219512,120.7,6.024,,,510.0
Mauritania,MRT,1990,58.3588048780488,118.1,5.98,,,490.0
Mauritania,MRT,1991,58.576756097561,116.2,5.932,,,540.0
Mauritania,MRT,1992,58.7860487804878,114.9,5.88,,,610.0
Mauritania,MRT,1993,58.989243902439,114.3,5.825,,,640.0
Mauritania,MRT,1994,59.1883902439024,113.9,5.768,,,570.0
Mauritania,MRT,1995,59.3794878048781,113.8,5.708,4.64785334,28.1840739,590.0
Mauritania,MRT,1996,59.5530975609756,113.9,5.647,3.74019295,22.44633587,650.0
Mauritania,MRT,1997,59.7022682926829,113.9,5.585,3.91286043,22.15346571,580.0
Mauritania,MRT,1998,59.825512195122,113.9,5.524,4.62100432,24.90531305,550.0
Mauritania,MRT,1999,59.9278780487805,113.6,5.463,5.33223008,28.5013831,560.0
Mauritania,MRT,2000,60.0173902439024,113.5,5.403,5.25582483,25.07620861,510.0
Mauritania,MRT,2001,60.1050731707317,113.1,5.344,4.33749659,20.0944021,470.0
Mauritania,MRT,2002,60.2044390243902,112.9,5.286,5.31066019,24.38255815,470.0
Mauritania,MRT,2003,60.3254390243902,112.4,5.228,4.52840343,23.79491757,510.0
Mauritania,MRT,2004,60.4750975609756,111.4,5.171,4.70454966,28.10776496,590.0
Mauritania,MRT,2005,60.6603658536585,109.8,5.114,4.2060502,29.1300942,690.0
Mauritania,MRT,2006,60.883756097561,107.9,5.058,3.20757593,30.08652511,830.0
Mauritania,MRT,2007,61.1397317073171,105.5,5.002,3.53528514,35.65529516,920.0
Mauritania,MRT,2008,61.4177317073171,103.0,4.947,3.22665716,38.09228463,1060.0
Mauritania,MRT,2009,61.7107317073171,100.4,4.891,3.78735326,39.60779267,1090.0
Mauritania,MRT,2010,62.0061707317073,97.8,4.835,3.27934195,39.60878015,1140.0
Mauritania,MRT,2011,62.2924878048781,95.4,4.778,2.86968767,39.91531539,1210.0
Mauritania,MRT,2012,62.5601707317073,92.7,4.721,3.36153201,43.12123478,1330.0
Mauritania,MRT,2013,62.8027073170732,90.2,4.662,3.63447484,47.46707483,1420.0
Mauritania,MRT,2014,63.0165853658537,87.5,4.603,3.77269904,48.83750877,1370.0
Mauritania,MRT,2015,,84.7,,,,
Mauritius,MUS,1985,68.3706829268293,28.4,2.02,,,1060.0
Mauritius,MUS,1986,68.4993658536585,29.0,1.99,,,1250.0
Mauritius,MUS,1987,68.655512195122,28.8,2.05,,,1630.0
Mauritius,MUS,1988,68.8630243902439,27.1,2.14,,,2070.0
Mauritius,MUS,1989,69.1240243902439,24.9,2.23,,,2230.0
Mauritius,MUS,1990,69.4048780487805,23.1,2.32,,,2440.0
Mauritius,MUS,1991,69.9560975609756,21.8,2.3,,,2620.0
Mauritius,MUS,1992,70.0585365853659,21.2,2.37,,,2990.0
Mauritius,MUS,1993,70.1073170731707,21.2,2.21,,,3120.0
Mauritius,MUS,1994,70.1585365853659,21.6,2.25,,,3230.0
Mauritius,MUS,1995,70.3258536585366,22.2,2.14,3.62368934,129.7240265,3470.0
Mauritius,MUS,1996,70.3229268292683,22.7,2.12,3.5281114,136.62629327,3780.0
Mauritius,MUS,1997,70.4048780487805,22.6,2.04,3.52944008,128.04642548,3900.0
Mauritius,MUS,1998,70.6073170731707,21.6,1.97,3.57578384,127.94798884,3780.0
Mauritius,MUS,1999,70.9609756097561,20.2,2.05,3.48627317,127.2623028,3640.0
Mauritius,MUS,2000,71.6634146341463,18.6,1.99,3.78342769,146.2925535,3870.0
Mauritius,MUS,2001,71.7658536585366,17.1,1.91,3.86541671,146.87500978,3900.0
Mauritius,MUS,2002,71.9658536585366,16.1,1.94,4.23599832,168.01779699,3890.0
Mauritius,MUS,2003,72.1213008130081,15.6,1.87,4.14728086,192.40415039,4260.0
Mauritius,MUS,2004,72.2767479674797,15.6,1.92,4.29214123,225.43150776,5040.0
Mauritius,MUS,2005,72.4321951219512,15.7,1.88,4.46865768,229.78929037,5420.0
Mauritius,MUS,2006,72.4321951219512,15.9,1.77,4.37870539,240.07921547,5660.0
Mauritius,MUS,2007,72.5707317073171,16.0,1.74,4.24109725,268.02312317,6190.0
Mauritius,MUS,2008,72.5707317073171,15.8,1.67,4.60310258,358.47373772,7050.0
Mauritius,MUS,2009,72.8824390243903,15.5,1.59,4.96772048,353.09033077,7420.0
Mauritius,MUS,2010,72.9673170731707,15.2,1.57,5.28526703,411.58234331,7970.0
Mauritius,MUS,2011,73.2668292682927,14.9,1.55,5.02482988,451.21496225,8320.0
Mauritius,MUS,2012,73.8634146341464,14.6,1.54,4.7562462,432.48170279,9010.0
Mauritius,MUS,2013,74.0170731707317,14.3,1.44,4.82151957,455.52927878,9670.0
Mauritius,MUS,2014,74.1943902439024,13.9,1.43,4.80954464,482.45417272,9720.0
Mauritius,MUS,2015,,13.5,,,,9610.0
Mexico,MEX,1985,68.7926097560976,58.7,4.018,,,2130.0
Mexico,MEX,1986,69.2034390243902,56.2,3.898,,,1940.0
Mexico,MEX,1987,69.6074146341464,53.8,3.786,,,1910.0
Mexico,MEX,1988,70.0064878048781,51.4,3.68,,,2000.0
Mexico,MEX,1989,70.4015853658537,49.0,3.578,,,2300.0
Mexico,MEX,1990,70.7957317073171,46.6,3.478,,,2750.0
Mexico,MEX,1991,71.1909756097561,44.1,3.382,,,3200.0
Mexico,MEX,1992,71.5858292682927,41.7,3.291,,,3700.0
Mexico,MEX,1993,71.9778292682927,39.4,3.206,,,4460.0
Mexico,MEX,1994,72.3638536585366,37.2,3.126,,,5200.0
Mexico,MEX,1995,72.7397804878049,35.0,3.051,5.05567469,172.44434976,4570.0
Mexico,MEX,1996,73.0989024390244,33.0,2.982,4.59296607,179.25374561,4320.0
Mexico,MEX,1997,73.4371463414634,31.0,2.917,4.71655688,218.91790944,4310.0
Mexico,MEX,1998,73.7514146341464,29.1,2.857,4.80138717,230.91806994,4610.0
Mexico,MEX,1999,74.039243902439,27.3,2.8,5.00884196,271.47654352,5080.0
Mexico,MEX,2000,74.2997317073171,25.6,2.747,4.97854213,322.08865041,5750.0
Mexico,MEX,2001,74.5334878048781,24.1,2.697,5.35288319,366.30760644,6240.0
Mexico,MEX,2002,74.7447073170732,22.6,2.649,5.5210778,389.26109431,6580.0
Mexico,MEX,2003,74.937512195122,21.4,2.604,6.02185177,412.98446193,6860.0
Mexico,MEX,2004,75.1154878048781,20.4,2.561,6.11044039,446.92466779,7390.0
Mexico,MEX,2005,75.2820975609756,19.5,2.521,6.0443102,490.72137335,7720.0
Mexico,MEX,2006,75.4387804878049,18.9,2.483,5.83217814,522.31139678,8280.0
Mexico,MEX,2007,75.5879268292683,18.4,2.447,5.91563943,565.52595269,9080.0
Mexico,MEX,2008,75.7324634146342,17.9,2.415,6.06132066,603.92116165,9580.0
Mexico,MEX,2009,75.8774146341463,17.4,2.385,6.59579987,526.08402681,8690.0
Mexico,MEX,2010,76.0267804878049,16.8,2.356,6.39444283,591.71250653,8840.0
Mexico,MEX,2011,76.1856585365854,16.0,2.328,6.04343893,615.1036392,9080.0
Mexico,MEX,2012,76.3540975609756,15.3,2.3,6.21482997,633.08969487,9770.0
Mexico,MEX,2013,76.5326585365854,14.5,2.272,6.29528345,673.81003508,9910.0
Mexico,MEX,2014,76.7218536585366,13.8,2.243,6.29642103,677.18998669,10080.0
Mexico,MEX,2015,,13.2,,,,9710.0
"Micronesia, Fed. Sts.",FSM,1985,65.6365853658537,59.0,5.6,,,
"Micronesia, Fed. Sts.",FSM,1986,65.7455853658537,58.6,5.446,,,
"Micronesia, Fed. Sts.",FSM,1987,65.8585853658537,58.0,5.299,,,
"Micronesia, Fed. Sts.",FSM,1988,65.9725853658537,57.1,5.167,,,
"Micronesia, Fed. Sts.",FSM,1989,66.0845853658537,56.3,5.052,,,
"Micronesia, Fed. Sts.",FSM,1990,66.1975853658537,55.6,4.958,,,
"Micronesia, Fed. Sts.",FSM,1991,66.3101219512195,55.2,4.882,,,
"Micronesia, Fed. Sts.",FSM,1992,66.4226585365854,55.0,4.82,,,
"Micronesia, Fed. Sts.",FSM,1993,66.5357073170732,55.1,4.766,,,2120.0
"Micronesia, Fed. Sts.",FSM,1994,66.648243902439,55.3,4.716,,,2130.0
"Micronesia, Fed. Sts.",FSM,1995,66.759756097561,55.6,4.664,9.15697583,189.00374081,2210.0
"Micronesia, Fed. Sts.",FSM,1996,66.8677073170732,55.9,4.608,8.62468548,174.33738711,2150.0
"Micronesia, Fed. Sts.",FSM,1997,66.9716097560976,56.0,4.544,7.7805233,148.43126851,2110.0
"Micronesia, Fed. Sts.",FSM,1998,67.0729024390244,55.6,4.471,6.94781073,141.22088402,2010.0
"Micronesia, Fed. Sts.",FSM,1999,67.1726341463415,54.9,4.39,7.57831364,155.35093073,2060.0
"Micronesia, Fed. Sts.",FSM,2000,67.275243902439,53.9,4.3,7.88173023,170.94323211,2210.0
"Micronesia, Fed. Sts.",FSM,2001,67.3842682926829,52.8,4.204,8.5835092,192.22190993,2250.0
"Micronesia, Fed. Sts.",FSM,2002,67.5037317073171,51.6,4.105,8.01953064,180.6555139,2270.0
"Micronesia, Fed. Sts.",FSM,2003,67.6351463414634,50.2,4.007,9.69052452,222.26805982,2380.0
"Micronesia, Fed. Sts.",FSM,2004,67.7760243902439,48.8,3.912,10.63613644,238.52091099,2440.0
"Micronesia, Fed. Sts.",FSM,2005,67.9243658536586,47.4,3.823,12.112,285.12778018,2550.0
"Micronesia, Fed. Sts.",FSM,2006,68.0741951219512,45.9,3.739,11.92411067,285.4655564,2550.0
"Micronesia, Fed. Sts.",FSM,2007,68.2204878048781,44.6,3.661,11.99023438,292.11077274,2550.0
"Micronesia, Fed. Sts.",FSM,2008,68.3592682926829,43.1,3.589,12.94214559,323.33065319,2560.0
"Micronesia, Fed. Sts.",FSM,2009,68.4895365853659,42.0,3.522,13.44070448,358.12229026,2770.0
"Micronesia, Fed. Sts.",FSM,2010,68.6122682926829,40.7,3.46,13.83044533,392.41364287,2870.0
"Micronesia, Fed. Sts.",FSM,2011,68.731,39.4,3.402,13.75699709,410.81140555,3050.0
"Micronesia, Fed. Sts.",FSM,2012,68.8507073170732,38.2,3.347,12.76737349,402.07926873,3220.0
"Micronesia, Fed. Sts.",FSM,2013,68.9733902439024,37.0,3.294,13.38425416,406.49068233,3280.0
"Micronesia, Fed. Sts.",FSM,2014,69.1010731707317,35.8,3.243,13.70691454,414.98578282,3200.0
"Micronesia, Fed. Sts.",FSM,2015,,34.7,,,,
Middle East & North Africa,MEA,1985,61.8502971104677,87.0503906436959,5.80302956788736,,,
Middle East & North Africa,MEA,1986,62.6719167456378,81.3950123957402,5.65677102666193,,,
Middle East & North Africa,MEA,1987,63.5099753262307,76.4947285391706,5.49025490100131,,,
Middle East & North Africa,MEA,1988,64.2907683890482,72.2794219904239,5.30661069915308,,,
Middle East & North Africa,MEA,1989,65.0618566986129,68.6920632586971,5.11024222473113,,,
Middle East & North Africa,MEA,1990,65.7982492697554,65.5698063200027,4.912401757223,,,
Middle East & North Africa,MEA,1991,66.3763849376093,62.8116475524608,4.70721970280894,,,
Middle East & North Africa,MEA,1992,66.8397240304603,60.2008964870456,4.52091189673979,,,
Middle East & North Africa,MEA,1993,67.3099143068431,57.7675254144049,4.31698456798915,,,
Middle East & North Africa,MEA,1994,67.7383692719716,55.3639574320616,4.11707981635567,,,
Middle East & North Africa,MEA,1995,68.160964355558,53.0768902518197,3.91804120986154,4.24306481079257,115.066554858583,2422.14731784764
Middle East & North Africa,MEA,1996,68.5279182014363,50.8341865338039,3.74315877601816,4.21280886131654,126.910314441568,2649.66040321416
Middle East & North Africa,MEA,1997,68.8588266883857,48.718838025465,3.58260384976973,4.41567597458607,139.040253050626,2804.53536883467
Middle East & North Africa,MEA,1998,69.1647149806999,46.6152641807544,3.43495586280077,4.70145300999545,145.598328553262,2792.89424317989
Middle East & North Africa,MEA,1999,69.4692706654944,44.6262094318348,3.3019119685883,4.71181646127781,161.498028547719,2756.08368916799
Middle East & North Africa,MEA,2000,69.7445118620174,42.7013778738577,3.19095489718073,4.61124968550654,182.93660993624,2889.52249167434
Middle East & North Africa,MEA,2001,70.0130274487255,40.8279471364845,3.09606623712006,4.95884607011838,200.254200637632,2975.1917321794
Middle East & North Africa,MEA,2002,70.255421070504,39.0455203299096,3.01707426270474,4.98769007177935,155.652929457882,2974.72361318199
Middle East & North Africa,MEA,2003,70.4867245059446,37.3418587739577,2.9587989311557,4.80587777328073,149.754242959813,3199.1642433018
Middle East & North Africa,MEA,2004,70.7250166837931,35.7154159803623,2.90878201419141,4.61866111664073,168.05816055584,3638.50645013382
Middle East & North Africa,MEA,2005,70.9485886702999,34.1859123980367,2.87446128306046,4.3271197871443,186.871456306672,4169.02714503374
Middle East & North Africa,MEA,2006,71.1861871264809,32.7230371462351,2.856606375528,4.22573289110515,210.17993211821,4751.14768063423
Middle East & North Africa,MEA,2007,71.4108904527334,31.3480849255145,2.85080724262029,4.29095502588651,245.445698293249,5478.21819175031
Middle East & North Africa,MEA,2008,71.635438044625,30.0105428191717,2.85577771700311,4.19333570021203,291.876180503117,6364.39715152265
Middle East & North Africa,MEA,2009,71.8578295587437,28.8151486748581,2.86371546896541,5.29890249161912,321.929773294953,6571.39181483169
Middle East & North Africa,MEA,2010,72.0699558784212,27.6527902666714,2.87585124126924,5.03685034817014,345.813960263147,6943.30026395147
Middle East & North Africa,MEA,2011,72.2633672115004,26.659873551744,2.88002833110492,4.85804027292841,398.199220532111,7337.02482266177
Middle East & North Africa,MEA,2012,72.4539695137583,25.7637933644955,2.87965086111996,5.02035819222408,430.595736466789,8276.98385017567
Middle East & North Africa,MEA,2013,72.6594388172022,24.9185405787926,2.86719830217304,5.13078013867855,432.383422891616,8791.76710201219
Middle East & North Africa,MEA,2014,72.854373360028,24.0760319684803,2.84619401081369,5.29288811046654,433.330877111556,8717.37265793949
Middle East & North Africa,MEA,2015,,23.3402683092553,,,,8206.54937110652
Middle East & North Africa (IDA & IBRD countries),TMN,1985,61.0099236432442,90.7197890463239,5.82998456915772,,,
Middle East & North Africa (IDA & IBRD countries),TMN,1986,61.8788282910024,84.9311964021957,5.68265483115014,,,
Middle East & North Africa (IDA & IBRD countries),TMN,1987,62.7587669037961,79.9721444265804,5.51360196058252,,,
Middle East & North Africa (IDA & IBRD countries),TMN,1988,63.6025588996836,75.7608678164286,5.32633840790086,,,
Middle East & North Africa (IDA & IBRD countries),TMN,1989,64.383703064054,72.2205446022038,5.1242911036444,,,
Middle East & North Africa (IDA & IBRD countries),TMN,1990,65.1400750931639,69.1765657453236,4.90478990942555,,,
Middle East & North Africa (IDA & IBRD countries),TMN,1991,65.7400725418234,66.4930556744886,4.69042347642493,,,
Middle East & North Africa (IDA & IBRD countries),TMN,1992,66.2732558020466,63.9777966612209,4.47620602113829,,,
Middle East & North Africa (IDA & IBRD countries),TMN,1993,66.7445465808874,61.6052804281316,4.26241310319242,,,
Middle East & North Africa (IDA & IBRD countries),TMN,1994,67.1803987521837,59.2201439969644,4.05390844851514,,,
Middle East & North Africa (IDA & IBRD countries),TMN,1995,67.584813413145,56.9295803816242,3.85770118968182,4.25760040122029,63.6745886585595,1251.26006403254
Middle East & North Africa (IDA & IBRD countries),TMN,1996,67.9483467279559,54.6518467154407,3.67737580015144,4.24961496044606,72.1601412322355,1392.51938724687
Middle East & North Africa (IDA & IBRD countries),TMN,1997,68.2885266548144,52.4646640480897,3.5137684528331,4.5951262959357,82.9325332507947,1482.20019797711
Middle East & North Africa (IDA & IBRD countries),TMN,1998,68.5978135318293,50.2521811298669,3.36559828742518,4.84389384745245,91.7909257583107,1517.31547109702
Middle East & North Africa (IDA & IBRD countries),TMN,1999,68.8986933396184,48.1410559035622,3.2350754724353,4.83356135958634,104.703525587834,1526.52333400734
Middle East & North Africa (IDA & IBRD countries),TMN,2000,69.1715221459421,46.0608886304269,3.1284949974885,4.90773176550002,120.808565256168,1580.71141876124
Middle East & North Africa (IDA & IBRD countries),TMN,2001,69.4366516253487,44.0273920069484,3.03913644823952,5.24203741196896,137.70168553135,1618.56177269692
Middle East & North Africa (IDA & IBRD countries),TMN,2002,69.686058255825,42.0716916425357,2.96556006915982,5.49183962760891,89.4472538047499,1625.02143386842
Middle East & North Africa (IDA & IBRD countries),TMN,2003,69.9213183036191,40.1996396340704,2.91142950305749,5.28129407867229,83.2125729919842,1736.54302571323
Middle East & North Africa (IDA & IBRD countries),TMN,2004,70.1564919678524,38.4133614946542,2.8672757967935,5.29995775418636,99.3660210193215,1914.30979275871
Middle East & North Africa (IDA & IBRD countries),TMN,2005,70.3857818721888,36.7206617310828,2.83935081420412,5.02605353992748,110.221821275678,2171.0984614304
Middle East & North Africa (IDA & IBRD countries),TMN,2006,70.6195309778329,35.1092127424518,2.82678231233835,4.91959288317604,124.33995367703,2439.99047861977
Middle East & North Africa (IDA & IBRD countries),TMN,2007,70.8462057183371,33.5945356661076,2.82761726142054,5.00723884845227,151.428570166435,2857.60139837345
Middle East & North Africa (IDA & IBRD countries),TMN,2008,71.0606965737288,32.1280109727619,2.83958918925792,5.16215605198417,186.839908184402,3370.24712736144
Middle East & North Africa (IDA & IBRD countries),TMN,2009,71.2707400272972,30.8151951593201,2.85615704465793,6.12495910525145,209.39196961265,3680.80744414749
Middle East & North Africa (IDA & IBRD countries),TMN,2010,71.4770278806139,29.5427812829389,2.87614365893288,6.08824019610614,231.968780092921,3982.08807594961
Middle East & North Africa (IDA & IBRD countries),TMN,2011,71.6690706262678,28.4638361791298,2.88884727348769,5.93055166854014,264.20638767256,4098.82060687762
Middle East & North Africa (IDA & IBRD countries),TMN,2012,71.8592749458239,27.4950853923417,2.89388523856305,6.17275834343617,285.569844575715,4579.75611642968
Middle East & North Africa (IDA & IBRD countries),TMN,2013,72.0611804697912,26.5863949865454,2.88661584664939,6.20585520718042,267.515504743302,4791.32725421709
Middle East & North Africa (IDA & IBRD countries),TMN,2014,72.2596293041916,25.6843351200004,2.86776860295572,6.34581416340973,253.454580027351,4616.53877400588
Middle East & North Africa (IDA & IBRD countries),TMN,2015,,24.9045592304865,,,,
Middle East & North Africa (excluding high income),MNA,1985,61.0099236432442,89.7,5.82998456915772,,,
Middle East & North Africa (excluding high income),MNA,1986,61.8788282910024,83.9,5.68265483115014,,,
Middle East & North Africa (excluding high income),MNA,1987,62.7587669037961,79.0,5.51360196058252,,,
Middle East & North Africa (excluding high income),MNA,1988,63.6025588996836,74.9,5.32633840790086,,,
Middle East & North Africa (excluding high income),MNA,1989,64.383703064054,71.4,5.12429110364441,,,
Middle East & North Africa (excluding high income),MNA,1990,65.1655153690072,68.4,4.92006810036274,,,
Middle East & North Africa (excluding high income),MNA,1991,65.7637361972759,65.8,4.70734074776072,,,
Middle East & North Africa (excluding high income),MNA,1992,66.2955240317743,63.3,4.49459864545438,,,
Middle East & North Africa (excluding high income),MNA,1993,66.7658363071789,61.0,4.28208698658813,,,
Middle East & North Africa (excluding high income),MNA,1994,67.2008956209809,58.7,4.07459871386863,,,
Middle East & North Africa (excluding high income),MNA,1995,67.6046774782968,56.5,3.87908772264703,4.25760040122029,63.6745886585595,1253.378161143
Middle East & North Africa (excluding high income),MNA,1996,67.9677918085313,54.2,3.69908750399339,4.24961496044606,72.1601412322355,1394.53453573951
Middle East & North Africa (excluding high income),MNA,1997,68.3075601470074,51.9,3.53559228447635,4.5951262959357,82.9325332507947,1485.85372972817
Middle East & North Africa (excluding high income),MNA,1998,68.616136136273,49.5,3.38701955994918,4.84389384745244,91.7909257583107,1522.92585814239
Middle East & North Africa (excluding high income),MNA,1999,68.9161467459662,47.3,3.25600942918749,4.83356135958634,104.703525587834,1532.41226675393
Middle East & North Africa (excluding high income),MNA,2000,69.1881728718044,45.2,3.14888952204805,4.90773176550002,120.808565256168,1581.37433532485
Middle East & North Africa (excluding high income),MNA,2001,69.4523589207124,43.2,3.05902045578269,5.24203741196896,137.70168553135,1616.41793359961
Middle East & North Africa (excluding high income),MNA,2002,69.7008129578852,41.4,2.98494424745367,5.49183962760892,89.4472538047499,1621.76051257002
Middle East & North Africa (excluding high income),MNA,2003,69.9351496200929,39.7,2.93028581608784,5.28129407867229,83.2125729919842,1732.99417253761
Middle East & North Africa (excluding high income),MNA,2004,70.169322018113,38.1,2.88567952481944,5.29995775418636,99.3660210193215,1909.75922079614
Middle East & North Africa (excluding high income),MNA,2005,70.3976484439259,36.5,2.85732480023853,5.02605353992748,110.221821275678,2165.65274492795
Middle East & North Africa (excluding high income),MNA,2006,70.6304043838985,34.9,2.84435029470346,4.91959288317604,124.33995367703,2430.32461406691
Middle East & North Africa (excluding high income),MNA,2007,70.8562142383082,33.4,2.84474897181149,5.00723884845227,151.428570166435,2843.60361741199
Middle East & North Africa (excluding high income),MNA,2008,71.070066593443,31.9,2.85629333295431,5.16215605198417,186.839908184402,3350.87538778288
Middle East & North Africa (excluding high income),MNA,2009,71.2796010379318,30.5,2.87240980764697,6.12495910525145,209.39196961265,3662.88918409193
Middle East & North Africa (excluding high income),MNA,2010,71.4855002049919,29.3,2.89190405363465,6.08824019610614,231.968780092921,3962.9165325489
Middle East & North Africa (excluding high income),MNA,2011,71.6773954402652,28.2,2.90417761093052,5.93055166854014,264.20638767256,4081.03835531591
Middle East & North Africa (excluding high income),MNA,2012,71.8675063925162,27.3,2.90885622182786,6.17275834343618,285.569844575715,4562.28717067151
Middle East & North Africa (excluding high income),MNA,2013,72.0691734687795,26.4,2.90133417628572,6.20585520718042,267.515504743302,4770.88435356459
Middle East & North Africa (excluding high income),MNA,2014,72.2673973648614,25.4,2.88231454484936,6.34581416340973,253.454580027351,4598.46084922369
Middle East & North Africa (excluding high income),MNA,2015,,24.7,,,,
Middle income,MIC,1985,62.6877643557534,103.4,3.78903000673379,,,673.453949834401
Middle income,MIC,1986,63.0413495001755,100.2,3.74503379122885,,,708.391589181418
Middle income,MIC,1987,63.3317400534758,97.2,3.68779257289073,,,763.360597494905
Middle income,MIC,1988,63.6063006485756,94.5,3.60915530185299,,,808.309871043988
Middle income,MIC,1989,63.8655089557547,92.2,3.51593659736659,,,814.942551084205
Middle income,MIC,1990,64.1182998907123,90.2,3.41100779026641,,,851.265724773537
Middle income,MIC,1991,64.3569891936679,88.6,3.29701871318693,,,899.985185381153
Middle income,MIC,1992,64.542806801169,87.3,3.18428529677165,,,941.05867127168
Middle income,MIC,1993,64.7143629812084,86.3,3.07241201276344,,,968.756754140047
Middle income,MIC,1994,64.9457821838807,85.3,2.97544467830113,,,1002.98024825555
Middle income,MIC,1995,65.2276557573295,84.0,2.88702227034335,4.89034714812835,55.3069010019506,1072.10821401689
Middle income,MIC,1996,65.5294394830468,82.6,2.81003957680915,4.92169929594834,61.7077295017165,1171.26127484072
Middle income,MIC,1997,65.8535068160754,80.7,2.74263799161654,5.18040929767766,67.9898577716248,1241.43254862767
Middle income,MIC,1998,66.1397940466489,78.4,2.69127576787278,5.23480959806446,65.6567781482875,1198.32119864584
Middle income,MIC,1999,66.4194347608086,75.8,2.64456770327983,5.22275739830049,62.3023935564923,1176.20592143698
Middle income,MIC,2000,66.7039694576275,73.3,2.60759774964271,5.17221891345957,67.3885202378562,1216.35722402287
Middle income,MIC,2001,67.0124096265075,70.7,2.57737632814834,5.28224031092238,69.2845691490586,1225.66816569019
Middle income,MIC,2002,67.2961557133969,68.1,2.55271888718912,5.19964206439465,66.1716709160219,1241.76650158825
Middle income,MIC,2003,67.5905880947288,65.5,2.52842220208266,5.27825198677254,74.7155386155441,1356.13316139732
Middle income,MIC,2004,67.8961116121292,63.2,2.50749304409578,5.20312067825675,86.8353139443949,1582.18163200977
Middle income,MIC,2005,68.1806037778219,60.5,2.48222055023406,5.33773092564837,105.034691910174,1846.0348238176
Middle income,MIC,2006,68.4974559006922,58.1,2.4626462362129,5.29594508369384,122.50745719646,2137.1531370164
Middle income,MIC,2007,68.7989256332282,56.0,2.44695492860592,5.29271283961378,150.003880291843,2537.08906745365
Middle income,MIC,2008,69.0772723860589,54.3,2.43286715397881,5.45288381037296,183.037559725564,2989.83534452889
Middle income,MIC,2009,69.3736797853018,52.0,2.41629885438413,5.89038974589456,189.618102285443,3217.66321170433
Middle income,MIC,2010,69.6418773635058,49.9,2.40054063278315,5.63338790449808,218.23847471474,3615.80986077314
Middle income,MIC,2011,69.9181759133835,48.0,2.38600038338311,5.59533248028445,251.778094249987,4017.18126513606
Middle income,MIC,2012,70.1780923519427,46.0,2.37706173947239,5.6881284500368,267.75088036916,4546.56707438473
Middle income,MIC,2013,70.4147175228396,44.1,2.36411601257985,5.79490162782293,285.174981584531,4896.99290205652
Middle income,MIC,2014,70.6411439673407,42.3,2.35226165369883,5.82063580983558,291.870933588613,5054.36996771132
Middle income,MIC,2015,,40.9,,,,4925.40269166165
Moldova,MDA,1985,66.1477073170732,40.7,2.643,,,
Moldova,MDA,1986,66.5879024390244,38.5,2.646,,,
Moldova,MDA,1987,66.9712195121951,36.5,2.625,,,
Moldova,MDA,1988,67.2556829268293,34.8,2.578,,,
Moldova,MDA,1989,67.4232926829268,33.6,2.506,,,
Moldova,MDA,1990,67.4656585365854,33.1,2.414,,,
Moldova,MDA,1991,67.3923170731707,33.3,2.309,,,
Moldova,MDA,1992,67.2454146341463,34.2,2.199,,,630.0
Moldova,MDA,1993,67.0670487804878,35.6,2.093,,,640.0
Moldova,MDA,1994,66.8833414634146,37.0,1.994,,,460.0
Moldova,MDA,1995,66.7278292682927,38.1,1.901,9.05732076,30.04066403,470.0
Moldova,MDA,1996,66.6290975609756,38.4,1.811,10.27129346,40.15600283,480.0
Moldova,MDA,1997,66.5950975609756,37.8,1.719,9.45174817,42.21988046,500.0
Moldova,MDA,1998,66.6303170731707,36.3,1.623,7.68867317,35.72319074,460.0
Moldova,MDA,1999,66.7347804878049,34.0,1.527,5.88528668,18.89391573,400.0
Moldova,MDA,2000,66.8900243902439,31.3,1.435,6.65247796,23.45363737,370.0
Moldova,MDA,2001,67.0660731707317,28.3,1.354,6.99630753,28.47277246,400.0
Moldova,MDA,2002,67.2363902439024,25.4,1.291,8.31253703,38.01031074,460.0
Moldova,MDA,2003,67.3873902439025,23.0,1.247,8.23547436,45.21007008,570.0
Moldova,MDA,2004,67.524512195122,21.1,1.224,8.48619596,61.25186891,730.0
Moldova,MDA,2005,67.6780731707317,19.7,1.219,9.15376162,75.85007101,890.0
Moldova,MDA,2006,67.8959024390244,18.7,1.227,10.62583313,100.81442858,1030.0
Moldova,MDA,2007,68.2099024390244,18.1,1.242,10.88435311,134.2654473,1160.0
Moldova,MDA,2008,68.6300243902439,17.7,1.256,11.41339603,193.76078013,1500.0
Moldova,MDA,2009,69.1432926829268,17.4,1.268,12.48972121,189.0509055,1570.0
Moldova,MDA,2010,69.7092682926829,17.2,1.274,12.08179732,196.83055882,1820.0
Moldova,MDA,2011,70.2710975609756,16.9,1.273,10.61121439,209.53318943,1990.0
Moldova,MDA,2012,70.7724878048781,16.7,1.269,11.87332928,242.63063149,2140.0
Moldova,MDA,2013,71.1720487804878,16.4,1.263,10.05471776,224.7383326,2470.0
Moldova,MDA,2014,71.4558780487805,16.1,1.256,10.32365569,228.84667106,2560.0
Moldova,MDA,2015,,15.8,,,,2220.0
Monaco,MCO,1985,,,,,,37590.0
Monaco,MCO,1986,,,,,,43370.0
Monaco,MCO,1987,,,,,,55330.0
Monaco,MCO,1988,,,,,,71190.0
Monaco,MCO,1989,,8.1,,,,75270.0
Monaco,MCO,1990,,7.8,,,,79560.0
Monaco,MCO,1991,,7.4,,,,82520.0
Monaco,MCO,1992,,7.1,,,,91310.0
Monaco,MCO,1993,,6.8,,,,89570.0
Monaco,MCO,1994,,6.5,,,,92240.0
Monaco,MCO,1995,,6.2,,3.10731995,3093.24637045,97020.0
Monaco,MCO,1996,,6.0,,3.0388671,2991.42558998,101110.0
Monaco,MCO,1997,,5.8,,3.18254295,2863.78748125,99660.0
Monaco,MCO,1998,,5.5,,3.13413664,2889.1912918,95040.0
Monaco,MCO,1999,,5.3,,3.41513225,3074.52433427,92450.0
Monaco,MCO,2000,,5.2,,3.29068143,2683.87903656,90840.0
Monaco,MCO,2001,,5.0,,3.33167925,2716.10642745,86410.0
Monaco,MCO,2002,,4.8,,3.39151509,2986.99775128,84050.0
Monaco,MCO,2003,,4.7,,3.9340387,4216.80487966,94140.0
Monaco,MCO,2004,,4.6,,4.02616923,4901.68575583,113040.0
Monaco,MCO,2005,,4.5,,4.00135654,4976.42582849,128380.0
Monaco,MCO,2006,,4.4,,3.81972113,5095.67411349,137470.0
Monaco,MCO,2007,,4.3,,3.38073993,5667.97502073,161310.0
Monaco,MCO,2008,,4.2,,3.63699333,6619.47867629,186710.0
Monaco,MCO,2009,,4.1,,4.29791231,6472.14103992,
Monaco,MCO,2010,,4.0,,4.40020002,6410.43733826,
Monaco,MCO,2011,,3.9,,4.19310875,6865.21804268,
Monaco,MCO,2012,,3.8,,4.25538691,6551.81199507,
Monaco,MCO,2013,,3.7,,4.0300074,7045.02269585,
Monaco,MCO,2014,,3.6,,4.337683,8148.80835769,
Monaco,MCO,2015,,3.5,,,,
Mongolia,MNG,1985,58.3813658536585,135.8,5.345,,,1230.0
Mongolia,MNG,1986,58.8261951219512,130.0,5.14,,,1350.0
Mongolia,MNG,1987,59.2575853658537,124.2,4.906,,,1520.0
Mongolia,MNG,1988,59.6490487804878,118.5,4.644,,,1690.0
Mongolia,MNG,1989,59.9881707317073,113.1,4.356,,,1590.0
Mongolia,MNG,1990,60.267756097561,107.8,4.052,,,1430.0
Mongolia,MNG,1991,60.488243902439,102.8,3.746,,,1200.0
Mongolia,MNG,1992,60.6723658536585,98.0,3.451,,,810.0
Mongolia,MNG,1993,60.8431951219512,93.4,3.18,,,510.0
Mongolia,MNG,1994,61.0155853658537,89.0,2.941,,,430.0
Mongolia,MNG,1995,61.2105853658537,84.6,2.738,3.15125386,19.91313306,460.0
Mongolia,MNG,1996,61.4480487804878,80.3,2.57,3.54865902,20.6145063,550.0
Mongolia,MNG,1997,61.7364634146342,75.9,2.43,3.64701684,18.4393732,580.0
Mongolia,MNG,1998,62.0795365853659,71.5,2.312,4.03912026,19.28074581,520.0
Mongolia,MNG,1999,62.475756097561,67.1,2.216,4.03921209,17.97476051,480.0
Mongolia,MNG,2000,62.9138780487805,62.7,2.143,4.92301762,23.34566197,470.0
Mongolia,MNG,2001,63.3763658536585,58.4,2.098,5.45485747,28.58480407,480.0
Mongolia,MNG,2002,63.8418292682927,54.3,2.081,5.81219045,33.21889977,530.0
Mongolia,MNG,2003,64.2962682926829,50.4,2.091,6.17936733,39.92599179,610.0
Mongolia,MNG,2004,64.7349512195122,46.8,2.124,5.99465876,47.83098667,760.0
Mongolia,MNG,2005,65.1669268292683,43.4,2.176,5.08566386,50.7967431,900.0
Mongolia,MNG,2006,65.6060975609756,40.3,2.245,4.67597361,62.39645618,1120.0
Mongolia,MNG,2007,66.0681707317073,37.4,2.324,5.06366434,82.70909694,1410.0
Mongolia,MNG,2008,66.5599268292683,34.8,2.407,5.57702988,119.2579065,1800.0
Mongolia,MNG,2009,67.0768048780488,32.3,2.487,5.2898624,90.83080339,1790.0
Mongolia,MNG,2010,67.6038292682927,30.0,2.555,4.69693758,124.48513487,2000.0
Mongolia,MNG,2011,68.1225365853659,28.0,2.607,4.45434197,168.05926884,2600.0
Mongolia,MNG,2012,68.613512195122,26.2,2.641,4.21982325,184.71174963,3670.0
Mongolia,MNG,2013,69.0618048780488,24.7,2.657,4.21146824,184.78689037,4370.0
Mongolia,MNG,2014,69.4639024390244,23.5,2.655,4.73034173,195.33347873,4260.0
Mongolia,MNG,2015,,22.4,,,,3830.0
Montenegro,MNE,1985,73.7113414634146,24.6,2.156,,,
Montenegro,MNE,1986,73.8551463414634,22.4,2.137,,,
Montenegro,MNE,1987,74.0068780487805,20.5,2.12,,,
Montenegro,MNE,1988,74.1639024390244,18.9,2.104,,,
Montenegro,MNE,1989,74.3179756097561,17.6,2.091,,,
Montenegro,MNE,1990,74.4433658536585,16.6,2.078,,,
Montenegro,MNE,1991,74.5104146341464,16.0,2.063,,,
Montenegro,MNE,1992,74.5006585365854,15.6,2.046,,,
Montenegro,MNE,1993,74.4086097560976,15.3,2.025,,,
Montenegro,MNE,1994,74.2422195121951,15.2,2.002,,,
Montenegro,MNE,1995,74.0222195121951,15.1,1.977,7.42001049,139.20984892,
Montenegro,MNE,1996,73.7787804878049,15.0,1.951,7.43437225,102.38825969,
Montenegro,MNE,1997,73.5490487804878,14.9,1.927,7.40497515,101.86013616,
Montenegro,MNE,1998,73.3638536585366,14.6,1.906,7.42068408,104.13433225,
Montenegro,MNE,1999,73.2386341463415,14.3,1.888,7.47745752,101.78192199,
Montenegro,MNE,2000,73.1820487804878,13.8,1.875,7.31678384,117.37935832,
Montenegro,MNE,2001,73.1879268292683,13.2,1.865,8.22848975,155.63217934,
Montenegro,MNE,2002,73.2390487804878,12.6,1.858,8.33151401,174.68280864,1960.0
Montenegro,MNE,2003,73.3211707317073,11.9,1.852,8.91132279,247.80359454,2440.0
Montenegro,MNE,2004,73.4337804878049,11.1,1.847,8.44831694,285.17976289,3100.0
Montenegro,MNE,2005,73.5842926829268,10.4,1.84,8.46232483,310.00022153,3660.0
Montenegro,MNE,2006,73.785512195122,9.6,1.832,8.01219061,350.14328132,4310.0
Montenegro,MNE,2007,74.0406341463415,8.9,1.82,6.74225066,400.37478083,5230.0
Montenegro,MNE,2008,74.3454390243903,8.1,1.805,6.13379906,449.17704886,6500.0
Montenegro,MNE,2009,74.6878292682927,7.4,1.787,6.07482371,406.79070056,6710.0
Montenegro,MNE,2010,75.0452926829268,6.8,1.767,6.90181545,456.62931647,6890.0
Montenegro,MNE,2011,75.3913170731707,6.2,1.745,6.92483198,500.41784156,7240.0
Montenegro,MNE,2012,75.7050731707317,5.7,1.725,7.2473971,470.00019717,7000.0
Montenegro,MNE,2013,75.9701951219512,5.3,1.706,6.42538419,454.48711083,7330.0
Montenegro,MNE,2014,76.1807073170732,5.0,1.689,6.41654268,457.66493632,7320.0
Montenegro,MNE,2015,,4.7,,,,7240.0
Morocco,MAR,1985,61.4207804878049,103.0,4.942,,,680.0
Morocco,MAR,1986,62.138756097561,97.7,4.754,,,770.0
Morocco,MAR,1987,62.8266829268293,92.7,4.567,,,860.0
Morocco,MAR,1988,63.4833658536585,88.1,4.387,,,1070.0
Morocco,MAR,1989,64.1047804878049,84.0,4.217,,,1100.0
Morocco,MAR,1990,64.6804878048781,80.1,4.058,,,1150.0
Morocco,MAR,1991,65.2030975609756,76.5,3.905,,,1230.0
Morocco,MAR,1992,65.6723170731707,73.0,3.755,,,1270.0
Morocco,MAR,1993,66.0938048780488,69.7,3.606,,,1220.0
Morocco,MAR,1994,66.4725853658537,66.4,3.457,,,1340.0
Morocco,MAR,1995,66.8206829268293,63.3,3.309,3.55457954,48.23362163,1290.0
Morocco,MAR,1996,67.1490975609756,60.3,3.166,3.48780701,51.81622584,1500.0
Morocco,MAR,1997,67.4711951219512,57.5,3.029,3.71017017,49.59011206,1450.0
Morocco,MAR,1998,67.7989268292683,54.8,2.902,3.91506476,55.38168753,1450.0
Morocco,MAR,1999,68.139243902439,52.3,2.789,3.98521459,55.30674617,1400.0
Morocco,MAR,2000,68.4976097560976,50.0,2.691,4.1805133,53.46027489,1380.0
Morocco,MAR,2001,68.872,47.9,2.611,4.4385331,57.24340708,1390.0
Morocco,MAR,2002,69.2564146341464,45.8,2.55,5.30833933,72.64136553,1370.0
Morocco,MAR,2003,69.6453658536585,43.9,2.506,5.25177742,87.76712825,1540.0
Morocco,MAR,2004,70.0388292682927,42.1,2.479,5.21554804,98.6985312,1840.0
Morocco,MAR,2005,70.4398292682927,40.4,2.466,5.05803376,99.08463155,2070.0
Morocco,MAR,2006,70.8524390243903,38.8,2.468,5.23396796,111.93963065,2250.0
Morocco,MAR,2007,71.2776341463415,37.3,2.48,5.47518256,132.80990507,2390.0
Morocco,MAR,2008,71.7114146341464,35.8,2.498,5.41489757,153.51311657,2710.0
Morocco,MAR,2009,72.1482195121951,34.5,2.518,5.66551271,162.39539042,2900.0
Morocco,MAR,2010,72.5769268292683,33.1,2.535,5.85885463,165.63363843,2950.0
Morocco,MAR,2011,72.9854390243902,31.9,2.544,5.98875179,182.63632132,3020.0
Morocco,MAR,2012,73.3646585365854,30.7,2.545,6.14685256,178.7231795,3000.0
Morocco,MAR,2013,73.7090487804878,29.7,2.535,5.93534584,184.23049694,3120.0
Morocco,MAR,2014,74.0160975609756,28.6,2.515,5.90777806,190.05396963,3080.0
Morocco,MAR,2015,,27.6,,,,3040.0
Mozambique,MOZ,1985,41.7720975609756,253.8,6.398,,,260.0
Mozambique,MOZ,1986,41.9675365853659,251.2,6.373,,,320.0
Mozambique,MOZ,1987,42.2098780487805,248.5,6.345,,,290.0
Mozambique,MOZ,1988,42.4816341463415,245.7,6.313,,,230.0
Mozambique,MOZ,1989,42.7818292682927,242.8,6.277,,,190.0
Mozambique,MOZ,1990,43.1259024390244,239.7,6.236,,,180.0
Mozambique,MOZ,1991,43.5373170731707,236.4,6.19,,,200.0
Mozambique,MOZ,1992,44.0285609756098,232.4,6.138,,,180.0
Mozambique,MOZ,1993,44.5976829268293,227.7,6.084,,,180.0
Mozambique,MOZ,1994,45.2312195121951,222.0,6.027,,,160.0
Mozambique,MOZ,1995,45.898756097561,215.2,5.973,5.29972329,7.63121896,160.0
Mozambique,MOZ,1996,46.5634146341463,207.4,5.925,4.28251783,8.45951486,200.0
Mozambique,MOZ,1997,47.1902926829268,198.8,5.884,4.63095397,10.45703892,230.0
Mozambique,MOZ,1998,47.7569268292683,189.5,5.853,4.52070796,11.28905686,260.0
Mozambique,MOZ,1999,48.2548536585366,180.1,5.831,5.28541777,13.48938964,280.0
Mozambique,MOZ,2000,48.6866097560976,171.1,5.816,6.16162092,14.54027927,280.0
Mozambique,MOZ,2001,49.0702195121951,162.5,5.805,5.64277897,12.23614726,270.0
Mozambique,MOZ,2002,49.4360731707317,154.5,5.794,6.44871089,14.00257337,240.0
Mozambique,MOZ,2003,49.8115853658537,147.1,5.78,6.3923101,14.96740174,270.0
Mozambique,MOZ,2004,50.2096341463415,140.2,5.761,5.91276381,16.41602839,310.0
Mozambique,MOZ,2005,50.6416097560976,133.8,5.736,6.86781935,21.38531197,350.0
Mozambique,MOZ,2006,51.1152682926829,127.8,5.707,6.51278626,21.25979085,370.0
Mozambique,MOZ,2007,51.6220975609756,120.1,5.674,5.25271234,21.41411052,400.0
Mozambique,MOZ,2008,52.1505609756098,113.6,5.64,4.91337392,23.61134593,440.0
Mozambique,MOZ,2009,52.6912682926829,107.6,5.603,5.43496409,24.63427787,480.0
Mozambique,MOZ,2010,53.2269024390244,102.8,5.564,5.3803234,22.38533897,460.0
Mozambique,MOZ,2011,53.7382926829268,97.5,5.521,6.23470157,32.88981437,480.0
Mozambique,MOZ,2012,54.2121219512195,90.9,5.472,5.57950644,32.38126824,520.0
Mozambique,MOZ,2013,54.641512195122,85.6,5.418,5.89790701,34.44457522,590.0
Mozambique,MOZ,2014,55.0259512195122,81.2,5.359,6.97558186,41.99657338,620.0
Mozambique,MOZ,2015,,78.5,,,,580.0
Myanmar,MMR,1985,56.8639268292683,124.3,4.256,,,
Myanmar,MMR,1986,57.2368048780488,121.3,4.077,,,
Myanmar,MMR,1987,57.6061707317073,118.5,3.901,,,
Myanmar,MMR,1988,57.9730243902439,115.6,3.735,,,
Myanmar,MMR,1989,58.3358536585366,112.7,3.584,,,
Myanmar,MMR,1990,58.6941707317073,109.9,3.451,,,
Myanmar,MMR,1991,59.0484878048781,107.0,3.337,,,
Myanmar,MMR,1992,59.3963170731707,104.1,3.241,,,
Myanmar,MMR,1993,59.7391707317073,101.1,3.159,,,
Myanmar,MMR,1994,60.0770487804878,98.2,3.091,,,
Myanmar,MMR,1995,60.4114390243902,95.4,3.036,2.13968736,2.41166044,
Myanmar,MMR,1996,60.7459024390244,92.7,2.994,2.11617213,2.38738615,
Myanmar,MMR,1997,61.0799024390244,90.0,2.964,1.8029385,1.82859981,
Myanmar,MMR,1998,61.4144390243902,87.4,2.94,1.58875431,1.90053147,
Myanmar,MMR,1999,61.7489756097561,84.8,2.921,1.55548364,2.44906588,
Myanmar,MMR,2000,62.078,82.3,2.903,1.83678367,3.19474847,
Myanmar,MMR,2001,62.3989512195122,79.9,2.88,1.80049104,2.46742747,
Myanmar,MMR,2002,62.7073170731707,77.5,2.851,2.05040164,2.81826538,
Myanmar,MMR,2003,63.0020731707317,75.2,2.814,1.96630795,3.71089087,
Myanmar,MMR,2004,63.2832195121951,72.8,2.769,1.96873038,4.57152046,
Myanmar,MMR,2005,63.5552682926829,70.5,2.714,1.83009783,4.74102736,
Myanmar,MMR,2006,63.824243902439,68.1,2.652,1.77640517,5.36003275,
Myanmar,MMR,2007,64.0936829268293,65.8,2.585,1.68461292,6.93670065,
Myanmar,MMR,2008,64.3676097560976,87.2,2.517,1.87462274,9.82697082,
Myanmar,MMR,2009,64.6435609756098,61.4,2.449,2.04583935,13.19643897,
Myanmar,MMR,2010,64.9174878048781,59.3,2.386,1.92028227,15.24817471,
Myanmar,MMR,2011,65.1809024390244,57.2,2.33,1.86845552,19.07431371,
Myanmar,MMR,2012,65.4277804878049,55.3,2.28,2.21823163,23.66903777,
Myanmar,MMR,2013,65.6540975609756,53.5,2.239,2.15820037,17.93361636,
Myanmar,MMR,2014,65.8578536585366,51.7,2.204,2.27575459,20.28780579,1280.0
Myanmar,MMR,2015,,50.0,,,,
Namibia,NAM,1985,59.8390487804878,87.0,5.893,,,1380.0
Namibia,NAM,1986,60.204512195122,83.9,5.76,,,1390.0
Namibia,NAM,1987,60.541512195122,81.1,5.625,,,1650.0
Namibia,NAM,1988,60.8368780487805,78.3,5.491,,,1730.0
Namibia,NAM,1989,61.0725365853659,75.7,5.358,,,1890.0
Namibia,NAM,1990,61.2249512195122,73.5,5.227,,,2020.0
Namibia,NAM,1991,61.2691219512195,71.7,5.098,,,2170.0
Namibia,NAM,1992,61.19,70.4,4.97,,,2310.0
Namibia,NAM,1993,60.9770487804878,69.7,4.842,,,2220.0
Namibia,NAM,1994,60.6261951219512,69.7,4.715,,,2260.0
Namibia,NAM,1995,60.0949756097561,70.2,4.589,6.20761231,131.45709029,2420.0
Namibia,NAM,1996,59.3363902439024,71.2,4.466,6.57743022,134.66349179,2450.0
Namibia,NAM,1997,58.3749268292683,72.4,4.345,6.84305465,141.49433686,2420.0
Namibia,NAM,1998,57.2774634146342,73.7,4.229,6.83677463,128.38231423,2270.0
Namibia,NAM,1999,56.1393414634146,74.9,4.119,6.97096872,127.06805483,2130.0
Namibia,NAM,2000,55.1207073170732,75.7,4.018,6.11401617,125.9105567,2110.0
Namibia,NAM,2001,54.4046829268293,76.0,3.926,6.17906153,113.49460951,1970.0
Namibia,NAM,2002,54.1050975609756,75.8,3.844,6.16746382,105.88864128,1900.0
Namibia,NAM,2003,54.2789756097561,75.2,3.773,6.52403029,162.44082645,2170.0
Namibia,NAM,2004,54.9234634146341,73.9,3.714,6.47197619,213.50274867,2760.0
Namibia,NAM,2005,55.9774390243903,71.7,3.667,7.31871061,262.17406419,3390.0
Namibia,NAM,2006,57.3248780487805,68.4,3.635,7.19928741,279.66485749,3880.0
Namibia,NAM,2007,58.7808048780488,64.0,3.616,6.99321064,293.43263674,4140.0
Namibia,NAM,2008,60.1840731707317,60.1,3.608,7.14986622,285.98162465,4200.0
Namibia,NAM,2009,61.4409024390244,56.7,3.606,8.05232515,332.04679535,4120.0
Namibia,NAM,2010,62.4802926829268,53.8,3.605,7.89329936,405.64109962,4360.0
Namibia,NAM,2011,63.2771707317073,51.6,3.6,8.78046547,486.4689706,4970.0
Namibia,NAM,2012,63.8811463414634,49.9,3.586,8.23537727,467.89893267,5450.0
Namibia,NAM,2013,64.3438780487805,47.7,3.56,8.52898331,470.04414484,5730.0
Namibia,NAM,2014,64.6801951219512,46.4,3.522,8.92868766,499.01568382,5670.0
Namibia,NAM,2015,,45.4,,,,5210.0
Nauru,NRU,1985,,,,,,
Nauru,NRU,1986,,,,,,
Nauru,NRU,1987,,,,,,
Nauru,NRU,1988,,,,,,
Nauru,NRU,1989,,,,,,
Nauru,NRU,1990,,56.9,,,,
Nauru,NRU,1991,,54.9,,,,
Nauru,NRU,1992,,53.1,,,,
Nauru,NRU,1993,,51.3,,,,
Nauru,NRU,1994,,49.6,,,,
Nauru,NRU,1995,,48.0,,13.18234457,460.85717364,
Nauru,NRU,1996,,46.4,,12.39754194,417.00996806,
Nauru,NRU,1997,,44.9,,12.57622185,376.73632442,
Nauru,NRU,1998,,43.5,,13.23836951,315.99387309,
Nauru,NRU,1999,,42.2,,13.079891,320.06146677,
Nauru,NRU,2000,,41.2,,13.49695197,291.87993551,
Nauru,NRU,2001,,40.3,,14.27627969,270.34264344,
Nauru,NRU,2002,,39.5,,15.56524263,294.57042962,
Nauru,NRU,2003,,39.0,,14.40901784,343.97093913,
Nauru,NRU,2004,,38.8,,11.62229274,317.45159093,
Nauru,NRU,2005,,38.7,,12.57138688,326.78166902,
Nauru,NRU,2006,,39.0,,13.54904504,340.59830256,
Nauru,NRU,2007,,39.3,,19.14755531,439.23575764,
Nauru,NRU,2008,,39.7,,16.44113877,679.86484133,
Nauru,NRU,2009,,39.7,,9.45726812,511.5599565,
Nauru,NRU,2010,,39.4,,9.10349444,567.49963114,
Nauru,NRU,2011,,38.8,,7.66603943,655.53265629,
Nauru,NRU,2012,,38.1,,6.96990224,834.00056519,
Nauru,NRU,2013,,37.2,,4.65114671,702.3177442,
Nauru,NRU,2014,,36.3,,3.32664948,516.4416809,
Nauru,NRU,2015,,35.4,,,,
Nepal,NPL,1985,50.1062682926829,176.5,5.49,,,160.0
Nepal,NPL,1986,50.8802926829268,169.5,5.431,,,170.0
Nepal,NPL,1987,51.6782195121951,162.3,5.371,,,180.0
Nepal,NPL,1988,52.5000243902439,155.1,5.308,,,210.0
Nepal,NPL,1989,53.3396829268293,147.9,5.242,,,210.0
Nepal,NPL,1990,54.1947317073171,140.7,5.172,,,210.0
Nepal,NPL,1991,55.0586341463415,133.6,5.097,,,210.0
Nepal,NPL,1992,55.924487804878,126.7,5.015,,,200.0
Nepal,NPL,1993,56.7852926829268,120.0,4.926,,,190.0
Nepal,NPL,1994,57.6330975609756,113.7,4.828,,,200.0
Nepal,NPL,1995,58.4644146341464,107.7,4.72,5.31416561,10.49326077,210.0
Nepal,NPL,1996,59.2772926829268,101.8,4.6,5.41855,10.8621274,210.0
Nepal,NPL,1997,60.0716829268293,96.3,4.47,5.49900875,11.87359043,220.0
Nepal,NPL,1998,60.8476097560976,90.8,4.33,6.61012007,13.18159503,210.0
Nepal,NPL,1999,61.6000975609756,85.6,4.182,5.87262507,12.62503712,220.0
Nepal,NPL,2000,62.3266341463415,80.6,4.03,5.42826192,12.20516831,230.0
Nepal,NPL,2001,63.0221951219512,75.9,3.877,5.36080541,13.08151246,240.0
Nepal,NPL,2002,63.6868048780488,71.5,3.724,5.60111826,13.47821948,240.0
Nepal,NPL,2003,64.3204390243903,67.4,3.575,5.48432085,14.25653887,260.0
Nepal,NPL,2004,64.9225853658537,63.5,3.43,5.82296493,16.83585665,290.0
Nepal,NPL,2005,65.4942926829268,60.0,3.289,5.72405361,18.53383974,310.0
Nepal,NPL,2006,66.0360731707317,56.6,3.151,5.69674996,19.85499235,340.0
Nepal,NPL,2007,66.5519268292683,53.6,3.012,5.84111345,24.55968278,380.0
Nepal,NPL,2008,67.0453658536585,50.7,2.873,6.43595472,28.58463504,440.0
Nepal,NPL,2009,67.5183902439025,48.0,2.737,6.40782169,30.69813693,490.0
Nepal,NPL,2010,67.9714878048781,45.4,2.606,6.43130604,38.95948969,540.0
Nepal,NPL,2011,68.4066341463415,43.1,2.486,6.72915248,45.72228723,610.0
Nepal,NPL,2012,68.8233170731707,40.9,2.381,5.8926379,38.41344055,690.0
Nepal,NPL,2013,69.222,39.0,2.292,5.6862681,37.18347407,720.0
Nepal,NPL,2014,69.6046829268293,37.4,2.222,5.797226,39.86817954,730.0
Nepal,NPL,2015,,35.8,,,,730.0
Netherlands,NLD,1985,76.2846341463415,9.7,1.51,,,10200.0
Netherlands,NLD,1986,76.2704878048781,9.5,1.55,,,11540.0
Netherlands,NLD,1987,76.7051219512195,9.2,1.56,,,14530.0
Netherlands,NLD,1988,76.890243902439,8.9,1.55,,,18340.0
Netherlands,NLD,1989,76.7341463414634,8.6,1.55,,,19290.0
Netherlands,NLD,1990,76.8780487804878,8.3,1.62,,,20060.0
Netherlands,NLD,1991,77.0,8.0,1.61,,,21010.0
Netherlands,NLD,1992,77.2170731707317,7.7,1.59,,,23230.0
Netherlands,NLD,1993,76.9165853658537,7.4,1.57,,,23730.0
Netherlands,NLD,1994,77.3751219512195,7.1,1.57,,,25050.0
Netherlands,NLD,1995,77.4046341463415,6.9,1.53,7.44174214,2261.89049062,27340.0
Netherlands,NLD,1996,77.4356097560976,6.7,1.53,7.47714281,2215.26710557,29400.0
Netherlands,NLD,1997,77.7943902439024,6.5,1.56,7.47835631,1973.73432165,29490.0
Netherlands,NLD,1998,77.8829268292683,6.4,1.63,7.56008731,2073.6794786,27930.0
Netherlands,NLD,1999,77.8365853658537,6.3,1.65,7.52968629,2111.5732825,28370.0
Netherlands,NLD,2000,77.9878048780488,6.2,1.72,7.42331959,1931.79111729,28560.0
Netherlands,NLD,2001,78.190243902439,6.1,1.71,7.79322671,2079.41149579,27180.0
Netherlands,NLD,2002,78.2926829268293,5.9,1.73,8.34457362,2411.35549122,26800.0
Netherlands,NLD,2003,78.4926829268293,5.7,1.75,8.45717558,2986.76124097,30700.0
Netherlands,NLD,2004,79.0951219512195,5.6,1.72,8.52118682,3409.73734833,37300.0
Netherlands,NLD,2005,79.3463414634146,5.4,1.71,9.59771913,3993.99847492,42390.0
Netherlands,NLD,2006,79.6975609756098,5.2,1.72,9.35703746,4162.44213964,46080.0
Netherlands,NLD,2007,80.0975609756098,5.0,1.72,9.35717394,4801.72824025,49390.0
Netherlands,NLD,2008,80.2512195121951,4.8,1.77,9.57126055,5462.48845102,52460.0
Netherlands,NLD,2009,80.5487804878049,4.6,1.79,10.29027545,5355.07274159,53520.0
Netherlands,NLD,2010,80.7024390243902,4.4,1.79,10.47572212,5286.46555152,53530.0
Netherlands,NLD,2011,81.2048780487805,4.3,1.76,10.52716599,5649.19529313,54120.0
Netherlands,NLD,2012,81.1048780487805,4.2,1.72,11.01234745,5456.45265249,52500.0
Netherlands,NLD,2013,81.3048780487805,4.0,1.68,11.0448661,5688.44151021,52470.0
Netherlands,NLD,2014,81.3048780487805,3.9,1.68,10.89729305,5693.85992057,51250.0
Netherlands,NLD,2015,,3.8,,,,48940.0
New Caledonia,NCL,1985,68.7658536585366,,3.0,,,5510.0
New Caledonia,NCL,1986,69.0634146341463,,3.17,,,6170.0
New Caledonia,NCL,1987,69.4268292682927,,3.25,,,8070.0
New Caledonia,NCL,1988,69.4536585365854,,3.1,,,13270.0
New Caledonia,NCL,1989,69.0853658536585,,2.97,,,14530.0
New Caledonia,NCL,1990,70.4853658536586,,3.19,,,14760.0
New Caledonia,NCL,1991,70.3585365853659,,3.15,,,15200.0
New Caledonia,NCL,1992,71.6146341463415,,2.99,,,16070.0
New Caledonia,NCL,1993,71.6560975609756,,2.86,,,16340.0
New Caledonia,NCL,1994,70.6731707317073,,2.7,,,16780.0
New Caledonia,NCL,1995,72.009756097561,,2.59,,,18220.0
New Caledonia,NCL,1996,71.9975609756098,,2.65,,,18240.0
New Caledonia,NCL,1997,71.7390243902439,,2.67,,,17810.0
New Caledonia,NCL,1998,74.3756097560976,,2.55,,,15730.0
New Caledonia,NCL,1999,73.8756097560976,,2.48,,,14810.0
New Caledonia,NCL,2000,75.1634146341463,,2.59,,,14020.0
New Caledonia,NCL,2001,74.8317073170732,,2.43,,,
New Caledonia,NCL,2002,75.1024390243903,,2.33,,,
New Caledonia,NCL,2003,75.2707317073171,,2.27,,,
New Caledonia,NCL,2004,75.5146341463415,,2.18,,,
New Caledonia,NCL,2005,75.1682926829268,,2.2,,,
New Caledonia,NCL,2006,76.4609756097561,,2.29,,,
New Caledonia,NCL,2007,75.9463414634146,,2.2,,,
New Caledonia,NCL,2008,76.4560975609756,,2.2,,,
New Caledonia,NCL,2009,76.9658536585366,,2.2,,,
New Caledonia,NCL,2010,77.4731707317073,,2.17,,,
New Caledonia,NCL,2011,76.7268292682927,,2.15,,,
New Caledonia,NCL,2012,77.1219512195122,,2.28,,,
New Caledonia,NCL,2013,77.3219512195122,,2.26,,,
New Caledonia,NCL,2014,77.5731707317073,,2.24,,,
New Caledonia,NCL,2015,,,,,,
New Zealand,NZL,1985,73.8292682926829,13.8,1.93,,,6950.0
New Zealand,NZL,1986,74.1219512195122,13.4,1.96,,,7860.0
New Zealand,NZL,1987,74.1780487804878,12.9,2.03,,,10010.0
New Zealand,NZL,1988,74.4243902439024,12.4,2.1,,,12550.0
New Zealand,NZL,1989,74.8243902439024,11.8,2.12,,,13570.0
New Zealand,NZL,1990,75.3780487804878,11.2,2.18,,,13640.0
New Zealand,NZL,1991,76.0317073170732,10.6,2.16,,,12160.0
New Zealand,NZL,1992,76.1243902439025,10.0,2.12,,,12050.0
New Zealand,NZL,1993,76.4341463414634,9.5,2.05,,,12360.0
New Zealand,NZL,1994,76.8829268292683,9.1,2.0,,,13400.0
New Zealand,NZL,1995,76.7341463414634,8.7,1.99,6.94847197,1202.80555761,15270.0
New Zealand,NZL,1996,76.7878048780488,8.4,1.96,6.89050912,1291.82227427,16720.0
New Zealand,NZL,1997,77.3341463414634,8.1,1.96,7.09832031,1307.63805987,17160.0
New Zealand,NZL,1998,78.0853658536585,7.8,1.89,7.51341548,1129.67643559,15760.0
New Zealand,NZL,1999,77.890243902439,7.6,1.97,7.39729916,1157.64107326,15040.0
New Zealand,NZL,2000,78.6365853658537,7.4,1.98,7.47004809,1056.08026654,14070.0
New Zealand,NZL,2001,78.6926829268293,7.2,1.97,7.57891522,1058.84151076,13800.0
New Zealand,NZL,2002,78.8463414634146,7.0,1.89,7.8905146,1261.33797156,14210.0
New Zealand,NZL,2003,79.1463414634146,6.9,1.93,7.71206749,1623.88432472,17010.0
New Zealand,NZL,2004,79.5487804878049,6.7,1.98,7.8882147,1992.66435675,21510.0
New Zealand,NZL,2005,79.8512195121951,6.6,1.97,8.24881468,2307.09691243,25520.0
New Zealand,NZL,2006,80.0487804878049,6.5,2.01,8.64627633,2315.65412324,26380.0
New Zealand,NZL,2007,80.1512195121951,6.4,2.18,8.35417746,2713.53514314,28020.0
New Zealand,NZL,2008,80.3512195121951,6.4,2.19,10.6984593,3318.76752161,28290.0
New Zealand,NZL,2009,80.7024390243902,6.3,2.13,11.20574784,3145.23658292,29390.0
New Zealand,NZL,2010,80.7024390243902,6.2,2.17,11.1979699,3742.56022226,29340.0
New Zealand,NZL,2011,80.9048780487805,6.1,2.09,11.24147297,4251.40305286,31850.0
New Zealand,NZL,2012,81.1560975609756,6.0,2.1,11.53033809,4470.85877142,36440.0
New Zealand,NZL,2013,81.4073170731707,5.9,2.01,11.17351069,4661.79537108,39170.0
New Zealand,NZL,2014,81.4048780487805,5.8,1.92,11.0296101,4896.34802527,41370.0
New Zealand,NZL,2015,,5.7,,,,40080.0
Nicaragua,NIC,1985,60.6678292682927,82.7,5.448,,,690.0
Nicaragua,NIC,1986,61.2551707317073,78.9,5.278,,,760.0
Nicaragua,NIC,1987,61.9100731707317,75.6,5.104,,,860.0
Nicaragua,NIC,1988,62.6199024390244,72.6,4.931,,,680.0
Nicaragua,NIC,1989,63.3704878048781,69.7,4.762,,,370.0
Nicaragua,NIC,1990,64.135,66.9,4.597,,,310.0
Nicaragua,NIC,1991,64.8840975609756,64.0,4.433,,,220.0
Nicaragua,NIC,1992,65.5914146341463,61.2,4.27,,,240.0
Nicaragua,NIC,1993,66.2391463414634,58.3,4.105,,,300.0
Nicaragua,NIC,1994,66.8216341463415,55.5,3.942,,,450.0
Nicaragua,NIC,1995,67.342756097561,52.7,3.78,6.48283057,58.07712624,620.0
Nicaragua,NIC,1996,67.818,50.0,3.623,6.40874856,58.73392203,880.0
Nicaragua,NIC,1997,68.2740975609756,47.4,3.473,5.26920643,48.3254891,890.0
Nicaragua,NIC,1998,68.7288048780488,50.3,3.331,5.62660864,53.55910446,890.0
Nicaragua,NIC,1999,69.190243902439,42.5,3.201,5.3151022,52.14554311,930.0
Nicaragua,NIC,2000,69.6580731707317,40.3,3.083,5.38943363,54.78201671,970.0
Nicaragua,NIC,2001,70.1274146341463,38.3,2.978,5.25911894,55.17914304,980.0
Nicaragua,NIC,2002,70.5858780487805,36.4,2.887,5.71455164,57.71999608,970.0
Nicaragua,NIC,2003,71.025,34.7,2.807,6.11615628,62.11095361,1010.0
Nicaragua,NIC,2004,71.4429024390244,33.2,2.738,6.1259658,66.83482639,1100.0
Nicaragua,NIC,2005,71.8380975609756,31.7,2.677,6.11145325,71.81656431,1180.0
Nicaragua,NIC,2006,72.2130243902439,30.4,2.622,6.33185521,78.8406046,1210.0
Nicaragua,NIC,2007,72.5716585365854,29.2,2.571,6.91390603,93.37830416,1300.0
Nicaragua,NIC,2008,72.9184146341464,28.1,2.522,6.98285453,105.98603599,1410.0
Nicaragua,NIC,2009,73.2547804878049,27.1,2.475,6.81780512,100.83347949,1410.0
Nicaragua,NIC,2010,73.5817317073171,26.1,2.428,6.57853535,100.22253648,1480.0
Nicaragua,NIC,2011,73.9012926829269,25.2,2.383,6.39394228,107.40227109,1600.0
Nicaragua,NIC,2012,74.2124634146341,24.4,2.34,8.04170642,143.13190911,1700.0
Nicaragua,NIC,2013,74.514756097561,23.5,2.3,8.42894257,153.82741485,1790.0
Nicaragua,NIC,2014,74.8101463414634,22.8,2.264,9.04013941,177.46289523,1870.0
Nicaragua,NIC,2015,,22.1,,,,1940.0
Niger,NER,1985,41.7193902439024,332.9,7.633,,,220.0
Niger,NER,1986,42.1183414634146,335.8,7.653,,,250.0
Niger,NER,1987,42.5261951219512,336.9,7.673,,,280.0
Niger,NER,1988,42.9620731707317,335.7,7.692,,,330.0
Niger,NER,1989,43.4345365853659,332.9,7.708,,,330.0
Niger,NER,1990,43.9511951219512,328.2,7.721,,,300.0
Niger,NER,1991,44.5166097560976,321.9,7.73,,,290.0
Niger,NER,1992,45.1238292682927,313.7,7.737,,,280.0
Niger,NER,1993,45.7653170731707,303.8,7.742,,,230.0
Niger,NER,1994,46.4360487804878,292.2,7.746,,,200.0
Niger,NER,1995,47.129,279.5,7.749,6.65027544,12.47358633,190.0
Niger,NER,1996,47.8395853658537,267.1,7.749,6.29984378,12.20641302,190.0
Niger,NER,1997,48.5592195121951,255.9,7.748,6.72678981,11.57563097,190.0
Niger,NER,1998,49.2802926829268,245.8,7.746,6.79184785,12.87562905,200.0
Niger,NER,1999,49.9972195121951,236.4,7.742,6.8183244,12.05349981,180.0
Niger,NER,2000,50.6979512195122,227.3,7.738,6.00536329,8.91440488,170.0
Niger,NER,2001,51.3720243902439,217.6,7.732,7.00950375,10.91922388,170.0
Niger,NER,2002,52.0213902439024,207.0,7.725,6.55041776,11.20318479,170.0
Niger,NER,2003,52.6545609756098,195.7,7.718,6.23256935,13.13456569,190.0
Niger,NER,2004,53.2824390243903,184.1,7.71,6.60998896,14.73464519,220.0
Niger,NER,2005,53.9368536585366,172.7,7.702,7.14963764,17.86071119,250.0
Niger,NER,2006,54.6545609756098,161.8,7.695,7.39442881,19.26720113,260.0
Niger,NER,2007,55.4550243902439,151.3,7.688,6.93941879,20.46123656,280.0
Niger,NER,2008,56.3372926829268,141.3,7.682,6.75786887,24.20611728,320.0
Niger,NER,2009,57.2850243902439,132.1,7.675,6.97831587,24.03162107,330.0
Niger,NER,2010,58.259,123.6,7.667,6.36161217,22.32965392,360.0
Niger,NER,2011,59.2045609756098,116.1,7.656,6.66032034,25.19986153,360.0
Niger,NER,2012,60.0725365853659,109.6,7.642,6.10930646,23.16416045,390.0
Niger,NER,2013,60.8281463414634,104.1,7.623,5.0897826,20.7793519,400.0
Niger,NER,2014,61.4584878048781,99.6,7.599,5.82129922,24.39611462,420.0
Niger,NER,2015,,95.5,,,,390.0
Nigeria,NGA,1985,46.3452926829268,209.5,6.698,,,370.0
Nigeria,NGA,1986,46.3182682926829,210.6,6.664,,,280.0
Nigeria,NGA,1987,46.2636585365854,211.5,6.625,,,240.0
Nigeria,NGA,1988,46.203,212.2,6.582,,,280.0
Nigeria,NGA,1989,46.1498292682927,212.6,6.537,,,270.0
Nigeria,NGA,1990,46.1102682926829,212.5,6.49,,,290.0
Nigeria,NGA,1991,46.0869512195122,212.2,6.443,,,270.0
Nigeria,NGA,1992,46.0749512195122,211.7,6.395,,,270.0
Nigeria,NGA,1993,46.0728292682927,211.0,6.348,,,190.0
Nigeria,NGA,1994,46.0855609756098,209.7,6.303,,,170.0
Nigeria,NGA,1995,46.1140731707317,207.8,6.262,2.76977928,37.68386627,170.0
Nigeria,NGA,1996,46.1597804878049,205.1,6.224,2.91602821,53.95092573,230.0
Nigeria,NGA,1997,46.224512195122,201.4,6.19,2.91599247,54.63839372,280.0
Nigeria,NGA,1998,46.3156585365854,197.0,6.159,3.46834069,61.41708976,270.0
Nigeria,NGA,1999,46.4426829268293,192.0,6.131,3.37741321,16.25837008,
Nigeria,NGA,2000,46.624,186.8,6.106,2.83703653,17.2219134,270.0
Nigeria,NGA,2001,46.8811707317073,181.3,6.083,3.24623068,18.2840199,310.0
Nigeria,NGA,2002,47.2197317073171,175.6,6.06,2.43166603,17.88547038,350.0
Nigeria,NGA,2003,47.6377317073171,169.9,6.036,4.04693455,38.50264864,410.0
Nigeria,NGA,2004,48.1256585365854,164.1,6.011,4.32750562,44.93786051,610.0
Nigeria,NGA,2005,48.6664878048781,158.1,5.985,4.10629745,53.08567883,660.0
Nigeria,NGA,2006,49.2361463414634,152.2,5.958,3.65686026,61.01491269,840.0
Nigeria,NGA,2007,49.8081463414634,146.4,5.93,4.4733267,81.36762333,970.0
Nigeria,NGA,2008,50.3574390243903,140.9,5.902,3.99807623,88.52018851,1160.0
Nigeria,NGA,2009,50.8685609756098,135.5,5.873,4.23500082,74.36452452,1160.0
Nigeria,NGA,2010,51.329512195122,130.3,5.84,3.47052573,80.34139448,1460.0
Nigeria,NGA,2011,51.7378048780488,125.5,5.802,3.68701062,93.22631449,1720.0
Nigeria,NGA,2012,52.105,120.9,5.758,3.2990842,90.38961745,2470.0
Nigeria,NGA,2013,52.4421463414634,116.6,5.707,3.70392576,110.37120288,2680.0
Nigeria,NGA,2014,52.7542682926829,112.5,5.65,3.66879844,117.52054496,2970.0
Nigeria,NGA,2015,,108.8,,,,2820.0
North America,NAC,1985,74.7344828278507,12.4303716850107,1.82642359929575,,,17141.234626597
North America,NAC,1986,74.7942257420614,12.1320946218376,1.82107316861468,,,18696.2757321017
North America,NAC,1987,74.9607682138888,11.9242842998606,1.85251937761639,,,20939.9360623399
North America,NAC,1988,74.9683549540161,11.6249018978946,1.90814386983981,,,23075.0363412861
North America,NAC,1989,75.2216220119732,11.3340510564464,1.98898043854183,,,23445.4489211488
North America,NAC,1990,75.4312646802252,10.9431735956796,2.05518834420533,,,23786.2729614699
North America,NAC,1991,75.5847222166171,10.6437838716941,2.02523029352372,,,24008.0289408418
North America,NAC,1992,75.7875360754574,10.2538205707079,2.01152225643822,,,25321.5540035479
North America,NAC,1993,75.6457449562531,9.86452637414318,1.98680186483452,,,25940.8912435
North America,NAC,1994,75.8428975696694,9.57586085281771,1.96763166233875,,,27054.4957601493
North America,NAC,1995,75.8558452796291,9.27926502457502,1.94357020539104,12.7779709658539,3593.91842592597,28311.7711663395
North America,NAC,1996,76.2454658153939,8.99171958270803,1.93706656036008,12.7267232088712,3735.39078189309,29424.2013715813
North America,NAC,1997,76.6325113409756,8.70422004218331,1.9284146804933,12.6554108228813,3894.93040157213,30382.3712653895
North America,NAC,1998,76.7862188124043,8.51636992683276,1.95172830686877,12.7169653465126,4060.71514330746,31035.1207024497
North America,NAC,1999,76.8095480778856,8.42005759780809,1.95753185207485,12.7114123234079,4267.84086429593,32552.0005854946
North America,NAC,2000,76.8924319640993,8.23076942582189,1.99929959613445,12.7735640856157,4523.96215132969,34750.4080505132
North America,NAC,2001,77.0974743488204,8.14032363751756,1.97785774241643,13.4284009249976,4847.35952741369,35476.1382266659
North America,NAC,2002,77.1976618025668,8.048774895486,1.9703776422143,14.2148839327666,5250.02963543196,36085.5856479145
North America,NAC,2003,77.3126549124377,7.94870365569387,1.99561882485571,14.6616583128685,5669.78461237244,38509.0156708204
North America,NAC,2004,77.7493524163289,7.94774876659395,1.99921039084966,14.7063374130088,6043.6929221654,42272.2569123206
North America,NAC,2005,77.7644442578737,7.85366206812981,2.00518836510174,14.696400517228,6419.06572075534,45131.9595513675
North America,NAC,2006,77.9567555252686,7.75125626326403,2.05567432070072,14.7914992013887,6809.71072462739,47064.409099771
North America,NAC,2007,78.2484460492843,7.64836523712767,2.0736898833673,15.039403694893,7203.91768810682,47921.4550432795
North America,NAC,2008,78.313804671785,7.54523235263495,2.0326329624165,15.4520894058214,7480.2872616796,48882.3624613825
North America,NAC,2009,78.6592173450631,7.35036817106091,1.96829970332811,16.493223595007,7683.06526667303,47572.3675018686
North America,NAC,2010,78.8259382028387,7.24756472984833,1.90025039659777,16.4507616344978,7980.00566109671,48513.1739005267
North America,NAC,2011,78.9106037424856,7.04521576949474,1.86574622354628,16.4126348941975,8240.16827246142,50130.8644115104
North America,NAC,2012,79.0229710546551,6.94344793049609,1.85311257202741,16.384409491848,8483.87243528936,52391.2971019099
North America,NAC,2013,79.1340646757658,6.75110068426821,1.83238217902966,16.2787169985488,8651.07571958835,53570.1703038392
North America,NAC,2014,79.2441018256226,6.55072198826404,1.83593021611654,16.516896661001,8990.31491684122,54144.5190994599
North America,NAC,2015,,6.35972868854949,,,,54216.7234964948
Northern Mariana Islands,MNP,1985,,,,,,
Northern Mariana Islands,MNP,1986,,,,,,
Northern Mariana Islands,MNP,1987,,,,,,
Northern Mariana Islands,MNP,1988,,,,,,
Northern Mariana Islands,MNP,1989,,,,,,
Northern Mariana Islands,MNP,1990,,,,,,
Northern Mariana Islands,MNP,1991,,,,,,
Northern Mariana Islands,MNP,1992,,,,,,
Northern Mariana Islands,MNP,1993,,,,,,
Northern Mariana Islands,MNP,1994,,,,,,
Northern Mariana Islands,MNP,1995,,,,,,
Northern Mariana Islands,MNP,1996,,,,,,
Northern Mariana Islands,MNP,1997,,,,,,
Northern Mariana Islands,MNP,1998,,,,,,
Northern Mariana Islands,MNP,1999,,,,,,
Northern Mariana Islands,MNP,2000,,,,,,
Northern Mariana Islands,MNP,2001,,,,,,
Northern Mariana Islands,MNP,2002,,,,,,
Northern Mariana Islands,MNP,2003,,,,,,
Northern Mariana Islands,MNP,2004,,,,,,
Northern Mariana Islands,MNP,2005,,,,,,
Northern Mariana Islands,MNP,2006,,,,,,
Northern Mariana Islands,MNP,2007,,,,,,
Northern Mariana Islands,MNP,2008,,,,,,
Northern Mariana Islands,MNP,2009,,,,,,
Northern Mariana Islands,MNP,2010,,,,,,
Northern Mariana Islands,MNP,2011,,,,,,
Northern Mariana Islands,MNP,2012,,,,,,
Northern Mariana Islands,MNP,2013,,,,,,
Northern Mariana Islands,MNP,2014,,,,,,
Northern Mariana Islands,MNP,2015,,,,,,
Norway,NOR,1985,75.9168292682927,10.2,1.68,,,15710.0
Norway,NOR,1986,76.2412195121951,10.3,1.71,,,17550.0
Norway,NOR,1987,76.0817073170732,10.1,1.74,,,20830.0
Norway,NOR,1988,76.2204878048781,9.8,1.84,,,23970.0
Norway,NOR,1989,76.500487804878,9.3,1.89,,,25080.0
Norway,NOR,1990,76.5373170731707,8.7,1.93,,,26510.0
Norway,NOR,1991,76.9807317073171,7.9,1.92,,,27830.0
Norway,NOR,1992,77.1843902439025,7.2,1.88,,,30790.0
Norway,NOR,1993,77.1517073170732,6.6,1.86,,,30220.0
Norway,NOR,1994,77.689756097561,6.1,1.87,,,30860.0
Norway,NOR,1995,77.7365853658537,5.7,1.87,7.71662839,2698.12883503,32700.0
Norway,NOR,1996,78.1504878048781,5.4,1.89,7.66637874,2868.62084472,35800.0
Norway,NOR,1997,78.1426829268293,5.2,1.86,8.23639913,3025.90844253,37920.0
Norway,NOR,1998,78.3292682926829,5.1,1.81,9.07038563,3165.80927162,36110.0
Norway,NOR,1999,78.2829268292683,5.0,1.85,9.14228558,3337.84183237,35550.0
Norway,NOR,2000,78.6341463414634,4.9,1.85,8.27250866,3164.81398608,36560.0
Norway,NOR,2001,78.7853658536585,4.7,1.78,8.64555138,3340.80044983,38250.0
Norway,NOR,2002,78.9878048780488,4.5,1.75,9.61619197,4153.81314958,39900.0
Norway,NOR,2003,79.390243902439,4.4,1.8,9.85260059,4951.23012551,44760.0
Norway,NOR,2004,79.8414634146342,4.2,1.83,9.44112199,5452.96104407,54110.0
Norway,NOR,2005,80.0414634146342,4.0,1.84,8.89402506,5961.31539313,63790.0
Norway,NOR,2006,80.3439024390244,3.9,1.9,8.43055064,6276.09152338,69980.0
Norway,NOR,2007,80.3951219512195,3.7,1.9,8.58441414,7351.78549913,78400.0
Norway,NOR,2008,80.5926829268293,3.5,1.96,8.4020757,8193.60807727,87350.0
Norway,NOR,2009,80.7951219512195,3.4,1.98,9.48566447,7637.19667625,87840.0
Norway,NOR,2010,80.9975609756098,3.2,1.95,9.2556665,8164.47401551,88430.0
Norway,NOR,2011,81.2951219512195,3.1,1.88,9.13551098,9249.82593689,90270.0
Norway,NOR,2012,81.4512195121951,3.0,1.85,9.15682812,9360.76949678,99100.0
Norway,NOR,2013,81.7512195121951,2.8,1.78,9.39187284,9719.98803692,104130.0
Norway,NOR,2014,81.7512195121951,2.7,1.78,9.71971755,9522.22165832,105810.0
Norway,NOR,2015,,2.6,,,,93820.0
OECD members,OED,1985,73.5213432389133,27.0653566367553,2.00697450565145,,,9551.70375047907
OECD members,OED,1986,73.7810548849963,25.8350303489882,1.97951134944228,,,10709.4364962892
OECD members,OED,1987,74.0710763702535,24.6933898889464,1.96627528320953,,,12807.3217138171
OECD members,OED,1988,74.2162979616143,23.5677868225737,1.97266255504658,,,15564.368120627
OECD members,OED,1989,74.4849299585851,22.478835242655,1.96311509988413,,,16410.6649645364
OECD members,OED,1990,74.6647632108435,21.3975945076851,1.97512991663566,,,17191.8822736782
OECD members,OED,1991,74.8636530319892,20.3604973606473,1.94972144820269,,,17860.498531094
OECD members,OED,1992,75.1424337748176,19.3548831045324,1.92476320793703,,,19358.4073958929
OECD members,OED,1993,75.264400365657,18.3874763409534,1.88623981110682,,,19842.1435440788
OECD members,OED,1994,75.5690191692596,17.4882288521879,1.86381284297229,,,20806.3302974737
OECD members,OED,1995,75.6791462312641,16.5961214627924,1.82659790465994,9.2273671795972,2100.13283431554,22104.3382961315
OECD members,OED,1996,76.0557205191063,15.7659387151737,1.81803333494275,9.33456769522096,2120.74417302237,23047.5533865297
OECD members,OED,1997,76.3948049216849,14.9695761134668,1.80509284356603,9.44484229632293,2091.28189089407,23130.8670048385
OECD members,OED,1998,76.6043072205472,14.2379875289795,1.79931625981995,9.64137629912449,2135.35499093382,22290.7761547636
OECD members,OED,1999,76.7871381143901,13.5582289578721,1.79004254711302,9.72863273304391,2254.40620973493,22588.8919819782
OECD members,OED,2000,77.0693516783783,12.8858876941731,1.81039533472135,9.8267730073934,2304.14225987929,23548.6230296119
OECD members,OED,2001,77.3764006456656,12.264630345393,1.78059554200062,10.3259278913221,2380.43072698417,23527.2705155754
OECD members,OED,2002,77.5381186730343,11.6579209251875,1.7648000537658,10.7471167591396,2570.34031918971,23414.6671419612
OECD members,OED,2003,77.6875727996777,11.1125846143005,1.77121799304482,10.939291738762,2913.77177143762,25218.05369627
OECD members,OED,2004,78.1066011882858,10.621946956496,1.77647222897463,10.8930285728367,3205.04823888504,28779.4900033795
OECD members,OED,2005,78.2351899510022,10.1573085957737,1.77063111328905,10.9908491204794,3391.92343211561,31689.1976984593
OECD members,OED,2006,78.5394303313056,9.76010690814514,1.80248501573311,11.0292431777891,3564.93948600278,33261.7539354774
OECD members,OED,2007,78.7760227898905,9.4028514996316,1.82197807724766,11.023532094648,3871.83520327642,34560.9017714101
OECD members,OED,2008,78.9385595419912,9.06974578107442,1.82601103103312,11.2864606205738,4152.41020429313,36022.4253042559
OECD members,OED,2009,79.2075898105658,8.73258091700358,1.79881123018202,12.2413372139138,4188.38091114485,35319.9681369577
OECD members,OED,2010,79.3953190244412,8.4230362443012,1.78907346627643,12.1252362500543,4327.26527327875,36169.2374153514
OECD members,OED,2011,79.6501878048977,8.09948427014871,1.76576173843128,12.0787520872648,4595.2838125107,37227.8697192605
OECD members,OED,2012,79.7767103323865,7.78269615506454,1.76477948727104,12.2131110898018,4598.48241837418,38375.3102798942
OECD members,OED,2013,79.9829846285806,7.46770076006473,1.73964406821572,12.232675376362,4633.35372500568,38854.6912235659
OECD members,OED,2014,80.1171445637228,7.15941489298598,1.73874266923239,12.3511700415917,4735.42499274533,38616.3106113233
OECD members,OED,2015,,6.88552033861546,,,,37393.3087253115
Oman,OMN,1985,63.9401219512195,66.1,8.222,,,6560.0
Oman,OMN,1986,64.6735609756098,59.3,8.101,,,5930.0
Oman,OMN,1987,65.3705609756098,53.3,7.933,,,5390.0
Oman,OMN,1988,66.0330975609756,48.1,7.719,,,5200.0
Oman,OMN,1989,66.6641463414634,43.6,7.462,,,5660.0
Oman,OMN,1990,67.2677317073171,39.4,7.164,,,5710.0
Oman,OMN,1991,67.8463414634146,35.7,6.831,,,6040.0
Oman,OMN,1992,68.405487804878,32.4,6.472,,,6520.0
Oman,OMN,1993,68.9466585365854,29.4,6.098,,,6300.0
Oman,OMN,1994,69.4738536585366,26.8,5.72,,,6180.0
Oman,OMN,1995,69.9885365853659,24.5,5.346,3.64642839,227.08538624,6310.0
Oman,OMN,1996,70.490756097561,22.5,4.981,3.55728518,242.12434119,6520.0
Oman,OMN,1997,70.9789756097561,20.8,4.631,3.35538558,235.91875178,6880.0
Oman,OMN,1998,71.4516829268293,19.2,4.298,3.70112429,231.7171864,6570.0
Oman,OMN,1999,71.9103902439025,17.8,3.992,3.54359148,247.31630164,6460.0
Oman,OMN,2000,72.3565853658537,16.6,3.719,3.07275935,266.87946115,7160.0
Oman,OMN,2001,72.7902195121951,15.5,3.488,3.08303075,263.89384075,8000.0
Oman,OMN,2002,73.2133170731708,14.6,3.298,3.18048539,275.75610753,8000.0
Oman,OMN,2003,73.6244146341463,13.8,3.148,3.17288586,287.79508783,8260.0
Oman,OMN,2004,74.023,13.2,3.035,2.97575695,301.00061913,9370.0
Oman,OMN,2005,74.4076097560976,12.7,2.957,2.58713523,320.76909497,10640.0
Oman,OMN,2006,74.7748048780488,12.3,2.912,2.31084657,336.80882421,11640.0
Oman,OMN,2007,75.1236097560976,12.1,2.892,2.42579068,393.60123964,14850.0
Oman,OMN,2008,75.4525365853659,11.9,2.886,2.01221452,462.0733457,18080.0
Oman,OMN,2009,75.7620975609756,11.7,2.888,2.83003846,495.79040802,18480.0
Oman,OMN,2010,76.0528048780488,11.7,2.888,2.74408324,546.63827486,18770.0
Oman,OMN,2011,76.3276341463415,11.6,2.879,2.49265722,539.85767922,17150.0
Oman,OMN,2012,76.5895609756098,11.6,2.857,2.523264,551.58168809,18770.0
Oman,OMN,2013,76.8410487804878,11.7,2.823,2.76083902,562.89254386,19280.0
Oman,OMN,2014,77.0850975609756,11.6,2.774,3.55393969,675.04339353,18340.0
Oman,OMN,2015,,11.6,,,,16920.0
Other small states,OSS,1985,61.0109451950785,91.1777247397202,4.63519816525721,,,
Other small states,OSS,1986,61.4046812619819,108.385405195441,4.60505845236491,,,
Other small states,OSS,1987,61.7802728565966,105.674555518313,4.57803537064974,,,
Other small states,OSS,1988,62.0265638394452,103.171208171098,4.55508060287104,,,
Other small states,OSS,1989,62.2298608992656,101.052081261844,4.5106301072887,,,
Other small states,OSS,1990,62.3717427086962,99.3236010936896,4.45190914779729,,,
Other small states,OSS,1991,62.4947026693172,97.9972185372968,4.37039918481725,,,
Other small states,OSS,1992,62.508305891944,97.0296543877852,4.30800206860444,,,
Other small states,OSS,1993,62.3210790676465,96.4073849993383,4.22793862911374,,,
Other small states,OSS,1994,62.0443639395673,96.0468334655185,4.16568757126867,,,
Other small states,OSS,1995,61.857802298124,95.9119453685809,4.0968892909159,4.8695251066491,194.672620436005,
Other small states,OSS,1996,61.702501017514,95.7208207016209,4.03655180541684,5.01295047277007,207.778568029362,
Other small states,OSS,1997,61.3801236369874,95.326164416952,3.94922865901784,4.92644743844746,207.220525700403,
Other small states,OSS,1998,60.9294949831408,94.7078266721183,3.8700593760939,5.26422747890002,213.671193516613,
Other small states,OSS,1999,60.6318159075264,93.9225817434633,3.80275409379558,5.10775744833705,218.518562136466,
Other small states,OSS,2000,60.4533856094537,92.8083517312762,3.7319726199637,4.64243972345067,208.373912356524,
Other small states,OSS,2001,60.3539855233481,91.2359980212211,3.65472511914716,4.7654479383002,209.295136572722,
Other small states,OSS,2002,60.4894704849004,89.4521821206508,3.60251484048969,5.02112554783459,234.151326275247,
Other small states,OSS,2003,60.7368065570547,87.521583919524,3.54947523979832,5.37280121992365,308.04106353148,
Other small states,OSS,2004,61.1987537197124,85.3099748742886,3.50298100884118,5.14929605626369,358.670879182097,5650.81840546046
Other small states,OSS,2005,61.8046044773628,82.445340655597,3.45225815589043,4.81469272739743,398.036293962383,6784.58215318734
Other small states,OSS,2006,62.4757652117418,79.28037181541,3.40070314881994,4.46424236478089,420.491486117521,8204.57762569962
Other small states,OSS,2007,63.2139229693739,76.171517868498,3.36180880859447,4.2852722996013,479.84286449592,9658.12458929245
Other small states,OSS,2008,63.9486805883318,73.399685395437,3.33399917080167,4.02047467126332,537.604684722654,10925.1473254878
Other small states,OSS,2009,64.6293573573751,69.488669917409,3.30696942817666,4.83302876767215,533.490869815932,10711.7871849862
Other small states,OSS,2010,65.1822493275327,65.8356160507445,3.28010977309008,4.29107808893663,538.439643487415,11254.1290681602
Other small states,OSS,2011,65.618912716224,63.034728483851,3.25308122603487,3.9927245622046,601.222217232027,12246.3410815802
Other small states,OSS,2012,65.9447555004302,60.59302969219,3.22190941249033,4.12408651446729,634.265006378707,13497.6792378177
Other small states,OSS,2013,66.2355701044599,58.4129862496308,3.18654148156035,4.17703031012803,654.451175588645,14586.4897314375
Other small states,OSS,2014,66.4473324030077,56.4378731698316,3.15651043921316,4.06724631375512,667.13674446398,14767.9761619672
Other small states,OSS,2015,,54.8536398538733,,,,13861.2987807042
Pacific island small states,PSS,1985,62.6962627905296,43.20569548014,4.6297823217609,,,1276.15752313607
Pacific island small states,PSS,1986,62.8252681611603,41.8828923660503,4.56386288957401,,,1412.43766734003
Pacific island small states,PSS,1987,63.212112586883,40.6756265486391,4.50454646185449,,,1384.90540143877
Pacific island small states,PSS,1988,63.1474470178925,39.4391246134118,4.45228158277506,,,1426.09903578124
Pacific island small states,PSS,1989,63.365717208247,38.3404111004641,4.40495278448461,,,1434.55831649575
Pacific island small states,PSS,1990,63.6785327482232,37.2308693943986,4.3603785262191,,,1453.63893980922
Pacific island small states,PSS,1991,63.9282304448526,36.1883143974669,4.31374708198833,,,1440.41921759666
Pacific island small states,PSS,1992,64.2485093207196,35.2430873952074,4.26584852023565,,,1583.96245280098
Pacific island small states,PSS,1993,64.5726114263598,34.366829322391,4.21588570479357,,,1650.80715496459
Pacific island small states,PSS,1994,64.892358159525,33.6396803450946,4.16326808523888,,,1753.820702733
Pacific island small states,PSS,1995,65.2682219372247,33.0380876156832,4.10841320811875,4.86720362541144,99.6403188024103,1918.21381856448
Pacific island small states,PSS,1996,65.5066510544016,32.4956596839397,4.05593971473016,4.40101057945956,95.8015466388121,2014.96087467303
Pacific island small states,PSS,1997,65.8073513683829,32.5051788074607,4.00242161918795,4.59170594885331,98.1569569122369,2103.25139045993
Pacific island small states,PSS,1998,66.1089461452435,31.5207428466618,3.9495246071869,4.57497169594297,82.3072893471005,1961.38968850718
Pacific island small states,PSS,1999,66.4396420168513,31.0382728038993,3.89867613551159,4.6039625361352,89.4019614537746,1957.26783631967
Pacific island small states,PSS,2000,66.7054497846488,30.5478544110381,3.85016387175387,5.30616603350059,94.2837590892998,1870.53430203035
Pacific island small states,PSS,2001,66.9990672922084,30.1119995616598,3.80129169219995,5.26572155321123,90.4801385336951,1815.47410091846
Pacific island small states,PSS,2002,67.2816592400619,29.735452955324,3.75562296562107,5.13574277530744,92.4357265468246,1792.12107090159
Pacific island small states,PSS,2003,67.5529362669101,29.5229560319767,3.7122965037423,5.02335348006571,105.691761179161,1921.61594640751
Pacific island small states,PSS,2004,67.8118942172029,29.4535482702409,3.67017049662494,5.07640354570354,121.347437775154,2275.34885587017
Pacific island small states,PSS,2005,68.0684161278425,29.3956628507457,3.62882341654139,5.30981524772692,136.624209072025,2584.35321538578
Pacific island small states,PSS,2006,68.2905496959291,29.4436993553499,3.5905171130392,5.40904269251616,144.393130406427,2653.60813468111
Pacific island small states,PSS,2007,68.5130957910436,29.4388258971088,3.5509813613708,5.39706686418696,156.92400497599,2783.9749942816
Pacific island small states,PSS,2008,68.7277456984114,29.3789424561152,3.51062840186716,5.18354493827303,159.686178891572,2937.83566459942
Pacific island small states,PSS,2009,68.9363470057013,29.7348126480511,3.46971982881489,5.92266404138993,159.027484542326,2849.50093784514
Pacific island small states,PSS,2010,69.140025085848,29.0095800100596,3.42861270294921,5.9746079222083,175.159907781285,2828.14756545093
Pacific island small states,PSS,2011,69.3396258431279,28.6745593662796,3.38945210602746,5.38095610772305,182.659489698204,2938.0117121235
Pacific island small states,PSS,2012,69.5354814264723,28.320634662621,3.35109100426686,5.35684959906683,190.712368389816,3278.13788337199
Pacific island small states,PSS,2013,69.728363316246,27.8357984625426,3.31356642589342,5.63993176496051,199.641088328244,3668.55577537067
Pacific island small states,PSS,2014,69.9190322184606,27.2706079420279,3.27692552106002,5.79952883988945,210.645819067132,3762.44448449055
Pacific island small states,PSS,2015,,26.6437119397253,,,,3766.85767400562
Pakistan,PAK,1985,58.6180731707317,151.1,6.407,,,380.0
Pakistan,PAK,1986,58.9243658536585,148.7,6.367,,,370.0
Pakistan,PAK,1987,59.2273414634146,146.2,6.31,,,400.0
Pakistan,PAK,1988,59.5264878048781,143.6,6.234,,,430.0
Pakistan,PAK,1989,59.8212926829268,141.1,6.138,,,420.0
Pakistan,PAK,1990,60.1112195121951,138.6,6.024,,,420.0
Pakistan,PAK,1991,60.3962195121951,136.0,5.896,,,420.0
Pakistan,PAK,1992,60.6762195121951,133.5,5.76,,,440.0
Pakistan,PAK,1993,60.9501707317073,131.0,5.622,,,450.0
Pakistan,PAK,1994,61.2195365853659,128.3,5.482,,,450.0
Pakistan,PAK,1995,61.4852926829268,125.7,5.342,2.50362972,15.77863633,490.0
Pakistan,PAK,1996,61.7479512195122,123.0,5.198,2.57494036,15.77354885,500.0
Pakistan,PAK,1997,62.0085609756098,120.3,5.048,2.56506861,15.40773256,490.0
Pakistan,PAK,1998,62.2676097560976,117.6,4.892,2.74957751,16.22215623,470.0
Pakistan,PAK,1999,62.5231463414634,114.9,4.733,2.83211153,16.29797472,470.0
Pakistan,PAK,2000,62.7731707317073,112.3,4.58,2.78750187,15.4982416,490.0
Pakistan,PAK,2001,63.0137073170732,109.8,4.438,2.60799747,13.52505996,500.0
Pakistan,PAK,2002,63.240756097561,107.5,4.314,2.76317772,15.38972826,520.0
Pakistan,PAK,2003,63.4583414634146,105.3,4.211,2.60877636,16.12032064,560.0
Pakistan,PAK,2004,63.6674634146342,103.2,4.129,2.55792322,17.76321364,640.0
Pakistan,PAK,2005,63.8776341463415,101.2,4.067,2.91358382,22.36315738,740.0
Pakistan,PAK,2006,64.0993902439024,99.3,4.02,3.40168643,29.62585468,820.0
Pakistan,PAK,2007,64.3387317073171,97.4,3.98,3.35353968,31.93098328,910.0
Pakistan,PAK,2008,64.5981463414634,95.5,3.942,3.2590847,30.19104652,1020.0
Pakistan,PAK,2009,64.8760975609756,93.7,3.901,2.93914413,28.51186552,1060.0
Pakistan,PAK,2010,65.1625609756098,91.8,3.855,3.01609686,30.95275635,1080.0
Pakistan,PAK,2011,65.447,89.9,3.802,3.00636984,36.65905548,1150.0
Pakistan,PAK,2012,65.7168780487805,87.8,3.744,2.75972728,33.4661349,1260.0
Pakistan,PAK,2013,65.9636829268293,85.6,3.682,2.70392397,33.63909619,1360.0
Pakistan,PAK,2014,66.1833658536585,83.3,3.617,2.61391631,36.15485065,1400.0
Pakistan,PAK,2015,,81.1,,,,1440.0
Palau,PLW,1985,,40.8,,,,
Palau,PLW,1986,,39.9,,,,
Palau,PLW,1987,,39.0,,,,
Palau,PLW,1988,,38.0,,,,
Palau,PLW,1989,,37.1,,,,
Palau,PLW,1990,69.0692682926829,36.1,2.84,,,
Palau,PLW,1991,,35.2,,,,
Palau,PLW,1992,,34.2,,,,
Palau,PLW,1993,,33.3,,,,4810.0
Palau,PLW,1994,,32.3,,,,4980.0
Palau,PLW,1995,71.8446341463415,31.3,2.35,11.65500289,710.58029814,5770.0
Palau,PLW,1996,,30.4,,11.69429739,821.47565182,6350.0
Palau,PLW,1997,,29.4,,11.31534729,818.54109646,6370.0
Palau,PLW,1998,,28.5,,9.94845085,694.41518824,6110.0
Palau,PLW,1999,,27.7,,11.28250019,747.50533674,6030.0
Palau,PLW,2000,70.4936585365854,26.8,,9.49786026,792.56161516,5890.0
Palau,PLW,2001,,25.9,,8.62278913,746.56182955,6790.0
Palau,PLW,2002,,25.1,,8.41396898,726.41673448,7820.0
Palau,PLW,2003,,24.4,,8.47729758,748.75623298,7680.0
Palau,PLW,2004,,23.6,,8.80431634,857.98184982,8680.0
Palau,PLW,2005,69.1292682926829,22.9,2.02,8.21470499,850.06742778,9250.0
Palau,PLW,2006,,22.1,,8.71445874,910.11486951,9190.0
Palau,PLW,2007,,21.4,,9.0090566,949.35878318,9370.0
Palau,PLW,2008,,20.7,,9.0740546,955.54141947,9120.0
Palau,PLW,2009,,20.1,,9.52643642,927.1698831,8640.0
Palau,PLW,2010,,19.4,,10.6424429,1024.21165194,8910.0
Palau,PLW,2011,,18.8,,9.29484695,978.83227656,9310.0
Palau,PLW,2012,,18.2,,9.35998673,1046.21165986,9670.0
Palau,PLW,2013,,17.5,,9.26707342,1089.77487512,9760.0
Palau,PLW,2014,,17.0,,9.02153343,1150.30217177,10650.0
Palau,PLW,2015,,16.4,,,,12180.0
Panama,PAN,1985,71.8076585365854,36.7,3.413,,,2470.0
Panama,PAN,1986,72.0746829268293,35.4,3.336,,,2520.0
Panama,PAN,1987,72.331,34.1,3.262,,,2880.0
Panama,PAN,1988,72.5771707317073,32.9,3.19,,,2410.0
Panama,PAN,1989,72.8157317073171,31.9,3.121,,,2240.0
Panama,PAN,1990,73.046243902439,30.9,3.057,,,2310.0
Panama,PAN,1991,73.2712682926829,30.1,3.0,,,2400.0
Panama,PAN,1992,73.4907317073171,29.4,2.952,,,2640.0
Panama,PAN,1993,73.705512195122,28.9,2.914,,,2840.0
Panama,PAN,1994,73.9154878048781,28.4,2.883,,,3000.0
Panama,PAN,1995,74.121512195122,28.1,2.858,7.72062079,222.92627254,3030.0
Panama,PAN,1996,74.3254146341463,27.7,2.834,7.18293088,239.5839483,3240.0
Panama,PAN,1997,74.5250487804878,27.4,2.808,7.1201904,251.68793921,3400.0
Panama,PAN,1998,74.7208292682927,27.0,2.778,7.08621084,266.09346829,3680.0
Panama,PAN,1999,74.9136585365854,26.5,2.743,6.85474368,264.39359328,3720.0
Panama,PAN,2000,75.1019756097561,26.0,2.705,7.76386558,297.87856446,3880.0
Panama,PAN,2001,75.2852926829269,25.4,2.667,7.72136354,295.34608815,3820.0
Panama,PAN,2002,75.4626829268293,24.8,2.632,8.0293993,313.34983503,3970.0
Panama,PAN,2003,75.6353170731707,24.1,2.603,7.60445984,307.10277029,4120.0
Panama,PAN,2004,75.803756097561,23.5,2.579,8.08643586,351.65188365,4520.0
Panama,PAN,2005,75.9716341463415,22.9,2.562,7.47896823,348.44685673,4880.0
Panama,PAN,2006,76.141,22.3,2.55,6.99655716,354.88071982,5170.0
Panama,PAN,2007,76.3144634146342,21.7,2.541,6.30662961,387.41297546,5900.0
Panama,PAN,2008,76.4935853658537,21.0,2.533,6.75011236,480.09490439,6510.0
Panama,PAN,2009,76.6769512195122,20.5,2.524,7.56026325,550.65608148,6650.0
Panama,PAN,2010,76.8636341463415,19.8,2.513,8.04716512,640.44037085,7010.0
Panama,PAN,2011,77.0516829268293,19.2,2.5,7.50141666,677.8308161,8350.0
Panama,PAN,2012,77.2370487804878,18.7,2.484,7.24519314,734.5554377,9510.0
Panama,PAN,2013,77.4192195121951,18.1,2.465,8.08587822,906.13785484,10530.0
Panama,PAN,2014,77.5951463414634,17.6,2.444,8.0257236,958.98176617,11430.0
Panama,PAN,2015,,17.0,,,,12050.0
Papua New Guinea,PNG,1985,54.8522682926829,97.2,5.21,,,670.0
Papua New Guinea,PNG,1986,54.9490731707317,95.5,5.11,,,710.0
Papua New Guinea,PNG,1987,55.0516097560976,93.9,5.018,,,760.0
Papua New Guinea,PNG,1988,55.2028048780488,92.4,4.934,,,880.0
Papua New Guinea,PNG,1989,55.4220243902439,90.9,4.861,,,890.0
Papua New Guinea,PNG,1990,55.7093414634146,89.4,4.802,,,820.0
Papua New Guinea,PNG,1991,56.0470731707317,88.0,4.756,,,870.0
Papua New Guinea,PNG,1992,56.3991951219512,86.6,4.723,,,920.0
Papua New Guinea,PNG,1993,56.7384634146342,85.3,4.7,,,1080.0
Papua New Guinea,PNG,1994,57.0559268292683,84.1,4.683,,,1130.0
Papua New Guinea,PNG,1995,57.3519512195122,83.0,4.668,2.93218749,30.09605326,1040.0
Papua New Guinea,PNG,1996,57.6308536585366,82.0,4.653,3.0960318,32.94974978,1020.0
Papua New Guinea,PNG,1997,57.9062926829268,81.0,4.632,3.64156441,36.08209761,930.0
Papua New Guinea,PNG,1998,58.189512195122,80.2,4.604,3.80894413,28.0989054,780.0
Papua New Guinea,PNG,1999,58.4848780487805,79.3,4.569,4.09356593,26.84288993,690.0
Papua New Guinea,PNG,2000,58.7992926829268,78.5,4.525,3.98366886,25.94062428,620.0
Papua New Guinea,PNG,2001,59.138756097561,77.7,4.475,6.67581279,37.15013333,550.0
Papua New Guinea,PNG,2002,59.5013902439024,77.0,4.422,7.68937382,41.45548337,510.0
Papua New Guinea,PNG,2003,59.8797804878049,76.1,4.368,6.79231045,43.55157347,500.0
Papua New Guinea,PNG,2004,60.265,75.2,4.315,8.39248669,59.00858007,570.0
Papua New Guinea,PNG,2005,60.6430731707317,74.2,4.263,6.41591818,51.28990433,700.0
Papua New Guinea,PNG,2006,60.9955365853659,72.9,4.21,5.91902791,52.46686568,730.0
Papua New Guinea,PNG,2007,61.3114146341463,71.5,4.157,4.03723822,40.07598425,930.0
Papua New Guinea,PNG,2008,61.582243902439,69.7,4.101,4.05603415,49.61374619,1100.0
Papua New Guinea,PNG,2009,61.8080487804878,67.9,4.044,4.35763089,52.76448908,1180.0
Papua New Guinea,PNG,2010,61.9948292682927,66.1,3.985,4.17576533,59.25104857,1270.0
Papua New Guinea,PNG,2011,62.1526341463415,64.3,3.927,4.94295908,90.88729867,1520.0
Papua New Guinea,PNG,2012,62.2999024390244,62.5,3.869,4.55003511,97.87854738,1820.0
Papua New Guinea,PNG,2013,62.4491707317073,60.9,3.812,4.7785428,100.77142537,2040.0
Papua New Guinea,PNG,2014,62.6069268292683,59.1,3.757,4.26357082,92.35819164,2240.0
Papua New Guinea,PNG,2015,,57.3,,,,
Paraguay,PRY,1985,67.2946829268293,55.3,4.974,,,
Paraguay,PRY,1986,67.411,53.5,4.9,,,
Paraguay,PRY,1987,67.5398536585366,51.7,4.818,,,
Paraguay,PRY,1988,67.683243902439,49.9,4.73,,,
Paraguay,PRY,1989,67.8421707317073,48.2,4.639,,,
Paraguay,PRY,1990,68.0126097560976,46.5,4.547,,,
Paraguay,PRY,1991,68.1910487804878,44.9,4.457,,,
Paraguay,PRY,1992,68.3704634146341,43.3,4.368,,,
Paraguay,PRY,1993,68.5508536585366,41.9,4.282,,,
Paraguay,PRY,1994,68.730756097561,40.5,4.196,,,
Paraguay,PRY,1995,68.9152195121951,39.2,4.108,5.9229547,112.74159496,1680.0
Paraguay,PRY,1996,69.1128048780488,37.9,4.014,5.9372284,119.31740219,1850.0
Paraguay,PRY,1997,69.3270487804878,36.8,3.911,6.19123742,123.88096076,1850.0
Paraguay,PRY,1998,69.5614634146341,35.7,3.798,6.28535175,111.45445224,1720.0
Paraguay,PRY,1999,69.8125365853659,34.6,3.678,6.79445516,109.72379558,1560.0
Paraguay,PRY,2000,70.0746829268293,33.5,3.553,8.10005666,125.19642761,1360.0
Paraguay,PRY,2001,70.3398536585366,32.5,3.431,7.61414476,107.91238893,1290.0
Paraguay,PRY,2002,70.5974390243903,31.5,3.315,6.77142556,77.75149836,1190.0
Paraguay,PRY,2003,70.8423902439024,30.4,3.21,5.98546934,70.31608969,1050.0
Paraguay,PRY,2004,71.0711707317073,29.4,3.119,5.77699347,81.37057288,1130.0
Paraguay,PRY,2005,71.2863170731708,28.4,3.04,6.07399547,91.54397396,1230.0
Paraguay,PRY,2006,71.4918536585366,27.5,2.97,6.42732062,116.31681583,1470.0
Paraguay,PRY,2007,71.6948292682927,26.6,2.907,6.4115059,148.24717998,1820.0
Paraguay,PRY,2008,71.8988292682927,25.7,2.846,7.06394059,216.14685,2360.0
Paraguay,PRY,2009,72.1023170731707,24.9,2.787,9.13992194,237.65765766,2450.0
Paraguay,PRY,2010,72.3012926829268,24.1,2.73,9.10170096,293.83275543,2930.0
Paraguay,PRY,2011,72.4871951219512,23.3,2.675,9.4235562,375.81376198,3250.0
Paraguay,PRY,2012,72.654,22.6,2.625,10.33407449,398.43770333,3430.0
Paraguay,PRY,2013,72.7991707317073,21.9,2.581,10.49411979,469.00794008,4180.0
Paraguay,PRY,2014,72.9217073170732,21.2,2.542,9.81442131,464.09236338,4390.0
Paraguay,PRY,2015,,20.5,,,,4220.0
Peru,PER,1985,62.9548292682927,104.2,4.358,,,870.0
Peru,PER,1986,63.4944390243903,98.8,4.249,,,880.0
Peru,PER,1987,64.0192195121951,93.5,4.142,,,990.0
Peru,PER,1988,64.5321707317073,88.6,4.037,,,850.0
Peru,PER,1989,65.034756097561,84.0,3.933,,,830.0
Peru,PER,1990,65.5304390243902,79.7,3.828,,,880.0
Peru,PER,1991,66.0236585365854,75.4,3.722,,,1180.0
Peru,PER,1992,66.5173658536585,71.0,3.617,,,1390.0
Peru,PER,1993,67.0134878048781,66.5,3.514,,,1520.0
Peru,PER,1994,67.5125121951219,62.0,3.413,,,1730.0
Peru,PER,1995,68.0154390243902,57.5,3.317,4.46317651,96.63333786,1920.0
Peru,PER,1996,68.523756097561,53.2,3.226,4.50465932,99.52016931,2110.0
Peru,PER,1997,69.0325365853659,49.1,3.142,4.38337669,100.33631583,2250.0
Peru,PER,1998,69.5368048780488,45.3,3.064,4.55823587,98.62405604,2130.0
Peru,PER,1999,70.0300975609756,41.8,2.993,4.95362369,95.63709922,2020.0
Peru,PER,2000,70.5074390243903,38.6,2.929,4.827757,94.97100015,1970.0
Peru,PER,2001,70.9598780487805,35.8,2.871,4.98481333,97.96567168,1900.0
Peru,PER,2002,71.3838780487805,33.3,2.818,4.93871106,101.09915641,1960.0
Peru,PER,2003,71.776487804878,31.1,2.77,4.5988428,100.79896996,2090.0
Peru,PER,2004,72.1361951219512,29.1,2.725,4.56192538,111.57986858,2300.0
Peru,PER,2005,72.458512195122,27.4,2.684,4.71800204,128.10257919,2540.0
Peru,PER,2006,72.7434390243903,25.9,2.648,4.46819608,140.48432183,2790.0
Peru,PER,2007,72.9969512195122,24.5,2.616,4.59945033,166.14630308,3180.0
Peru,PER,2008,73.2250243902439,23.2,2.59,4.72994861,200.86694244,3760.0
Peru,PER,2009,73.4361463414634,22.1,2.566,5.36154745,224.10092454,3920.0
Peru,PER,2010,73.6398048780488,21.0,2.545,5.03167838,254.47770061,4380.0
Peru,PER,2011,73.8449756097561,20.0,2.525,4.92714048,282.4539038,4870.0
Peru,PER,2012,74.0576585365854,19.1,2.504,5.17591754,330.75285827,5650.0
Peru,PER,2013,74.2838536585366,18.3,2.48,5.23182008,346.49262379,6230.0
Peru,PER,2014,74.5255365853659,17.5,2.455,5.47303468,358.5769444,6370.0
Peru,PER,2015,,16.9,,,,6200.0
Philippines,PHL,1985,63.7985609756098,74.0,4.712,,,520.0
Philippines,PHL,1986,64.1537317073171,71.6,4.632,,,540.0
Philippines,PHL,1987,64.4879268292683,68.6,4.554,,,600.0
Philippines,PHL,1988,64.7916341463415,65.2,4.476,,,660.0
Philippines,PHL,1989,65.0593658536585,61.7,4.397,,,700.0
Philippines,PHL,1990,65.2880731707317,58.2,4.32,,,720.0
Philippines,PHL,1991,65.4812682926829,54.9,4.246,,,720.0
Philippines,PHL,1992,65.6484634146342,52.1,4.177,,,770.0
Philippines,PHL,1993,65.7996585365854,49.5,4.113,,,820.0
Philippines,PHL,1994,65.9388536585366,47.4,4.056,,,920.0
Philippines,PHL,1995,66.0705609756098,45.6,4.006,3.44929165,36.60889031,1020.0
Philippines,PHL,1996,66.197756097561,44.0,3.962,3.54187897,41.07563823,1160.0
Philippines,PHL,1997,66.3214634146342,42.7,3.923,3.61927658,40.8018123,1230.0
Philippines,PHL,1998,66.4421707317073,41.6,3.888,3.19884187,30.93895487,1200.0
Philippines,PHL,1999,66.5619024390244,40.6,3.852,3.23121551,35.15429529,1180.0
Philippines,PHL,2000,66.6821219512195,39.7,3.814,3.2091775,33.3656879,1220.0
Philippines,PHL,2001,66.8023902439025,38.9,3.767,2.9983988,28.72498004,1220.0
Philippines,PHL,2002,66.9216585365854,38.1,3.71,2.79116169,27.93334336,1180.0
Philippines,PHL,2003,67.0389268292683,37.3,3.644,3.24713196,32.83779076,1260.0
Philippines,PHL,2004,67.1541951219512,36.5,3.569,3.22814859,34.8667763,1400.0
Philippines,PHL,2005,67.2664878048781,35.7,3.487,3.9138542,46.83083268,1520.0
Philippines,PHL,2006,67.374756097561,34.9,3.404,3.95164594,55.13389145,1650.0
Philippines,PHL,2007,67.4790243902439,34.2,3.324,3.94034192,66.15252051,1900.0
Philippines,PHL,2008,67.5807804878049,33.4,3.251,4.04747517,78.08119627,2240.0
Philippines,PHL,2009,67.6810487804878,32.6,3.187,4.41043729,81.01420235,2490.0
Philippines,PHL,2010,67.7833170731708,31.9,3.133,4.37397274,93.83228612,2750.0
Philippines,PHL,2011,67.8906585365854,31.2,3.088,4.28992635,101.75068275,2640.0
Philippines,PHL,2012,68.0070731707317,30.4,3.048,4.45815444,116.18828837,3000.0
Philippines,PHL,2013,68.1315609756097,29.6,3.011,4.55778632,127.08827817,3340.0
Philippines,PHL,2014,68.2656341463415,28.8,2.977,4.7099852,135.20222581,3500.0
Philippines,PHL,2015,,28.0,,,,3540.0
Poland,POL,1985,70.5487804878049,20.3,2.33,,,
Poland,POL,1986,70.8487804878049,19.5,2.22,,,
Poland,POL,1987,70.8975609756098,18.9,2.15,,,
Poland,POL,1988,71.3317073170732,18.4,2.13,,,
Poland,POL,1989,71.0439024390244,17.9,2.08,,,
Poland,POL,1990,70.890243902439,17.3,2.06,,,
Poland,POL,1991,70.5878048780488,16.8,2.07,,,
Poland,POL,1992,71.090243902439,16.4,1.95,,,2070.0
Poland,POL,1993,71.5951219512195,16.0,1.87,,,2450.0
Poland,POL,1994,71.6951219512195,15.5,1.81,,,2780.0
Poland,POL,1995,71.8926829268293,14.5,1.62,5.35738635,197.37968854,3220.0
Poland,POL,1996,72.2463414634146,13.3,1.59,5.75666362,238.47739164,3810.0
Poland,POL,1997,72.6463414634146,12.0,1.51,5.53627382,227.98788932,4240.0
Poland,POL,1998,72.9975609756098,10.8,1.44,5.8556039,264.14254212,4380.0
Poland,POL,1999,73.0439024390244,9.9,1.38,5.66978124,248.86455791,4450.0
Poland,POL,2000,73.7487804878049,9.3,1.37,5.50150462,247.14109811,4690.0
Poland,POL,2001,74.2,8.8,1.31,5.85595692,291.65928327,4750.0
Poland,POL,2002,74.4975609756098,8.4,1.25,6.32075444,328.38300771,4930.0
Poland,POL,2003,74.5975609756098,8.1,1.22,6.2217914,354.10742632,5550.0
Poland,POL,2004,74.8463414634146,7.8,1.23,6.18540158,410.62024404,6260.0
Poland,POL,2005,74.9951219512195,7.6,1.24,6.20353532,494.70323819,7320.0
Poland,POL,2006,75.1439024390244,7.3,1.27,6.1706712,555.12253361,8420.0
Poland,POL,2007,75.2439024390244,7.0,1.31,6.27954647,706.200195,9950.0
Poland,POL,2008,75.5439024390244,6.7,1.39,6.87653481,956.51998274,11900.0
Poland,POL,2009,75.6951219512195,6.2,1.4,7.12088233,815.01432355,12440.0
Poland,POL,2010,76.2463414634146,5.8,1.41,6.88449165,867.74529206,12710.0
Poland,POL,2011,76.6951219512195,5.5,1.33,6.7023798,931.05203316,12920.0
Poland,POL,2012,76.7463414634146,5.3,1.33,6.61772998,869.69816674,13290.0
Poland,POL,2013,77.0,5.2,1.29,6.4042609,881.76911564,13510.0
Poland,POL,2014,77.2536585365854,5.2,1.29,6.35024637,910.28378029,13690.0
Poland,POL,2015,,5.2,,,,13370.0
Portugal,PRT,1985,72.8146341463415,20.4,1.72,,,2530.0
Portugal,PRT,1986,73.2658536585366,19.3,1.66,,,3080.0
Portugal,PRT,1987,73.6658536585366,18.2,1.62,,,4160.0
Portugal,PRT,1988,73.7146341463415,17.0,1.61,,,5640.0
Portugal,PRT,1989,74.2658536585366,15.9,1.57,,,6320.0
Portugal,PRT,1990,73.9658536585366,14.7,1.56,,,7140.0
Portugal,PRT,1991,74.0146341463415,13.6,1.56,,,8190.0
Portugal,PRT,1992,74.3121951219512,12.5,1.54,,,9870.0
Portugal,PRT,1993,74.5121951219512,11.4,1.52,,,10100.0
Portugal,PRT,1994,74.9146341463415,10.5,1.45,,,10450.0
Portugal,PRT,1995,75.3121951219512,9.7,1.41,7.41933998,875.75703534,11220.0
Portugal,PRT,1996,75.2609756097561,9.1,1.44,7.70057466,940.31879447,12080.0
Portugal,PRT,1997,75.4121951219512,8.6,1.47,7.68818712,892.42548447,12350.0
Portugal,PRT,1998,75.7121951219512,8.2,1.47,7.62507945,933.00904634,12170.0
Portugal,PRT,1999,75.9634146341463,7.7,1.5,7.87096537,984.9286881,12240.0
Portugal,PRT,2000,76.3146341463415,7.2,1.55,9.14137871,1055.67347869,12140.0
Portugal,PRT,2001,76.8146341463415,6.7,1.45,9.1032037,1071.10055401,11800.0
Portugal,PRT,2002,77.0658536585366,6.1,1.46,9.15465809,1182.29323946,11730.0
Portugal,PRT,2003,77.219512195122,5.6,1.44,9.54101957,1506.95753338,13230.0
Portugal,PRT,2004,77.6707317073171,5.1,1.4,9.83769679,1777.18888848,16120.0
Portugal,PRT,2005,78.0707317073171,4.7,1.41,9.97647249,1875.6952533,18550.0
Portugal,PRT,2006,78.419512195122,4.4,1.37,9.67265428,1919.2198619,19330.0
Portugal,PRT,2007,78.3219512195122,4.2,1.35,9.61953682,2193.50293797,20770.0
Portugal,PRT,2008,78.5243902439025,4.1,1.39,9.89868879,2457.71518583,22440.0
Portugal,PRT,2009,78.7268292682927,4.0,1.34,10.41844886,2403.95832211,22840.0
Portugal,PRT,2010,79.0268292682927,3.9,1.39,10.43672755,2352.31986028,22960.0
Portugal,PRT,2011,80.4707317073171,3.8,1.35,10.06864127,2332.35162751,22660.0
Portugal,PRT,2012,80.3731707317073,3.8,1.28,9.74360978,1999.81628644,21150.0
Portugal,PRT,2013,80.7219512195122,3.8,1.21,9.55334024,2059.46143413,21340.0
Portugal,PRT,2014,80.7219512195122,3.7,1.21,9.50107564,2096.82317586,21290.0
Portugal,PRT,2015,,3.6,,,,20530.0
Post-demographic dividend,PST,1985,74.4452054161665,12.6243436340989,1.73945025764855,,,10294.4248435401
Post-demographic dividend,PST,1986,74.6942706372541,12.1446449903205,1.72423180849123,,,11602.4716061717
Post-demographic dividend,PST,1987,74.9870768818414,11.7204542557373,1.71949962269317,,,13930.0849433208
Post-demographic dividend,PST,1988,75.0836223580826,11.2930959257566,1.73805254122312,,,16990.1912287502
Post-demographic dividend,PST,1989,75.3364505173696,10.8919671867903,1.73154517272401,,,17923.0884707652
Post-demographic dividend,PST,1990,75.4604229266422,10.4865747690527,1.74978770478397,,,18748.5358796733
Post-demographic dividend,PST,1991,75.5638780069538,10.1137526907957,1.72460064381585,,,19466.2328550886
Post-demographic dividend,PST,1992,75.794559492926,9.73264102730454,1.70524677982143,,,21092.3731565565
Post-demographic dividend,PST,1993,75.8054104909105,9.34398798607378,1.66562971569143,,,21573.1618826097
Post-demographic dividend,PST,1994,76.0561832112436,8.97030034865429,1.64379484485266,,,22645.1412894042
Post-demographic dividend,PST,1995,76.0769074509859,8.62712306772565,1.61121877513629,9.34644603525455,2332.45132485437,24188.0289612747
Post-demographic dividend,PST,1996,76.4168705174586,8.28856186136426,1.60473133687027,9.47325864619939,2357.46057103252,25279.6315270584
Post-demographic dividend,PST,1997,76.7498273481816,7.9855142885387,1.59375676069939,9.60555612465411,2324.68560829408,25396.0896336276
Post-demographic dividend,PST,1998,76.9621988505309,7.75324998746627,1.59101232856315,9.83423316439589,2375.59888994954,24432.5140754019
Post-demographic dividend,PST,1999,77.1217771785247,7.5555308619408,1.58566560836904,9.91316458311855,2510.3152250065,24764.6364292689
Post-demographic dividend,PST,2000,77.3601930837687,7.3470125734811,1.61620902597356,10.0353654473668,2564.95822625973,25774.1000995059
Post-demographic dividend,PST,2001,77.6664268654778,7.17125000076094,1.58827009611014,10.5385641272376,2653.86342700295,25785.0281904486
Post-demographic dividend,PST,2002,77.7904744081076,7.00677000396902,1.58054775934507,10.9733755361681,2872.06163970142,25666.825056603
Post-demographic dividend,PST,2003,77.9161259695715,6.85206184774252,1.59707141184397,11.1530117111329,3263.72156119765,27702.8552807778
Post-demographic dividend,PST,2004,78.3541486156878,6.71696492434728,1.6122146893853,11.1047605234001,3591.49736828338,31657.659540626
Post-demographic dividend,PST,2005,78.4471695569315,6.55378403763875,1.61212357521548,11.2374100432694,3802.88334009029,34861.871640187
Post-demographic dividend,PST,2006,78.7739945165463,6.41154315488705,1.65863817307915,11.2891142619451,3999.03434168887,36575.300155643
Post-demographic dividend,PST,2007,79.0261899060932,6.25612583096089,1.68742616804623,11.2858163320278,4343.31720931704,37949.1874147018
Post-demographic dividend,PST,2008,79.1745098270323,6.10856138495794,1.69930012394965,11.5556690453668,4656.98575034224,39542.0673595853
Post-demographic dividend,PST,2009,79.4975159620165,5.93743978570562,1.67159692011738,12.5123923872787,4727.72188550818,38883.6244600012
Post-demographic dividend,PST,2010,79.7133517998059,5.79949963458175,1.66114914326,12.4381009800559,4887.73535612048,39891.714868105
Post-demographic dividend,PST,2011,79.9941805433537,5.65195255734775,1.64212929952413,12.410250458096,5205.16786216082,41144.4432914677
Post-demographic dividend,PST,2012,80.1307070431126,5.489552238422,1.64955353359755,12.5430607790804,5221.00138360697,42449.5059513985
Post-demographic dividend,PST,2013,80.3470145774773,5.33356722347486,1.62140010575051,12.5848085956417,5263.71127866634,43053.0540723225
Post-demographic dividend,PST,2014,80.4721597710447,5.1694387792552,1.62424324147307,12.7200211255747,5391.91880060593,42826.7657519832
Post-demographic dividend,PST,2015,,5.00657558345268,,,,41515.9426192434
Pre-demographic dividend,PRE,1985,48.8657227264479,193.994537669356,6.79142260198226,,,
Pre-demographic dividend,PRE,1986,49.0422328028594,192.631899851548,6.76322769240939,,,
Pre-demographic dividend,PRE,1987,49.1852723373248,191.097449106349,6.73095394127132,,,
Pre-demographic dividend,PRE,1988,49.2986732736137,189.561713867818,6.69375609687275,,,
Pre-demographic dividend,PRE,1989,49.3896172800695,187.980812487369,6.65190919339994,,,
Pre-demographic dividend,PRE,1990,49.4623350136345,186.327568339848,6.60580551891402,,,
Pre-demographic dividend,PRE,1991,49.5200947259091,184.608563759618,6.55620270114562,,,
Pre-demographic dividend,PRE,1992,49.5685238524227,182.81762910629,6.50525427262822,,,
Pre-demographic dividend,PRE,1993,49.614266489104,180.963269307512,6.45439407970209,,,
Pre-demographic dividend,PRE,1994,49.6649021909204,178.862588460398,6.40438776464587,,,
Pre-demographic dividend,PRE,1995,49.728716067093,176.486872322034,6.35600614927144,4.23466576331401,20.6848142536488,
Pre-demographic dividend,PRE,1996,49.8161207112453,173.736331731547,6.30852034283385,4.23270107685457,25.5214259232883,
Pre-demographic dividend,PRE,1997,49.937064849625,170.515249749601,6.26205994984452,4.25000800279877,25.9314902106095,
Pre-demographic dividend,PRE,1998,50.1028337571058,166.767251109497,6.21633691134611,4.49933656181069,27.7701699494964,
Pre-demographic dividend,PRE,1999,50.3245806828916,162.476642397875,6.17128897175218,4.40018735531818,16.4252208993924,
Pre-demographic dividend,PRE,2000,50.6171135806856,157.719587664422,6.12719368923201,3.81317368908556,16.9153375585216,326.707994343095
Pre-demographic dividend,PRE,2001,50.9923034566836,152.476553383516,6.08394275613557,4.26800490632055,16.6383501177326,334.113938014345
Pre-demographic dividend,PRE,2002,51.4462083738366,146.939573386439,6.04063969462402,4.01704656094416,17.0743212184632,351.52750088418
Pre-demographic dividend,PRE,2003,51.9690658092931,141.305072373206,5.99634137601334,4.63149229153422,23.9544621665214,390.148249183886
Pre-demographic dividend,PRE,2004,52.5492968471186,135.686444275073,5.94994238091845,4.89818306511547,29.7195895508398,492.500842581801
Pre-demographic dividend,PRE,2005,53.1725696554823,130.126610521519,5.90099155960595,4.58991275390481,33.9243686459035,561.304712186971
Pre-demographic dividend,PRE,2006,53.8238469264113,124.758412503897,5.84822443322529,4.41787857432409,40.1568366986651,666.28218955254
Pre-demographic dividend,PRE,2007,54.4851307307993,119.498095959421,5.79216092308236,4.52404274095233,49.473722974246,784.305092232256
Pre-demographic dividend,PRE,2008,55.1387964726502,114.435064569135,5.73366913486141,4.67320367021757,59.7456508929597,948.306002475543
Pre-demographic dividend,PRE,2009,55.7701046609983,109.657132567925,5.67195959349308,5.14944960181784,56.8247903397661,1014.72064637487
Pre-demographic dividend,PRE,2010,56.3664800879084,105.184150773514,5.60656896961242,4.51137445363968,59.1113070325537,1124.91394309329
Pre-demographic dividend,PRE,2011,56.9212195297222,100.924629191532,5.53739779529838,4.41149806828387,65.3855243747236,1221.5807072013
Pre-demographic dividend,PRE,2012,57.4371100848632,96.8570552024899,5.46534107536256,4.56112856469152,71.0599750134951,1485.45824339043
Pre-demographic dividend,PRE,2013,57.918271405747,93.1875227464915,5.39132691430984,4.90016791989682,80.7800317201289,1607.83184585109
Pre-demographic dividend,PRE,2014,58.3645796622464,89.7717682032235,5.31608775591584,4.74289921306545,80.8472724731371,1672.01160350888
Pre-demographic dividend,PRE,2015,,86.7477135779842,,,,1571.14988481616
Puerto Rico,PRI,1985,74.3086829268293,,2.344,,,4280.0
Puerto Rico,PRI,1986,74.4003902439025,,2.308,,,4740.0
Puerto Rico,PRI,1987,74.4304634146341,,2.279,,,5320.0
Puerto Rico,PRI,1988,74.3935853658537,,2.256,,,5830.0
Puerto Rico,PRI,1989,74.2989512195122,,2.236,,,5980.0
Puerto Rico,PRI,1990,74.1691707317073,,2.219,,,6150.0
Puerto Rico,PRI,1991,74.0388048780488,,2.201,,,6360.0
Puerto Rico,PRI,1992,73.9463658536585,,2.18,,,6700.0
Puerto Rico,PRI,1993,73.9208780487805,,2.154,,,7050.0
Puerto Rico,PRI,1994,73.9769024390244,,2.124,,,7340.0
Puerto Rico,PRI,1995,74.1250731707317,,2.088,,,7800.0
Puerto Rico,PRI,1996,74.3624878048781,,1.94,,,8150.0
Puerto Rico,PRI,1997,74.6666341463415,,1.9,,,8430.0
Puerto Rico,PRI,1998,75.0114146341463,,1.9,,,8710.0
Puerto Rico,PRI,1999,75.3811707317073,,1.97425,,,9420.0
Puerto Rico,PRI,2000,76.6892682926829,,2.0485,,,10310.0
Puerto Rico,PRI,2001,77.0668292682927,,1.9346,,,11350.0
Puerto Rico,PRI,2002,77.7604878048781,,1.8317,,,11600.0
Puerto Rico,PRI,2003,78.0712195121951,,1.7624,,,12530.0
Puerto Rico,PRI,2004,78.1758536585366,,1.7822,,,13820.0
Puerto Rico,PRI,2005,78.2960975609756,,1.7702,,,14750.0
Puerto Rico,PRI,2006,78.4163414634146,,1.7123,,,15210.0
Puerto Rico,PRI,2007,78.4258536585366,,1.6505,,,15660.0
Puerto Rico,PRI,2008,77.9064634146342,,1.6516,,,16240.0
Puerto Rico,PRI,2009,78.1532682926829,,1.6528,,,16540.0
Puerto Rico,PRI,2010,78.4116341463415,,1.6235,,,16640.0
Puerto Rico,PRI,2011,78.6731707317073,,1.5965,,,17350.0
Puerto Rico,PRI,2012,78.9254146341464,,1.5425,,,18460.0
Puerto Rico,PRI,2013,79.1594390243903,,1.47,,,19320.0
Puerto Rico,PRI,2014,79.3747317073171,,1.47,,,
Puerto Rico,PRI,2015,,,,,,
Qatar,QAT,1985,74.1194390243902,28.2,4.929,,,
Qatar,QAT,1986,74.3428536585366,26.7,4.722,,,
Qatar,QAT,1987,74.5537317073171,25.2,4.521,,,
Qatar,QAT,1988,74.7520487804878,23.7,4.333,,,
Qatar,QAT,1989,74.9388292682927,22.2,4.163,,,
Qatar,QAT,1990,75.1160731707317,20.8,4.016,,,
Qatar,QAT,1991,75.2822926829268,19.5,3.894,,,
Qatar,QAT,1992,75.4404878048781,18.2,3.796,,,
Qatar,QAT,1993,75.5901463414634,17.1,3.715,,,
Qatar,QAT,1994,75.7327804878049,16.1,3.648,,,
Qatar,QAT,1995,75.8699024390244,15.3,3.59,3.70451691,601.71434893,
Qatar,QAT,1996,76.002487804878,14.6,3.534,3.69209934,653.45452538,
Qatar,QAT,1997,76.1305365853659,13.9,3.476,3.14452938,672.57469855,
Qatar,QAT,1998,76.2555609756098,13.4,3.41,3.40069377,635.7027162,
Qatar,QAT,1999,76.3770487804878,12.9,3.333,2.90482849,630.86591046,
Qatar,QAT,2000,76.495512195122,12.4,3.24,2.17801565,651.8008607,
Qatar,QAT,2001,76.6074390243903,11.9,3.126,2.55647744,730.57224935,
Qatar,QAT,2002,76.7133170731707,11.5,2.996,2.71181463,827.74046476,
Qatar,QAT,2003,76.8146829268293,11.1,2.855,4.14216222,1458.93271938,
Qatar,QAT,2004,76.9160731707317,10.7,2.707,3.60739107,1563.69596464,37210.0
Qatar,QAT,2005,77.0235365853659,10.3,2.562,3.01330669,1603.30027699,39560.0
Qatar,QAT,2006,77.1456097560976,10.0,2.428,2.58341286,1591.21382853,52570.0
Qatar,QAT,2007,77.2868536585366,9.7,2.312,2.31281695,1563.75088523,59970.0
Qatar,QAT,2008,77.448756097561,9.5,2.219,1.87470035,1555.81446668,67830.0
Qatar,QAT,2009,77.6298048780488,9.2,2.15,2.63380793,1618.84328078,63710.0
Qatar,QAT,2010,77.825512195122,9.0,2.104,2.09267664,1483.08538168,66890.0
Qatar,QAT,2011,78.0278048780488,8.8,2.077,1.92658264,1716.89144357,71850.0
Qatar,QAT,2012,78.2276585365854,8.6,2.059,2.15608952,2031.81419943,80340.0
Qatar,QAT,2013,78.4184878048781,8.4,2.043,2.14592773,2067.50838796,89210.0
Qatar,QAT,2014,78.5968048780488,8.2,2.026,2.18706236,2106.35550287,92320.0
Qatar,QAT,2015,,8.0,,,,85430.0
Romania,ROM,1985,69.7068292682927,38.9,2.31,,,
Romania,ROM,1986,69.4963414634146,39.4,2.39,,,
Romania,ROM,1987,69.2268292682927,39.8,2.38,,,
Romania,ROM,1988,69.3880487804878,39.8,2.3,,,
Romania,ROM,1989,69.5307317073171,39.0,2.22,,,
Romania,ROM,1990,69.7412195121951,37.7,1.83,,,
Romania,ROM,1991,69.7843902439024,36.4,1.59,,,
Romania,ROM,1992,69.7843902439024,35.1,1.51,,,1240.0
Romania,ROM,1993,69.5634146341464,34.1,1.43,,,1190.0
Romania,ROM,1994,69.509756097561,33.2,1.4,,,1270.0
Romania,ROM,1995,69.4560975609756,32.3,1.33,3.21659357,53.28660213,1500.0
Romania,ROM,1996,69.1048780487805,31.4,1.3,3.21466899,52.65654401,1650.0
Romania,ROM,1997,69.0048780487805,30.4,1.32,4.1685091,66.32548437,1600.0
Romania,ROM,1998,69.8073170731708,29.2,1.32,3.75124783,69.66704014,1590.0
Romania,ROM,1999,70.5121951219512,28.1,1.3,4.19795255,67.53149262,1620.0
Romania,ROM,2000,71.1634146341463,26.9,1.31,4.32741308,72.61456341,1720.0
Romania,ROM,2001,71.1609756097561,25.9,1.27,4.35687135,79.1604437,1780.0
Romania,ROM,2002,71.009756097561,24.9,1.27,4.57232682,96.65908781,1960.0
Romania,ROM,2003,71.309756097561,23.7,1.3,5.29882356,146.69956102,2330.0
Romania,ROM,2004,71.5942756097561,22.4,1.33,5.43201221,192.78775006,3010.0
Romania,ROM,2005,71.8788951219512,20.9,1.4,5.46905767,255.28539347,3930.0
Romania,ROM,2006,72.1634146341463,19.2,1.42,5.05987966,294.1443445,4960.0
Romania,ROM,2007,72.5658536585366,17.6,1.45,5.21089978,423.8460885,6520.0
Romania,ROM,2008,72.5658536585366,16.1,1.6,5.33489757,541.4711243,8630.0
Romania,ROM,2009,73.309756097561,14.9,1.66,5.55959499,456.80662635,8810.0
Romania,ROM,2010,73.4585365853659,13.9,1.59,5.83283431,482.9457049,8590.0
Romania,ROM,2011,74.409756097561,13.2,1.47,5.52618204,507.67805529,8610.0
Romania,ROM,2012,74.4121951219512,12.5,1.52,5.47833245,467.64442598,8740.0
Romania,ROM,2013,75.0634146341463,12.0,1.41,5.59558777,535.47585465,9260.0
Romania,ROM,2014,75.0634146341463,11.5,1.41,5.56500913,556.80968473,9590.0
Romania,ROM,2015,,11.1,,,,9500.0
Russian Federation,RUS,1985,67.8568292682927,30.0,2.05,,,
Russian Federation,RUS,1986,69.389756097561,29.1,2.15,,,
Russian Federation,RUS,1987,69.44,28.1,2.22,,,
Russian Federation,RUS,1988,69.4643902439024,27.2,2.12,,,
Russian Federation,RUS,1989,69.1717073170732,26.4,2.01,,,
Russian Federation,RUS,1990,68.9024390243902,26.0,1.89,,,
Russian Federation,RUS,1991,68.4743902439024,25.9,1.732,,,3440.0
Russian Federation,RUS,1992,66.8731707317073,26.1,1.552,,,3080.0
Russian Federation,RUS,1993,64.9358536585366,26.3,1.385,,,2920.0
Russian Federation,RUS,1994,64.4670731707317,26.4,1.4,,,2650.0
Russian Federation,RUS,1995,65.2212195121951,26.4,1.34,5.3627502,113.30726094,2640.0
Russian Federation,RUS,1996,66.1941463414634,26.0,1.277,5.55091916,146.97922624,2610.0
Russian Federation,RUS,1997,66.9507317073171,25.6,1.23,7.10045413,194.57312762,2650.0
Russian Federation,RUS,1998,66.7839024390244,25.0,1.24,6.61999512,121.70061232,2130.0
Russian Federation,RUS,1999,66.0436585365854,24.2,1.17,5.79575085,77.27970157,1750.0
Russian Federation,RUS,2000,65.3414634146341,23.2,1.21,5.42186816,96.18997485,1710.0
Russian Federation,RUS,2001,65.4878048780488,22.0,1.25,5.67444877,119.11219498,1780.0
Russian Federation,RUS,2002,65.0853658536585,20.7,1.3,5.98934673,142.17238601,2100.0
Russian Federation,RUS,2003,65.0075609756098,19.3,1.31,5.60863706,167.36663979,2580.0
Russian Federation,RUS,2004,65.4212195121951,18.0,1.33,5.18758222,213.47510305,3410.0
Russian Federation,RUS,2005,65.47,16.7,1.29,5.21198715,276.91262338,4450.0
Russian Federation,RUS,2006,66.6431707317073,15.5,1.3,5.30478653,367.67601447,5800.0
Russian Federation,RUS,2007,67.4975609756098,14.4,1.41,5.37995338,490.02294061,7560.0
Russian Federation,RUS,2008,67.8487804878049,13.5,1.49,6.22459761,718.67177762,9590.0
Russian Federation,RUS,2009,68.6048780487805,12.7,1.54,7.44325087,631.99061343,9230.0
Russian Federation,RUS,2010,68.8560975609756,12.0,1.57,6.83091103,727.3728625,9980.0
Russian Federation,RUS,2011,69.6585365853659,11.4,1.58,6.61180659,879.59598939,11040.0
Russian Federation,RUS,2012,70.3658536585366,10.8,1.7,6.87955814,963.48535489,13330.0
Russian Federation,RUS,2013,70.3658536585366,10.4,1.7,7.09185941,1023.90331556,14840.0
Russian Federation,RUS,2014,70.3658536585366,9.9,1.7,7.07040825,892.85156292,14330.0
Russian Federation,RUS,2015,,9.6,,,,11400.0
Rwanda,RWA,1985,50.4518536585366,160.1,8.285,,,260.0
Rwanda,RWA,1986,48.9896341463415,155.3,8.173,,,300.0
Rwanda,RWA,1987,46.3050975609756,151.6,8.013,,,320.0
Rwanda,RWA,1988,42.5479268292683,149.4,7.807,,,350.0
Rwanda,RWA,1989,38.0418048780488,149.3,7.562,,,350.0
Rwanda,RWA,1990,33.4851219512195,151.8,7.291,,,350.0
Rwanda,RWA,1991,29.7458292682927,157.3,7.015,,,320.0
Rwanda,RWA,1992,27.4836585365854,165.9,6.753,,,340.0
Rwanda,RWA,1993,27.0789024390244,185.4,6.518,,,310.0
Rwanda,RWA,1994,28.5681219512195,299.6,6.319,,,150.0
Rwanda,RWA,1995,31.634512195122,268.3,6.159,4.267379,9.33575834,210.0
Rwanda,RWA,1996,35.6591951219512,203.3,6.032,4.43501161,10.05409115,220.0
Rwanda,RWA,1997,39.8048048780488,223.0,5.926,4.41720949,12.57081486,260.0
Rwanda,RWA,1998,43.4151951219512,234.0,5.829,5.07816399,14.33508154,260.0
Rwanda,RWA,1999,46.2260731707317,200.6,5.734,4.57291275,10.95823586,260.0
Rwanda,RWA,2000,48.1923658536585,183.8,5.64,4.22067539,9.12830318,240.0
Rwanda,RWA,2001,49.5076829268293,170.2,5.545,4.38001652,8.80663844,220.0
Rwanda,RWA,2002,50.6048048780488,154.7,5.449,4.17579115,8.20312059,220.0
Rwanda,RWA,2003,51.8120731707317,139.4,5.353,6.34215334,13.47784062,210.0
Rwanda,RWA,2004,53.1976341463415,124.4,5.254,6.24465499,14.77667802,230.0
Rwanda,RWA,2005,54.7516097560976,110.7,5.146,6.83378867,19.58341557,270.0
Rwanda,RWA,2006,56.3866585365854,98.6,5.027,10.01649788,33.74981477,310.0
Rwanda,RWA,2007,57.946,87.8,4.895,8.49068054,33.81060938,360.0
Rwanda,RWA,2008,59.3153414634146,78.3,4.751,7.66066411,37.68590756,440.0
Rwanda,RWA,2009,60.4659756097561,70.6,4.598,7.20190506,38.14104042,500.0
Rwanda,RWA,2010,61.4017804878049,64.1,4.441,7.90988034,43.78889493,550.0
Rwanda,RWA,2011,62.1553658536585,57.7,4.287,7.71014085,46.79306593,590.0
Rwanda,RWA,2012,62.7993658536585,52.1,4.143,7.67761838,51.24153914,640.0
Rwanda,RWA,2013,63.3948292682927,47.8,4.012,7.6883653,52.20386055,670.0
Rwanda,RWA,2014,63.9656585365854,44.3,3.898,7.53155111,52.48366269,690.0
Rwanda,RWA,2015,,41.7,,,,700.0
Samoa,WSM,1985,62.463,37.3,5.62,,,
Samoa,WSM,1986,62.969,35.8,5.51,,,
Samoa,WSM,1987,63.4809756097561,34.5,5.404,,,
Samoa,WSM,1988,63.9989512195122,33.2,5.303,,,
Samoa,WSM,1989,64.5194146341463,32.1,5.208,,,
Samoa,WSM,1990,65.0404146341463,31.0,5.118,,,
Samoa,WSM,1991,65.5589512195122,30.0,5.034,,,
Samoa,WSM,1992,66.0700243902439,29.0,4.956,,,
Samoa,WSM,1993,66.5691463414634,27.9,4.882,,,
Samoa,WSM,1994,67.0518048780488,26.9,4.815,,,
Samoa,WSM,1995,67.5150243902439,25.9,4.751,4.60886667,60.90659426,
Samoa,WSM,1996,67.9542682926829,24.9,4.692,4.17497735,61.72436497,
Samoa,WSM,1997,68.3705365853659,24.1,4.637,4.64260971,73.92725118,1520.0
Samoa,WSM,1998,68.7648048780488,23.2,4.587,5.16712117,75.15659829,1550.0
Samoa,WSM,1999,69.1370487804878,22.4,4.541,5.59621339,83.01517186,1570.0
Samoa,WSM,2000,69.4873170731707,21.7,4.503,5.31099354,79.07623394,1600.0
Samoa,WSM,2001,69.8166097560976,21.0,4.476,5.15897595,79.06846984,1630.0
Samoa,WSM,2002,70.1284146341464,20.4,4.46,5.01272806,84.10002772,1630.0
Samoa,WSM,2003,70.4262682926829,20.0,4.454,4.70708479,95.59219731,1720.0
Samoa,WSM,2004,70.7146097560976,19.6,4.456,4.44716302,107.44455165,2100.0
Samoa,WSM,2005,70.9969268292683,19.3,4.46,4.4674683,115.59524965,2370.0
Samoa,WSM,2006,71.2786585365854,19.1,4.46,4.67689122,130.65125441,2560.0
Samoa,WSM,2007,71.5607804878049,18.9,4.45,5.25092298,164.37413903,2850.0
Samoa,WSM,2008,71.8442926829268,18.8,4.426,4.51961091,152.57537397,3050.0
Samoa,WSM,2009,72.1306829268293,24.1,4.389,5.04306066,160.04492268,3020.0
Samoa,WSM,2010,72.417,18.7,4.338,5.70478027,201.41500915,3230.0
Samoa,WSM,2011,72.7012682926829,18.6,4.277,5.79833054,235.76054799,3590.0
Samoa,WSM,2012,72.9800487804878,18.5,4.212,5.01570584,213.56641358,3860.0
Samoa,WSM,2013,73.2503902439024,18.2,4.147,6.90784194,288.79050092,3960.0
Samoa,WSM,2014,73.5118292682927,17.9,4.086,7.21510906,301.09711263,4050.0
Samoa,WSM,2015,,17.5,,,,3930.0
San Marino,SMR,1985,,,,,,
San Marino,SMR,1986,,14.3,,,,
San Marino,SMR,1987,,13.4,,,,
San Marino,SMR,1988,,12.5,,,,
San Marino,SMR,1989,,11.7,,,,
San Marino,SMR,1990,,10.9,,,,
San Marino,SMR,1991,,10.2,,,,
San Marino,SMR,1992,,9.5,,,,
San Marino,SMR,1993,,8.9,,,,
San Marino,SMR,1994,,8.3,,,,
San Marino,SMR,1995,,7.8,,5.30852454,2302.19830505,
San Marino,SMR,1996,79.119512195122,7.3,,5.1019538,2312.95755134,
San Marino,SMR,1997,79.4731707317073,6.8,,4.79610226,1999.56766482,
San Marino,SMR,1998,80.1731707317073,6.3,,4.71353812,2101.73544185,
San Marino,SMR,1999,80.5243902439024,5.9,,4.72906653,2196.12145726,
San Marino,SMR,2000,80.619512195122,5.5,,4.81420422,2007.88830846,
San Marino,SMR,2001,80.9731707317073,5.2,,4.70998606,2039.67136877,26370.0
San Marino,SMR,2002,81.119512195122,4.9,,4.67493655,2165.02711506,26090.0
San Marino,SMR,2003,81.219512195122,4.6,,4.25442586,2474.99084558,30370.0
San Marino,SMR,2004,81.7219512195122,4.4,,4.17137933,2808.93577325,36960.0
San Marino,SMR,2005,81.9756097560976,4.2,,4.08634536,2834.30422469,41830.0
San Marino,SMR,2006,82.1804878048781,4.0,,3.85005378,2822.16130866,44440.0
San Marino,SMR,2007,82.5060975609756,3.9,,3.87083755,3227.31711823,47670.0
San Marino,SMR,2008,82.8317073170732,3.7,,3.94560934,3614.69803502,52140.0
San Marino,SMR,2009,82.9955432372506,3.6,,4.57007456,3562.38745487,
San Marino,SMR,2010,83.1593791574279,3.5,,5.01688731,3500.6326814,
San Marino,SMR,2011,83.3232150776053,3.4,,5.71712772,3800.55327695,
San Marino,SMR,2012,,3.2,1.26,6.28075946,3627.96071965,
San Marino,SMR,2013,,3.1,,6.04907828,3472.71326039,
San Marino,SMR,2014,,3.0,,6.12906486,3459.0665367,
San Marino,SMR,2015,,2.9,,,,
Sao Tome and Principe,STP,1985,60.9302195121951,102.6,6.101,,,
Sao Tome and Principe,STP,1986,61.0882926829268,104.8,6.044,,,
Sao Tome and Principe,STP,1987,61.2600975609756,106.9,5.988,,,
Sao Tome and Principe,STP,1988,61.4329512195122,108.4,5.932,,,
Sao Tome and Principe,STP,1989,61.604243902439,109.8,5.876,,,
Sao Tome and Principe,STP,1990,61.7714390243902,110.7,5.82,,,
Sao Tome and Principe,STP,1991,61.9345365853659,111.2,5.765,,,
Sao Tome and Principe,STP,1992,62.0950975609756,111.1,5.71,,,
Sao Tome and Principe,STP,1993,62.2551463414634,110.2,5.655,,,
Sao Tome and Principe,STP,1994,62.4147073170732,108.7,5.6,,,
Sao Tome and Principe,STP,1995,62.5702682926829,106.5,5.545,7.64273595,59.96230485,
Sao Tome and Principe,STP,1996,62.7183170731707,103.7,5.491,6.80703133,68.39980683,
Sao Tome and Principe,STP,1997,62.8599024390244,100.5,5.437,8.31632977,55.87498471,
Sao Tome and Principe,STP,1998,62.9974634146341,97.0,5.384,7.35704318,38.23240916,
Sao Tome and Principe,STP,1999,63.1370243902439,93.2,5.33,8.49001082,46.36963726,
Sao Tome and Principe,STP,2000,63.2925365853659,89.3,5.278,8.8589867,46.80312312,
Sao Tome and Principe,STP,2001,63.4779756097561,85.4,5.226,10.27774064,53.02487199,
Sao Tome and Principe,STP,2002,63.7018536585366,81.5,5.174,10.2099232,57.83615945,
Sao Tome and Principe,STP,2003,63.9651219512195,77.6,5.123,11.1180666,74.33483013,590.0
Sao Tome and Principe,STP,2004,64.2612926829268,73.7,5.072,9.93609895,71.79154418,670.0
Sao Tome and Principe,STP,2005,64.5769024390244,70.1,5.022,10.03778171,81.78582809,780.0
Sao Tome and Principe,STP,2006,64.8924634146342,66.7,4.974,7.84085755,69.14311754,900.0
Sao Tome and Principe,STP,2007,65.188,63.6,4.927,7.43878143,70.14076886,950.0
Sao Tome and Principe,STP,2008,65.4505365853659,61.0,4.881,5.66213472,69.40182364,1040.0
Sao Tome and Principe,STP,2009,65.6726097560976,58.5,4.835,6.6527575,86.34850836,1130.0
Sao Tome and Principe,STP,2010,65.8546829268293,56.4,4.789,5.24180131,66.49702819,1190.0
Sao Tome and Principe,STP,2011,66.0037804878049,54.4,4.74,5.44255012,81.2151655,1260.0
Sao Tome and Principe,STP,2012,66.1339024390244,52.4,4.689,8.60347569,133.62153417,1360.0
Sao Tome and Principe,STP,2013,66.259512195122,50.8,4.634,9.76121412,182.77890671,1540.0
Sao Tome and Principe,STP,2014,66.3846097560976,49.0,4.576,8.35346606,165.55371735,1670.0
Sao Tome and Principe,STP,2015,,47.3,,,,
Saudi Arabia,SAU,1985,66.6368292682927,69.1,6.649,,,9160.0
Saudi Arabia,SAU,1986,67.2117073170732,63.7,6.493,,,8550.0
Saudi Arabia,SAU,1987,67.7481707317073,58.4,6.338,,,7520.0
Saudi Arabia,SAU,1988,68.2496585365854,53.3,6.189,,,7410.0
Saudi Arabia,SAU,1989,68.721243902439,48.6,6.045,,,6950.0
Saudi Arabia,SAU,1990,69.1670243902439,44.3,5.904,,,7230.0
Saudi Arabia,SAU,1991,69.5921951219512,40.5,5.76,,,8010.0
Saudi Arabia,SAU,1992,69.9979268292683,37.1,5.604,,,8520.0
Saudi Arabia,SAU,1993,70.3859512195122,34.2,5.433,,,8110.0
Saudi Arabia,SAU,1994,70.7563658536586,31.8,5.247,,,7690.0
Saudi Arabia,SAU,1995,71.1092926829268,29.7,5.045,2.93255211,221.28704409,7710.0
Saudi Arabia,SAU,1996,71.4432926829268,27.8,4.83,2.93290445,239.00530439,8020.0
Saudi Arabia,SAU,1997,71.7542926829268,26.3,4.608,3.02890481,251.94029287,8250.0
Saudi Arabia,SAU,1998,72.0401707317073,25.0,4.388,3.31272189,237.85830363,7870.0
Saudi Arabia,SAU,1999,72.2988536585366,23.8,4.175,4.09906153,316.80335796,7570.0
Saudi Arabia,SAU,2000,72.5262195121951,22.9,3.976,4.23538585,373.08982798,7860.0
Saudi Arabia,SAU,2001,72.7166341463415,22.0,3.797,4.48913476,373.30448538,8130.0
Saudi Arabia,SAU,2002,72.8714634146342,21.3,3.639,4.28214226,356.18458436,8150.0
Saudi Arabia,SAU,2003,72.9946097560976,20.7,3.504,4.01870035,369.17013721,8870.0
Saudi Arabia,SAU,2004,73.0934634146342,20.1,3.392,3.5839803,385.49369558,10530.0
Saudi Arabia,SAU,2005,73.177,19.7,3.3,3.4187517,453.79538727,12460.0
Saudi Arabia,SAU,2006,73.2581707317073,19.2,3.224,3.54970413,526.31169269,14160.0
Saudi Arabia,SAU,2007,73.3450731707317,18.7,3.16,3.48745137,556.15812887,15830.0
Saudi Arabia,SAU,2008,73.445756097561,18.1,3.101,2.87015066,557.86701783,18380.0
Saudi Arabia,SAU,2009,73.5642682926829,17.6,3.044,4.08644859,639.73698254,17940.0
Saudi Arabia,SAU,2010,73.7016097560976,17.0,2.987,3.49296819,655.07056676,18470.0
Saudi Arabia,SAU,2011,73.8548536585366,16.5,2.93,3.56571403,829.24598404,20450.0
Saudi Arabia,SAU,2012,74.0160243902439,16.0,2.873,3.86342862,961.3441153,23690.0
Saudi Arabia,SAU,2013,74.1776341463415,15.5,2.818,4.24536506,1052.09649526,25230.0
Saudi Arabia,SAU,2014,74.3372195121951,15.0,2.765,4.68408481,1147.44557652,25500.0
Saudi Arabia,SAU,2015,,14.5,,,,23550.0
Senegal,SEN,1985,53.9041463414634,172.6,7.089,,,430.0
Senegal,SEN,1986,54.8007804878049,164.5,7.011,,,500.0
Senegal,SEN,1987,55.5970243902439,156.6,6.925,,,640.0
Senegal,SEN,1988,56.2679024390244,149.6,6.833,,,730.0
Senegal,SEN,1989,56.8009024390244,144.1,6.734,,,730.0
Senegal,SEN,1990,57.1830975609756,140.4,6.63,,,710.0
Senegal,SEN,1991,57.409487804878,138.7,6.519,,,710.0
Senegal,SEN,1992,57.5066097560976,138.5,6.404,,,750.0
Senegal,SEN,1993,57.5113658536585,139.3,6.287,,,710.0
Senegal,SEN,1994,57.456243902439,140.6,6.169,,,590.0
Senegal,SEN,1995,57.3796097560976,142.1,6.053,3.93436113,22.03558854,560.0
Senegal,SEN,1996,57.3193414634146,143.2,5.94,4.08425752,23.14480483,540.0
Senegal,SEN,1997,57.3033658536585,143.4,5.833,3.93954329,20.08857657,540.0
Senegal,SEN,1998,57.3591463414634,142.4,5.731,3.96613493,21.2540616,530.0
Senegal,SEN,1999,57.508243902439,139.7,5.638,4.48967969,24.01328329,530.0
Senegal,SEN,2000,57.7658048780488,134.9,5.552,4.63151098,21.98009293,510.0
Senegal,SEN,2001,58.1355609756098,128.4,5.474,4.97866497,24.00055238,490.0
Senegal,SEN,2002,58.5961707317073,120.7,5.403,5.06418774,25.99912552,470.0
Senegal,SEN,2003,59.1276829268293,112.5,5.338,5.39898595,34.69528609,550.0
Senegal,SEN,2004,59.718512195122,104.2,5.28,5.68098678,41.60289552,670.0
Senegal,SEN,2005,60.3619268292683,96.2,5.232,5.35462391,41.37262946,770.0
Senegal,SEN,2006,61.0540731707317,88.8,5.198,5.4435566,43.99963477,800.0
Senegal,SEN,2007,61.7841707317073,82.0,5.177,4.72179722,44.78656719,870.0
Senegal,SEN,2008,62.5350731707317,75.8,5.169,4.93514752,54.01896773,980.0
Senegal,SEN,2009,63.2867804878049,70.1,5.171,4.8075596,48.95968683,1030.0
Senegal,SEN,2010,64.0144390243903,64.8,5.174,4.62149151,46.12801624,1040.0
Senegal,SEN,2011,64.6953658536585,60.0,5.173,4.41690185,47.75251607,1030.0
Senegal,SEN,2012,65.3188780487805,55.9,5.161,4.31118548,43.94271385,1040.0
Senegal,SEN,2013,65.878756097561,52.5,5.134,4.51055336,46.91551225,1040.0
Senegal,SEN,2014,66.3725853658537,49.7,5.09,4.66497201,49.53139304,1040.0
Senegal,SEN,2015,,47.2,,,,1000.0
Serbia,SRB,1985,,39.1,,,,
Serbia,SRB,1986,,37.9,,,,
Serbia,SRB,1987,,36.2,,,,
Serbia,SRB,1988,,33.9,,,,
Serbia,SRB,1989,,31.2,,,,
Serbia,SRB,1990,,28.4,,,,
Serbia,SRB,1991,71.4878048780488,25.9,1.8,,,
Serbia,SRB,1992,,24.2,,,,
Serbia,SRB,1993,,23.1,,,,
Serbia,SRB,1994,,21.8,,,,
Serbia,SRB,1995,,19.7,1.7,6.50632514,82.08500233,
Serbia,SRB,1996,,17.4,,6.50568356,149.81901685,
Serbia,SRB,1997,72.0390243902439,15.4,1.6,6.51275954,166.93199055,2850.0
Serbia,SRB,1998,,13.9,,6.56727432,112.52215539,2800.0
Serbia,SRB,1999,,13.1,,6.60692489,64.96017859,2390.0
Serbia,SRB,2000,71.5829268292683,12.6,1.48,6.52558279,65.51965317,1530.0
Serbia,SRB,2001,72.2341463414634,12.2,1.58,6.88541032,111.30960122,1450.0
Serbia,SRB,2002,72.2853658536585,11.6,1.57,8.09016738,174.49182939,1430.0
Serbia,SRB,2003,72.4365853658537,10.6,1.59,8.12851142,230.82900211,2260.0
Serbia,SRB,2004,72.6829268292683,9.6,1.57,8.23883414,273.00152484,3070.0
Serbia,SRB,2005,72.8341463414634,8.9,1.45,8.70154867,304.75409006,3630.0
Serbia,SRB,2006,73.3853658536585,8.4,1.43,8.99165287,373.16084892,3970.0
Serbia,SRB,2007,73.6317073170732,8.1,1.38,10.01500892,549.47219794,4580.0
Serbia,SRB,2008,73.8853658536585,8.0,1.4,10.04801464,672.1070102,5650.0
Serbia,SRB,2009,73.9853658536586,7.8,1.44,9.90349052,576.42969178,6040.0
Serbia,SRB,2010,74.3365853658537,7.6,1.4,10.08880983,541.02493309,5850.0
Serbia,SRB,2011,74.5365853658537,7.3,1.4,9.72329413,627.94814569,5910.0
Serbia,SRB,2012,74.8365853658537,7.1,1.45,9.89106186,559.65259356,5700.0
Serbia,SRB,2013,75.1853658536585,6.9,1.43,10.11558912,644.54643129,6050.0
Serbia,SRB,2014,75.5341463414634,6.8,1.43,10.36881192,632.92484151,5840.0
Serbia,SRB,2015,,6.7,,,,5500.0
Seychelles,SYC,1985,,20.5,,,,2410.0
Seychelles,SYC,1986,,19.5,,,,2650.0
Seychelles,SYC,1987,69.7319512195122,18.6,3.0,,,3210.0
Seychelles,SYC,1988,,17.8,,,,3970.0
Seychelles,SYC,1989,,17.1,,,,4530.0
Seychelles,SYC,1990,,16.5,,,,5000.0
Seychelles,SYC,1991,,16.0,,,,5180.0
Seychelles,SYC,1992,70.6707317073171,15.5,2.696,,,5930.0
Seychelles,SYC,1993,,15.1,,,,6350.0
Seychelles,SYC,1994,,14.7,,,,6560.0
Seychelles,SYC,1995,,14.5,,4.97004056,329.30156971,6460.0
Seychelles,SYC,1996,,14.3,,5.07147834,328.44025354,6740.0
Seychelles,SYC,1997,71.4146341463415,14.2,2.1,5.57218446,399.73553233,7330.0
Seychelles,SYC,1998,,14.2,2.04,4.94515287,379.78950855,7320.0
Seychelles,SYC,1999,,14.2,2.04,4.95764546,385.74340185,7290.0
Seychelles,SYC,2000,,14.3,2.08,4.61725436,349.83463635,7290.0
Seychelles,SYC,2001,,14.3,1.98,4.45396104,335.86341279,7310.0
Seychelles,SYC,2002,72.9536585365854,14.3,2.04,4.20887554,349.09503388,6850.0
Seychelles,SYC,2003,71.0292682926829,14.3,2.1,4.64427154,382.14593454,7490.0
Seychelles,SYC,2004,72.609756097561,14.3,2.0,4.17338663,400.98064927,9280.0
Seychelles,SYC,2005,72.1317073170732,14.2,2.2,3.90758098,404.68640013,11140.0
Seychelles,SYC,2006,72.2170731707317,14.2,2.1,3.72881909,421.6033593,12580.0
Seychelles,SYC,2007,73.1926829268293,14.2,2.24,3.30160537,375.67370921,12270.0
Seychelles,SYC,2008,73.1634146341463,14.2,2.3,2.6367745,278.31590508,11130.0
Seychelles,SYC,2009,73.0341463414634,14.2,2.4,2.63590921,241.85090543,10220.0
Seychelles,SYC,2010,73.1975609756098,14.2,2.1,3.59400354,374.52210328,10190.0
Seychelles,SYC,2011,72.7243902439024,14.2,2.4,3.38253043,384.30399121,11060.0
Seychelles,SYC,2012,74.2268292682927,14.2,2.4,4.08323853,489.96658292,12240.0
Seychelles,SYC,2013,73.119512195122,14.0,2.4,3.57848961,530.31244883,13510.0
Seychelles,SYC,2014,73.2292682926829,13.8,2.3,3.36981689,494.12828419,14090.0
Seychelles,SYC,2015,,13.6,,,,14760.0
Sierra Leone,SLE,1985,40.3248048780488,272.8,6.576,,,260.0
Sierra Leone,SLE,1986,39.8862682926829,270.5,6.612,,,190.0
Sierra Leone,SLE,1987,39.3306585365854,268.2,6.64,,,190.0
Sierra Leone,SLE,1988,38.6940731707317,266.7,6.66,,,190.0
Sierra Leone,SLE,1989,38.0185853658537,265.2,6.67,,,230.0
Sierra Leone,SLE,1990,37.3534146341463,264.3,6.669,,,200.0
Sierra Leone,SLE,1991,36.7483414634146,263.4,6.659,,,190.0
Sierra Leone,SLE,1992,36.2465853658537,262.6,6.64,,,150.0
Sierra Leone,SLE,1993,35.885756097561,261.5,6.614,,,180.0
Sierra Leone,SLE,1994,35.7013902439024,259.9,6.582,,,180.0
Sierra Leone,SLE,1995,35.7247804878049,257.5,6.543,11.3546981,25.76209665,200.0
Sierra Leone,SLE,1996,35.9741463414634,254.4,6.499,11.08218521,27.22684179,230.0
Sierra Leone,SLE,1997,36.4261951219512,250.5,6.448,11.59462938,25.6490458,220.0
Sierra Leone,SLE,1998,37.0468048780488,246.0,6.391,10.92184125,18.93398411,190.0
Sierra Leone,SLE,1999,37.8125365853659,241.1,6.327,12.15877898,20.61113315,170.0
Sierra Leone,SLE,2000,38.6901463414634,235.8,6.257,13.63256032,21.34722558,160.0
Sierra Leone,SLE,2001,39.645487804878,229.9,6.18,11.8345473,30.27135501,170.0
Sierra Leone,SLE,2002,40.6429024390244,223.9,6.097,11.96043347,33.51034083,230.0
Sierra Leone,SLE,2003,41.6491219512195,217.4,6.007,11.69246204,34.50147864,300.0
Sierra Leone,SLE,2004,42.6391951219512,210.8,5.91,11.66277367,34.27162877,310.0
Sierra Leone,SLE,2005,43.6030731707317,203.7,5.805,12.24678485,39.31161327,320.0
Sierra Leone,SLE,2006,44.5480731707317,196.2,5.69,10.67789154,38.39062028,340.0
Sierra Leone,SLE,2007,45.4883658536585,188.0,5.565,10.1169446,40.50631771,400.0
Sierra Leone,SLE,2008,46.4276341463415,179.1,5.432,10.29246346,46.70065044,470.0
Sierra Leone,SLE,2009,47.3502195121951,169.9,5.293,13.13439594,57.07346535,490.0
Sierra Leone,SLE,2010,48.2289512195122,160.2,5.151,10.31962615,46.0607999,470.0
Sierra Leone,SLE,2011,49.0347317073171,150.6,5.01,11.98498249,59.4716366,500.0
Sierra Leone,SLE,2012,49.7490975609756,141.6,4.874,11.23526449,70.44623022,520.0
Sierra Leone,SLE,2013,50.3631219512195,133.4,4.746,11.58532421,92.4048297,730.0
Sierra Leone,SLE,2014,50.8787804878049,126.4,4.626,11.08990224,85.90729075,770.0
Sierra Leone,SLE,2015,,120.4,,,,630.0
Singapore,SGP,1985,73.890243902439,10.9,1.614,,,7090.0
Singapore,SGP,1986,74.2463414634146,10.4,1.433,,,7320.0
Singapore,SGP,1987,74.5487804878049,9.8,1.621,,,8070.0
Singapore,SGP,1988,74.6975609756098,9.2,1.956,,,9300.0
Singapore,SGP,1989,74.9463414634146,8.4,1.754,,,10300.0
Singapore,SGP,1990,75.2951219512195,7.7,1.865,,,11450.0
Singapore,SGP,1991,75.6463414634146,6.9,1.77,,,12980.0
Singapore,SGP,1992,75.9463414634146,6.3,1.76,,,15320.0
Singapore,SGP,1993,76.0463414634146,5.8,1.778,,,17760.0
Singapore,SGP,1994,76.1975609756098,5.4,1.75,,,20780.0
Singapore,SGP,1995,76.2951219512195,5.2,1.71,2.93538792,740.80461449,23610.0
Singapore,SGP,1996,76.5951219512195,5.0,1.696,2.85809099,771.75335596,25640.0
Singapore,SGP,1997,76.8975609756098,4.8,1.635,2.79514503,766.38698331,27750.0
Singapore,SGP,1998,77.3,4.6,1.494,3.10455417,712.30350846,24010.0
Singapore,SGP,1999,77.5512195121951,4.3,1.475,2.81540411,635.50211909,23410.0
Singapore,SGP,2000,77.9512195121951,4.0,,2.70571076,661.79880128,23670.0
Singapore,SGP,2001,78.2512195121951,3.7,1.41,2.3688879,525.71157548,21990.0
Singapore,SGP,2002,78.5512195121951,3.4,1.37,2.84341036,632.06467254,21760.0
Singapore,SGP,2003,79.0390243902439,3.2,1.27,3.62564229,826.63461597,23110.0
Singapore,SGP,2004,79.490243902439,3.0,1.26,3.17368627,828.28450233,25650.0
Singapore,SGP,2005,79.990243902439,2.9,1.26,3.7437377,1061.09628488,28370.0
Singapore,SGP,2006,80.1414634146341,2.9,1.28,3.65590488,1170.88566142,32080.0
Singapore,SGP,2007,80.4414634146342,2.9,1.29,3.45830706,1315.14601615,35660.0
Singapore,SGP,2008,80.790243902439,2.8,1.28,3.91164646,1550.50527439,36680.0
Singapore,SGP,2009,81.2414634146342,2.8,1.22,4.27307275,1655.88986749,37080.0
Singapore,SGP,2010,81.5414634146342,2.8,1.15,3.95624757,1841.59139798,44790.0
Singapore,SGP,2011,81.7439024390244,2.8,1.2,3.93233174,2086.14265224,48530.0
Singapore,SGP,2012,81.9951219512195,2.8,1.29,4.22285179,2310.35840362,51300.0
Singapore,SGP,2013,82.2463414634147,2.8,1.19,4.52704132,2531.50112234,54470.0
Singapore,SGP,2014,82.6463414634146,2.8,1.25,4.92279194,2752.32043947,55330.0
Singapore,SGP,2015,,2.7,,,,52090.0
Sint Maarten (Dutch part),SXM,1985,,,,,,
Sint Maarten (Dutch part),SXM,1986,,,,,,
Sint Maarten (Dutch part),SXM,1987,,,,,,
Sint Maarten (Dutch part),SXM,1988,,,,,,
Sint Maarten (Dutch part),SXM,1989,,,,,,
Sint Maarten (Dutch part),SXM,1990,,,,,,
Sint Maarten (Dutch part),SXM,1991,,,,,,
Sint Maarten (Dutch part),SXM,1992,,,2.03,,,
Sint Maarten (Dutch part),SXM,1993,,,,,,
Sint Maarten (Dutch part),SXM,1994,,,,,,
Sint Maarten (Dutch part),SXM,1995,,,,,,
Sint Maarten (Dutch part),SXM,1996,,,,,,
Sint Maarten (Dutch part),SXM,1997,,,,,,
Sint Maarten (Dutch part),SXM,1998,,,,,,
Sint Maarten (Dutch part),SXM,1999,,,,,,
Sint Maarten (Dutch part),SXM,2000,,,,,,
Sint Maarten (Dutch part),SXM,2001,,,1.95,,,
Sint Maarten (Dutch part),SXM,2002,,,,,,
Sint Maarten (Dutch part),SXM,2003,,,,,,
Sint Maarten (Dutch part),SXM,2004,,,,,,
Sint Maarten (Dutch part),SXM,2005,,,,,,
Sint Maarten (Dutch part),SXM,2006,,,,,,
Sint Maarten (Dutch part),SXM,2007,74.5439024390244,,1.5,,,
Sint Maarten (Dutch part),SXM,2008,74.5365853658537,,1.7,,,
Sint Maarten (Dutch part),SXM,2009,75.5878048780488,,1.7,,,
Sint Maarten (Dutch part),SXM,2010,,,,,,
Sint Maarten (Dutch part),SXM,2011,,,2.03,,,
Sint Maarten (Dutch part),SXM,2012,73.0536585365854,,,,,
Sint Maarten (Dutch part),SXM,2013,,,,,,
Sint Maarten (Dutch part),SXM,2014,,,,,,
Sint Maarten (Dutch part),SXM,2015,,,,,,
Slovak Republic,SVK,1985,70.7346341463415,21.8,2.26,,,
Slovak Republic,SVK,1986,71.0212195121951,20.9,2.2,,,
Slovak Republic,SVK,1987,71.0887804878049,20.0,2.14,,,
Slovak Republic,SVK,1988,71.2078048780488,19.2,2.13,,,
Slovak Republic,SVK,1989,71.0263414634146,18.4,2.07,,,
Slovak Republic,SVK,1990,70.9326829268293,17.7,2.09,,,
Slovak Republic,SVK,1991,70.8829268292683,16.9,2.05,,,
Slovak Republic,SVK,1992,71.7951219512195,16.3,1.93,,,
Slovak Republic,SVK,1993,72.4487804878049,15.6,1.87,,,
Slovak Republic,SVK,1994,72.3,15.0,1.67,,,
Slovak Republic,SVK,1995,72.2536585365854,14.4,1.52,6.06387494,221.76011866,4200.0
Slovak Republic,SVK,1996,72.6536585365854,13.8,1.47,6.43714522,253.75340994,5000.0
Slovak Republic,SVK,1997,72.7048780487805,13.2,1.43,5.78420775,230.04936766,5400.0
Slovak Republic,SVK,1998,72.5512195121951,12.7,1.37,5.65522564,234.92279258,5410.0
Slovak Republic,SVK,1999,72.9024390243902,12.2,1.33,5.75379503,218.42504589,5360.0
Slovak Republic,SVK,2000,73.0512195121951,11.7,1.3,5.49890785,207.84075745,5520.0
Slovak Republic,SVK,2001,73.4024390243903,11.3,1.2,5.50461613,216.056293,5710.0
Slovak Republic,SVK,2002,73.6048780487805,10.9,1.19,5.62930119,256.06364809,6000.0
Slovak Republic,SVK,2003,73.6048780487805,10.6,1.2,5.81850192,360.2313503,6930.0
Slovak Republic,SVK,2004,73.9585365853659,10.2,1.25,7.21098106,566.27244787,9000.0
Slovak Republic,SVK,2005,73.9048780487805,9.9,1.27,7.04485118,628.10358406,11280.0
Slovak Republic,SVK,2006,74.2048780487805,9.5,1.25,7.34768079,763.15738879,12850.0
Slovak Republic,SVK,2007,74.2073170731707,9.2,1.27,7.75529417,1082.0465613,14830.0
Slovak Republic,SVK,2008,74.7048780487805,8.9,1.34,8.0208281,1406.44816195,17160.0
Slovak Republic,SVK,2009,74.909756097561,8.6,1.44,9.15199445,1483.38950438,17110.0
Slovak Republic,SVK,2010,75.1121951219512,8.4,1.43,8.50861648,1377.72643292,17590.0
Slovak Republic,SVK,2011,75.9585365853659,8.1,1.45,7.95706221,1414.96690178,17240.0
Slovak Republic,SVK,2012,76.109756097561,7.9,1.34,8.14522055,1376.85744034,17520.0
Slovak Republic,SVK,2013,76.4121951219512,7.7,1.34,8.00422824,1417.02056095,18060.0
Slovak Republic,SVK,2014,76.7146341463415,7.5,1.34,8.05404755,1454.81013033,17950.0
Slovak Republic,SVK,2015,,7.3,,,,17310.0
Slovenia,SVN,1985,71.3512195121951,14.4,1.71,,,
Slovenia,SVN,1986,71.8024390243903,13.5,1.67,,,
Slovenia,SVN,1987,72.0024390243902,12.7,1.65,,,
Slovenia,SVN,1988,72.4463414634146,11.9,1.63,,,
Slovenia,SVN,1989,72.7048780487805,11.1,1.52,,,
Slovenia,SVN,1990,73.2048780487805,10.4,1.46,,,
Slovenia,SVN,1991,73.3536585365854,9.7,1.42,,,
Slovenia,SVN,1992,73.3048780487805,9.1,1.33,,,
Slovenia,SVN,1993,73.2536585365854,8.5,1.33,,,
Slovenia,SVN,1994,73.4048780487805,7.9,1.32,,,
Slovenia,SVN,1995,73.9585365853659,7.4,1.29,7.45548818,784.94979598,
Slovenia,SVN,1996,74.4585365853658,7.0,1.28,7.63863893,811.81993441,
Slovenia,SVN,1997,74.7073170731707,6.6,1.25,7.75623737,797.5119827,11300.0
Slovenia,SVN,1998,74.8073170731708,6.2,1.23,7.81007276,856.06939411,11050.0
Slovenia,SVN,1999,75.009756097561,5.8,1.21,7.79898595,879.64644825,11370.0
Slovenia,SVN,2000,75.4121951219512,5.5,1.26,8.26416456,831.06945111,11350.0
Slovenia,SVN,2001,75.7585365853659,5.2,1.21,8.56912386,882.70387018,11000.0
Slovenia,SVN,2002,76.0073170731707,5.0,1.21,8.62002958,1000.16555928,10990.0
Slovenia,SVN,2003,76.8585365853659,4.7,1.2,8.76732486,1281.13114993,12700.0
Slovenia,SVN,2004,77.2073170731707,4.5,1.25,8.46523245,1435.0941209,15700.0
Slovenia,SVN,2005,77.6121951219512,4.3,1.26,8.49586245,1519.54981317,18440.0
Slovenia,SVN,2006,78.0865853658537,4.0,1.31,8.41787985,1636.7250112,19950.0
Slovenia,SVN,2007,78.5609756097561,3.8,1.38,7.98322378,1880.51036443,21870.0
Slovenia,SVN,2008,78.7658536585366,3.6,1.53,8.46557039,2297.77315495,24610.0
Slovenia,SVN,2009,78.9707317073171,3.5,1.53,9.37871271,2271.08176676,24370.0
Slovenia,SVN,2010,79.4219512195122,3.3,1.57,9.06859821,2083.05918364,24540.0
Slovenia,SVN,2011,79.9707317073171,3.1,1.56,9.0771408,2225.15491647,24600.0
Slovenia,SVN,2012,80.1243902439024,3.0,1.58,9.36723766,2068.51890205,23290.0
Slovenia,SVN,2013,80.3219512195122,2.8,1.55,9.29292245,2114.88165106,23210.0
Slovenia,SVN,2014,80.519512195122,2.7,1.55,9.23388628,2160.7467006,23560.0
Slovenia,SVN,2015,,2.6,,,,22610.0
Small states,SST,1985,63.1879401678268,75.6061996823729,4.29091933848923,,,
Small states,SST,1986,63.4638710314575,89.4844377338045,4.24768254868939,,,
Small states,SST,1987,63.7614801896696,87.5597178204791,4.20852975375532,,,
Small states,SST,1988,63.8925226673492,85.7539932792081,4.17206669092997,,,
Small states,SST,1989,64.0410123290147,84.2013275261641,4.12334113545625,,,
Small states,SST,1990,64.1539352766027,82.8071895188522,4.06719946129888,,,
Small states,SST,1991,64.2514544561554,81.7573309833951,3.99513090449678,,,
Small states,SST,1992,64.3061614533005,80.9687389245488,3.93857814528672,,,
Small states,SST,1993,64.1656953101734,80.4269544384829,3.8685586979869,,,
Small states,SST,1994,63.9891439109996,80.0878341931931,3.8124133659254,,,
Small states,SST,1995,63.8808797576555,79.9249646483133,3.75177553685739,4.9550056214506,183.756503701866,
Small states,SST,1996,63.785315528602,79.7255947750072,3.69687738648944,5.05900088701777,196.52210593302,
Small states,SST,1997,63.6125923371412,79.4233956950571,3.62461812000811,5.06887111728448,203.440859638715,
Small states,SST,1998,63.2782305681825,78.8806018072033,3.55742676249743,5.25254444395503,208.901158252131,
Small states,SST,1999,63.0956861214701,78.2669128404941,3.49935522177737,5.09807560197996,214.018546824181,
Small states,SST,2000,62.9922506032052,77.4170827235167,3.43956295001538,4.80147781615239,211.864148521517,
Small states,SST,2001,62.9414365833355,76.2355218345079,3.37455042155824,4.87183454137307,212.640954776061,
Small states,SST,2002,63.1087123738813,74.9087393548204,3.32849650368645,5.06205267653883,233.785305779883,
Small states,SST,2003,63.2781499095773,73.4828069520438,3.28313083353624,5.3200820957399,291.788813208572,
Small states,SST,2004,63.6486203197422,71.8560243045335,3.24358486044728,5.18228660779185,336.375528297027,5510.97775462148
Small states,SST,2005,64.1282452363531,69.7273764113761,3.20216108232503,4.89122535438502,372.945726354982,6470.90811561681
Small states,SST,2006,64.6489992882937,67.3768215099323,3.16106417356314,4.59070450524332,396.669545002203,7663.65469641939
Small states,SST,2007,65.2225878731063,65.0467189648341,3.12933094448299,4.50001011796958,455.499307854185,8875.66581758107
Small states,SST,2008,65.7959019497768,62.9658051377677,3.10555802135487,4.26923905715753,510.821315961788,9986.95673457895
Small states,SST,2009,66.3330591939551,59.9988536994904,3.08199642146539,5.09212331379682,505.363680496741,9764.72844989916
Small states,SST,2010,66.7769029936079,57.1364497032922,3.05826299677883,4.56115245159591,508.202047197221,10169.9072813267
Small states,SST,2011,67.1331485951694,54.9440933753764,3.03422347528543,4.26116851396433,561.288843368275,10884.3750151481
Small states,SST,2012,67.4080089374147,53.0191302431775,3.00709140087186,4.4294829791164,596.288064369373,11940.8620635796
Small states,SST,2013,67.6539006474548,51.2637409934805,2.97703452784989,4.47628137112615,613.736932358174,12897.4624816054
Small states,SST,2014,67.838535857128,49.6497434482313,2.9511922081015,4.38287838181507,625.582996590372,13081.6247204008
Small states,SST,2015,,48.3324261102845,,,,12411.9271575495
Solomon Islands,SLB,1985,57.2450487804878,44.5,6.278,,,
Solomon Islands,SLB,1986,56.7538536585366,43.3,6.211,,,
Solomon Islands,SLB,1987,56.4109756097561,42.3,6.139,,,
Solomon Islands,SLB,1988,56.2772926829268,41.4,6.056,,,
Solomon Islands,SLB,1989,56.3777317073171,40.6,5.961,,,
Solomon Islands,SLB,1990,56.704756097561,39.7,5.851,,,
Solomon Islands,SLB,1991,57.2138536585366,38.9,5.728,,,
Solomon Islands,SLB,1992,57.8211219512195,37.9,5.596,,,800.0
Solomon Islands,SLB,1993,58.4545853658537,37.0,5.461,,,750.0
Solomon Islands,SLB,1994,59.0837317073171,36.2,5.326,,,830.0
Solomon Islands,SLB,1995,59.6959512195122,35.4,5.197,3.24687359,46.93884135,900.0
Solomon Islands,SLB,1996,60.2965853658537,34.8,5.077,3.01942846,46.19155178,890.0
Solomon Islands,SLB,1997,60.9086097560976,34.3,4.968,3.28349045,49.0902518,1440.0
Solomon Islands,SLB,1998,61.5436341463415,33.9,4.872,3.5283561,42.57388418,1320.0
Solomon Islands,SLB,1999,62.1908780487805,33.5,4.789,3.80478354,45.71686181,1220.0
Solomon Islands,SLB,2000,62.8367317073171,33.1,4.72,4.56048235,48.12268412,1010.0
Solomon Islands,SLB,2001,63.4656097560976,32.9,4.665,6.4432523,60.92281261,930.0
Solomon Islands,SLB,2002,64.0623658536585,32.8,4.618,6.09018055,47.84601467,840.0
Solomon Islands,SLB,2003,64.6140975609756,32.9,4.578,6.00398587,44.75714402,840.0
Solomon Islands,SLB,2004,65.1128780487805,33.1,4.54,5.64064416,46.213866,860.0
Solomon Islands,SLB,2005,65.5534878048781,33.2,4.502,7.83435685,69.09626925,900.0
Solomon Islands,SLB,2006,65.9346097560976,33.4,4.459,6.6640115,63.31195302,970.0
Solomon Islands,SLB,2007,66.2668048780488,33.3,4.412,6.42147919,67.3466432,960.0
Solomon Islands,SLB,2008,66.5612195121951,33.1,4.359,5.97100604,72.15030459,980.0
Solomon Islands,SLB,2009,66.8246829268293,32.6,4.3,7.92179206,91.99013579,820.0
Solomon Islands,SLB,2010,67.0656585365854,32.1,4.236,7.46783612,95.31561038,910.0
Solomon Islands,SLB,2011,67.2912195121951,31.4,4.168,5.08309566,83.81283078,1120.0
Solomon Islands,SLB,2012,67.5065853658537,30.7,4.098,5.48036406,102.30235558,1520.0
Solomon Islands,SLB,2013,67.7189268292683,29.9,4.031,5.42167209,102.46916045,1830.0
Solomon Islands,SLB,2014,67.9308048780488,28.9,3.966,5.05106254,102.24312551,1830.0
Solomon Islands,SLB,2015,,28.1,,,,1940.0
Somalia,SOM,1985,46.1679024390244,186.0,7.149,,,
Somalia,SOM,1986,46.2199756097561,185.4,7.19,,,
Somalia,SOM,1987,46.1315609756098,184.9,7.237,,,
Somalia,SOM,1988,45.9251707317073,184.1,7.288,,,
Somalia,SOM,1989,45.6462682926829,182.7,7.341,,,
Somalia,SOM,1990,45.3893414634146,180.2,7.397,,,
Somalia,SOM,1991,45.2708780487805,177.2,7.455,,,
Somalia,SOM,1992,45.3723170731707,175.3,7.512,,,
Somalia,SOM,1993,45.7332195121951,174.5,7.567,,,
Somalia,SOM,1994,46.3480487804878,174.4,7.616,,,
Somalia,SOM,1995,47.1618292682927,174.4,7.655,,,
Somalia,SOM,1996,48.0776097560976,174.4,7.679,,,
Somalia,SOM,1997,48.9764390243903,174.4,7.687,,,
Somalia,SOM,1998,49.7638292682927,174.4,7.678,,,
Somalia,SOM,1999,50.4012682926829,174.4,7.651,,,
Somalia,SOM,2000,50.8782682926829,174.4,7.61,,,
Somalia,SOM,2001,51.2228048780488,174.4,7.556,,,
Somalia,SOM,2002,51.5018536585366,174.4,7.495,,,
Somalia,SOM,2003,51.7719024390244,174.4,7.429,,,
Somalia,SOM,2004,52.0529024390244,174.4,7.361,,,
Somalia,SOM,2005,52.3558536585366,174.3,7.291,,,
Somalia,SOM,2006,52.6827804878049,173.7,7.218,,,
Somalia,SOM,2007,53.0186585365854,171.8,7.14,,,
Somalia,SOM,2008,53.3545121951219,168.5,7.054,,,
Somalia,SOM,2009,53.6893414634146,164.4,6.963,,,
Somalia,SOM,2010,54.0236585365854,160.2,6.868,,,
Somalia,SOM,2011,54.3569512195122,155.3,6.768,,,
Somalia,SOM,2012,54.690243902439,150.6,6.666,,,
Somalia,SOM,2013,55.0230243902439,146.1,6.565,,,
Somalia,SOM,2014,55.3548048780488,141.2,6.463,,,
Somalia,SOM,2015,,136.8,,,,
South Africa,ZAF,1985,59.9121707317073,70.7,4.293,,,2400.0
South Africa,ZAF,1986,60.449512195122,67.9,4.177,,,2360.0
South Africa,ZAF,1987,60.9580243902439,65.5,4.052,,,2670.0
South Africa,ZAF,1988,61.4238048780488,63.3,3.923,,,3290.0
South Africa,ZAF,1989,61.8204390243902,61.4,3.791,,,3580.0
South Africa,ZAF,1990,62.1200731707317,59.9,3.658,,,3390.0
South Africa,ZAF,1991,62.2948048780488,58.8,3.53,,,3320.0
South Africa,ZAF,1992,62.3251707317073,58.4,3.408,,,3320.0
South Africa,ZAF,1993,62.1937317073171,58.9,3.296,,,3500.0
South Africa,ZAF,1994,61.8879756097561,60.1,3.196,,,3680.0
South Africa,ZAF,1995,61.3700243902439,62.1,3.11,8.28382429,310.86415329,3850.0
South Africa,ZAF,1996,60.6054634146341,64.6,3.04,8.47180399,296.25329423,3870.0
South Africa,ZAF,1997,59.6131951219512,67.4,2.983,8.58889772,305.33825679,3780.0
South Africa,ZAF,1998,58.4430243902439,70.2,2.937,8.48517314,268.22730149,3370.0
South Africa,ZAF,1999,57.1566829268293,72.8,2.899,8.50569496,262.73001075,3230.0
South Africa,ZAF,2000,55.8368780487805,75.3,2.866,8.06849287,245.05728208,3140.0
South Africa,ZAF,2001,54.5708048780488,77.1,2.834,8.31481812,221.67467732,2900.0
South Africa,ZAF,2002,53.4411951219512,78.1,2.801,8.08571189,201.79558319,2710.0
South Africa,ZAF,2003,52.523756097561,78.1,2.763,8.25734824,308.09228507,2970.0
South Africa,ZAF,2004,51.873756097561,76.8,2.721,7.92666753,380.12745847,3780.0
South Africa,ZAF,2005,51.5573414634146,75.2,2.675,7.76856193,414.14522267,5050.0
South Africa,ZAF,2006,51.6137073170732,73.1,2.627,7.56779385,419.29046417,5690.0
South Africa,ZAF,2007,51.996512195122,71.3,2.58,7.53305757,453.88669643,5980.0
South Africa,ZAF,2008,52.6360243902439,68.4,2.538,7.74694468,441.23855998,6040.0
South Africa,ZAF,2009,53.4670975609756,63.5,2.5,8.38628739,486.7066269,5910.0
South Africa,ZAF,2010,54.390756097561,53.8,2.467,8.5041601,618.350112,6250.0
South Africa,ZAF,2011,55.2956585365854,49.8,2.438,8.61362713,686.94122021,7050.0
South Africa,ZAF,2012,56.0983170731707,47.7,2.412,8.79451471,661.43396521,7640.0
South Africa,ZAF,2013,56.7365853658537,43.4,2.387,8.77541891,601.37237519,7400.0
South Africa,ZAF,2014,57.1821219512195,41.4,2.363,8.79698456,570.20607359,6790.0
South Africa,ZAF,2015,,40.5,,,,6050.0
South Asia,SAS,1985,56.0807091652906,149.1,4.76209442147606,,,295.971174936731
South Asia,SAS,1986,56.4708734076461,145.0,4.67232308669197,,,314.25557631681
South Asia,SAS,1987,56.8771944222345,141.0,4.57839390239708,,,351.165574186043
South Asia,SAS,1988,57.3029260720923,137.1,4.48223655174071,,,389.14558739548
South Asia,SAS,1989,57.7510283771122,133.1,4.38428013644597,,,386.260220209878
South Asia,SAS,1990,58.2208251178521,129.3,4.28755860096337,,,383.084110397613
South Asia,SAS,1991,58.7082925642892,125.5,4.19323903086021,,,354.488527511595
South Asia,SAS,1992,59.2046720741936,121.9,4.10236563770757,,,355.806390246631
South Asia,SAS,1993,59.7015844870092,118.3,4.01512508342387,,,341.30865112733
South Asia,SAS,1994,60.1943263748993,114.8,3.93173515315751,,,355.354175948274
South Asia,SAS,1995,60.6787622395877,111.2,3.85120750016594,3.76384661911362,15.3458142991203,381.590351539752
South Asia,SAS,1996,61.1505881868901,107.7,3.77236135783445,3.6617944684604,15.5522006050652,413.35839093029
South Asia,SAS,1997,61.6102672100486,104.2,3.69444589717184,3.8754158561535,17.2336834621952,421.654840494608
South Asia,SAS,1998,62.0575673975056,100.6,3.61669254995636,3.95225840235988,17.438069308335,423.150304913905
South Asia,SAS,1999,62.4893816958736,97.1,3.53883292024746,3.76495921884588,17.2990739493198,443.576712376949
South Asia,SAS,2000,62.9051643813079,93.6,3.46103170646033,3.92771263715505,18.284961961522,451.203936702311
South Asia,SAS,2001,63.3045944277155,90.1,3.38437520976207,4.10828343520498,19.1566656752821,458.920501292846
South Asia,SAS,2002,63.6901638803797,86.8,3.3089749786352,4.10412557893118,19.4988158141644,465.359400552535
South Asia,SAS,2003,64.0667809017986,83.5,3.2356796763341,4.01393864742891,21.6955887602775,519.687501032227
South Asia,SAS,2004,64.4361241129195,80.4,3.16430030780154,3.97213869808334,24.5189839374652,605.825527685183
South Asia,SAS,2005,64.8032031003503,77.3,3.09390965406777,4.06911226628422,28.6034626434624,701.19193348831
South Asia,SAS,2006,65.173550753329,74.4,3.02466111816577,4.09377765337264,32.0682611239624,779.333093317546
South Asia,SAS,2007,65.5485167218139,71.7,2.95618711192305,4.08609703311589,39.1718382809979,893.374545613239
South Asia,SAS,2008,65.9280682486597,69.1,2.88738717931233,4.16127738597264,42.3716787956037,977.140603170318
South Asia,SAS,2009,66.3106740817486,66.5,2.8214338487807,4.18094011660598,43.5914797673438,1086.78402051635
South Asia,SAS,2010,66.6929548325779,64.0,2.75805522425789,4.14130833604365,52.8846431170957,1190.7063709558
South Asia,SAS,2011,67.069954404365,61.6,2.69951140911114,4.16156190736196,58.8572656898741,1318.48011606237
South Asia,SAS,2012,67.4353854310621,59.1,2.6460211586854,4.17239799981165,57.8904146549777,1416.99939193191
South Asia,SAS,2013,67.7862975030419,56.8,2.59908851346638,4.26657957188922,61.1066606436519,1453.59756571536
South Asia,SAS,2014,68.1210445968214,54.6,2.5576526182918,4.37403562886154,66.7155105145827,1495.78833996531
South Asia,SAS,2015,,52.5,,,,1532.93319922767
South Asia (IDA & IBRD),TSA,1985,56.0807091652906,149.291254993949,4.76209442147606,,,295.971174936731
South Asia (IDA & IBRD),TSA,1986,56.4708734076461,145.201085829056,4.67232308669197,,,314.25557631681
South Asia (IDA & IBRD),TSA,1987,56.8771944222345,141.176624285225,4.57839390239708,,,351.165574186043
South Asia (IDA & IBRD),TSA,1988,57.3029260720923,137.15122164517,4.48223655174071,,,389.14558739548
South Asia (IDA & IBRD),TSA,1989,57.7510283771122,133.139335879965,4.38428013644597,,,386.260220209878
South Asia (IDA & IBRD),TSA,1990,58.2208251178521,129.302860486008,4.28755860096337,,,383.084110397613
South Asia (IDA & IBRD),TSA,1991,58.7082925642892,125.536765931696,4.19323903086021,,,354.488527511595
South Asia (IDA & IBRD),TSA,1992,59.2046720741936,121.940339302922,4.10236563770757,,,355.806390246631
South Asia (IDA & IBRD),TSA,1993,59.7015844870092,118.366586930369,4.01512508342387,,,341.30865112733
South Asia (IDA & IBRD),TSA,1994,60.1943263748993,114.858948557247,3.93173515315751,,,355.354175948274
South Asia (IDA & IBRD),TSA,1995,60.6787622395877,111.325502230833,3.85120750016594,3.76384661911362,15.3458142991203,381.590351539752
South Asia (IDA & IBRD),TSA,1996,61.1505881868901,107.802197872496,3.77236135783445,3.6617944684604,15.5522006050652,413.35839093029
South Asia (IDA & IBRD),TSA,1997,61.6102672100486,104.313664225252,3.69444589717184,3.8754158561535,17.2336834621952,421.654840494608
South Asia (IDA & IBRD),TSA,1998,62.0575673975056,100.688461310134,3.61669254995636,3.95225840235988,17.438069308335,423.150304913905
South Asia (IDA & IBRD),TSA,1999,62.4893816958736,97.1631448887047,3.53883292024746,3.76495921884588,17.2990739493198,443.576712376949
South Asia (IDA & IBRD),TSA,2000,62.9051643813079,93.607091080483,3.46103170646033,3.92771263715505,18.284961961522,451.203936702311
South Asia (IDA & IBRD),TSA,2001,63.3045944277155,90.1713579014269,3.38437520976207,4.10828343520498,19.156665675282,458.920501292846
South Asia (IDA & IBRD),TSA,2002,63.6901638803797,86.84345730002,3.3089749786352,4.10412557893118,19.4988158141644,465.359400552535
South Asia (IDA & IBRD),TSA,2003,64.0667809017986,83.6525680244184,3.2356796763341,4.01393864742891,21.6955887602775,519.687501032227
South Asia (IDA & IBRD),TSA,2004,64.4361241129195,80.6385750230224,3.16430030780154,3.97213869808334,24.5189839374652,605.825527685183
South Asia (IDA & IBRD),TSA,2005,64.8032031003503,77.5553837485159,3.09390965406777,4.06911226628422,28.6034626434624,701.19193348831
South Asia (IDA & IBRD),TSA,2006,65.173550753329,74.6596285640994,3.02466111816577,4.09377765337264,32.0682611239624,779.333093317546
South Asia (IDA & IBRD),TSA,2007,65.5485167218139,71.8849475276762,2.95618711192305,4.08609703311589,39.1718382809979,893.374545613239
South Asia (IDA & IBRD),TSA,2008,65.9280682486597,69.2122998716887,2.88738717931233,4.16127738597264,42.3716787956037,977.140603170318
South Asia (IDA & IBRD),TSA,2009,66.3106740817486,66.5810163060354,2.8214338487807,4.18094011660598,43.5914797673438,1086.78402051635
South Asia (IDA & IBRD),TSA,2010,66.6929548325779,64.0418905920102,2.75805522425789,4.14130833604365,52.8846431170957,1190.7063709558
South Asia (IDA & IBRD),TSA,2011,67.069954404365,61.5786664624721,2.69951140911114,4.16156190736196,58.8572656898741,1318.48011606237
South Asia (IDA & IBRD),TSA,2012,67.4353854310621,59.0932226839093,2.6460211586854,4.17239799981165,57.8904146549777,1416.99939193191
South Asia (IDA & IBRD),TSA,2013,67.7862975030419,56.8241811288636,2.59908851346638,4.26657957188922,61.1066606436519,1453.59756571536
South Asia (IDA & IBRD),TSA,2014,68.1210445968214,54.6257033625346,2.5576526182918,4.37403562886154,66.7155105145827,1495.78833996531
South Asia (IDA & IBRD),TSA,2015,,52.5841595951813,,,,1532.93319922767
South Sudan,SSD,1985,40.4175365853659,276.5,6.81,,,
South Sudan,SSD,1986,40.9260243902439,271.8,6.816,,,
South Sudan,SSD,1987,41.5080243902439,267.3,6.816,,,
South Sudan,SSD,1988,42.1440487804878,262.7,6.808,,,
South Sudan,SSD,1989,42.8196341463415,257.8,6.789,,,
South Sudan,SSD,1990,43.518756097561,253.2,6.761,,,
South Sudan,SSD,1991,44.2259268292683,248.1,6.726,,,
South Sudan,SSD,1992,44.9251463414634,242.5,6.686,,,
South Sudan,SSD,1993,45.6028780487805,236.6,6.644,,,
South Sudan,SSD,1994,46.2466585365854,230.3,6.601,,,
South Sudan,SSD,1995,46.845512195122,223.5,6.554,,,
South Sudan,SSD,1996,47.3939512195122,216.1,6.503,,,
South Sudan,SSD,1997,47.8984634146342,208.5,6.444,,,
South Sudan,SSD,1998,48.3675853658537,200.3,6.377,,,
South Sudan,SSD,1999,48.8062926829268,191.4,6.303,,,
South Sudan,SSD,2000,49.2190731707317,182.3,6.223,,,
South Sudan,SSD,2001,49.6119024390244,173.0,6.139,,,
South Sudan,SSD,2002,49.993243902439,163.8,6.054,,,
South Sudan,SSD,2003,50.3740975609756,155.2,5.969,,,
South Sudan,SSD,2004,50.7624146341463,147.0,5.885,,,
South Sudan,SSD,2005,51.1716341463415,139.3,5.803,,,
South Sudan,SSD,2006,51.6132926829268,132.1,5.721,,,
South Sudan,SSD,2007,52.0878536585366,125.7,5.638,,,
South Sudan,SSD,2008,52.5933170731707,120.0,5.552,,,
South Sudan,SSD,2009,53.1226585365854,115.2,5.465,,,
South Sudan,SSD,2010,53.6649024390244,110.9,5.376,,,1060.0
South Sudan,SSD,2011,54.205,106.7,5.286,,,910.0
South Sudan,SSD,2012,54.727,102.8,5.197,2.7738404,26.19331276,820.0
South Sudan,SSD,2013,55.2209024390244,99.2,5.108,2.61923747,26.9942029,970.0
South Sudan,SSD,2014,55.6822195121951,95.6,5.022,2.73842073,30.04834312,970.0
South Sudan,SSD,2015,,92.6,,,,790.0
Spain,ESP,1985,76.259512195122,13.4,1.64,,,4570.0
Spain,ESP,1986,76.5104878048781,12.8,1.56,,,5410.0
Spain,ESP,1987,76.7280487804878,12.3,1.5,,,7120.0
Spain,ESP,1988,76.7470731707317,11.9,1.45,,,9430.0
Spain,ESP,1989,76.8136585365854,11.5,1.4,,,10720.0
Spain,ESP,1990,76.8375609756098,11.0,1.36,,,12220.0
Spain,ESP,1991,76.9712195121951,10.5,1.33,,,13720.0
Spain,ESP,1992,77.41,10.1,1.32,,,15660.0
Spain,ESP,1993,77.5465853658537,9.5,1.27,,,15090.0
Spain,ESP,1994,77.9014634146342,8.9,1.2,,,14580.0
Spain,ESP,1995,77.9807317073171,8.3,1.17,7.44459252,1129.19450562,14970.0
Spain,ESP,1996,78.1204878048781,7.7,1.16,7.46292642,1178.1437706,15740.0
Spain,ESP,1997,78.6041463414634,7.3,1.18,7.33387575,1062.57186639,16020.0
Spain,ESP,1998,78.6658536585366,7.0,1.16,7.3192794,1109.46131929,15650.0
Spain,ESP,1999,78.7170731707317,6.7,1.19,7.31629197,1135.73668125,15660.0
Spain,ESP,2000,78.9658536585366,6.5,1.23,7.21475551,1045.48200839,15900.0
Spain,ESP,2001,79.3682926829268,6.3,1.24,7.24157367,1089.29711511,15580.0
Spain,ESP,2002,79.5682926829268,6.2,1.25,7.25041069,1212.66269185,15580.0
Spain,ESP,2003,79.619512195122,6.1,1.3,7.98814212,1687.89690064,18060.0
Spain,ESP,2004,79.8707317073171,5.9,1.31,8.04569615,1975.37570291,22120.0
Spain,ESP,2005,80.1707317073171,5.7,1.33,8.11898424,2120.50497277,25930.0
Spain,ESP,2006,80.8219512195122,5.5,1.36,8.23258934,2312.7949718,27970.0
Spain,ESP,2007,80.8731707317073,5.2,1.38,8.35762244,2690.00050394,29920.0
Spain,ESP,2008,81.1756097560976,5.0,1.45,8.80496468,3072.17457317,32440.0
Spain,ESP,2009,81.4756097560976,4.8,1.38,9.52140118,2994.72793981,32770.0
Spain,ESP,2010,81.6268292682927,4.6,1.37,9.55574089,2846.71003853,32130.0
Spain,ESP,2011,82.4756097560976,4.5,1.34,9.47835693,2954.25070357,31140.0
Spain,ESP,2012,82.4268292682927,4.4,1.32,9.38884953,2651.38039793,29850.0
Spain,ESP,2013,83.0780487804878,4.3,1.27,9.09572402,2643.95007588,29540.0
Spain,ESP,2014,83.0780487804878,4.2,1.27,9.02988651,2658.27042388,29380.0
Spain,ESP,2015,,4.1,,,,28520.0
Sri Lanka,LKA,1985,69.2759512195122,30.3,2.904,,,380.0
Sri Lanka,LKA,1986,69.2875365853659,26.9,2.8,,,410.0
Sri Lanka,LKA,1987,69.3217317073171,24.2,2.703,,,440.0
Sri Lanka,LKA,1988,69.4031707317073,22.5,2.617,,,460.0
Sri Lanka,LKA,1989,69.5343414634146,21.5,2.544,,,450.0
Sri Lanka,LKA,1990,69.6794878048781,21.2,2.483,,,470.0
Sri Lanka,LKA,1991,69.7801951219512,21.3,2.433,,,500.0
Sri Lanka,LKA,1992,69.7964146341463,21.3,2.39,,,560.0
Sri Lanka,LKA,1993,69.7167317073171,21.1,2.353,,,600.0
Sri Lanka,LKA,1994,69.5659756097561,20.7,2.32,,,640.0
Sri Lanka,LKA,1995,69.4186097560976,20.2,2.291,3.44024607,24.56318834,700.0
Sri Lanka,LKA,1996,69.3727317073171,19.5,2.268,3.4601004,26.17151695,750.0
Sri Lanka,LKA,1997,69.5046585365854,18.7,2.252,3.3443674,27.31299669,800.0
Sri Lanka,LKA,1998,69.8506585365854,17.9,2.242,3.71291943,31.57670557,820.0
Sri Lanka,LKA,1999,70.4018536585366,17.0,2.239,3.6543685,30.64549718,840.0
Sri Lanka,LKA,2000,71.1063902439025,16.3,2.241,3.77494054,32.82186021,880.0
Sri Lanka,LKA,2001,71.8778292682927,15.8,2.247,3.80731091,31.69398744,830.0
Sri Lanka,LKA,2002,72.6101463414634,15.4,2.257,3.88774826,34.88223686,850.0
Sri Lanka,LKA,2003,73.2223170731707,15.1,2.268,3.9535948,38.84580854,950.0
Sri Lanka,LKA,2004,73.6802926829268,28.9,2.278,4.28272642,45.67294519,1070.0
Sri Lanka,LKA,2005,73.9735609756098,14.0,2.284,4.06081747,50.75659149,1220.0
Sri Lanka,LKA,2006,74.1245365853659,13.2,2.283,4.06216396,58.39505673,1370.0
Sri Lanka,LKA,2007,74.1941219512195,12.5,2.274,3.75875181,61.36956245,1570.0
Sri Lanka,LKA,2008,74.2387317073171,11.8,2.257,3.44475072,70.30181682,1810.0
Sri Lanka,LKA,2009,74.2802926829268,11.3,2.233,3.36899956,70.58219192,2020.0
Sri Lanka,LKA,2010,74.339243902439,10.9,2.203,3.43256993,84.22088476,2430.0
Sri Lanka,LKA,2011,74.4245609756098,10.6,2.17,3.2814775,95.59109207,2860.0
Sri Lanka,LKA,2012,74.531243902439,10.4,2.138,3.20966147,93.34437377,3360.0
Sri Lanka,LKA,2013,74.6538292682927,10.2,2.108,3.67699093,120.41556484,3490.0
Sri Lanka,LKA,2014,74.7948048780488,10.0,2.083,3.50335011,127.33174445,3650.0
Sri Lanka,LKA,2015,,9.8,,,,3800.0
St. Kitts and Nevis,KNA,1985,,38.0,,,,2420.0
St. Kitts and Nevis,KNA,1986,,35.7,,,,2930.0
St. Kitts and Nevis,KNA,1987,65.9512195121951,33.5,2.8,,,3480.0
St. Kitts and Nevis,KNA,1988,,31.6,,,,4160.0
St. Kitts and Nevis,KNA,1989,,29.9,,,,4410.0
St. Kitts and Nevis,KNA,1990,,28.4,,,,4940.0
St. Kitts and Nevis,KNA,1991,,27.1,,,,4940.0
St. Kitts and Nevis,KNA,1992,67.9512195121951,25.9,2.6,,,5340.0
St. Kitts and Nevis,KNA,1993,,24.8,,,,5770.0
St. Kitts and Nevis,KNA,1994,,23.8,,,,6210.0
St. Kitts and Nevis,KNA,1995,,22.9,,5.85433464,314.96770317,6800.0
St. Kitts and Nevis,KNA,1996,,22.0,,6.06104992,343.00303149,7150.0
St. Kitts and Nevis,KNA,1997,70.0363414634146,21.1,2.4,5.64910189,353.75569332,7520.0
St. Kitts and Nevis,KNA,1998,,20.2,,5.59305987,361.65333144,7240.0
St. Kitts and Nevis,KNA,1999,,19.4,,5.97556059,405.17499905,7660.0
St. Kitts and Nevis,KNA,2000,,18.6,,5.31565597,489.81244742,8300.0
St. Kitts and Nevis,KNA,2001,,17.8,,4.97210133,494.89439882,8830.0
St. Kitts and Nevis,KNA,2002,71.3365853658537,17.1,2.107,4.85158469,496.52352106,9030.0
St. Kitts and Nevis,KNA,2003,,16.4,,4.94841062,480.46257291,8950.0
St. Kitts and Nevis,KNA,2004,,15.8,,4.72913659,489.42899454,9930.0
St. Kitts and Nevis,KNA,2005,,15.2,,4.80077315,530.66519967,10970.0
St. Kitts and Nevis,KNA,2006,,14.6,,5.45901566,697.0013821,11880.0
St. Kitts and Nevis,KNA,2007,,14.0,,5.29182061,717.40654843,12540.0
St. Kitts and Nevis,KNA,2008,,13.5,,5.91390479,850.35350967,13720.0
St. Kitts and Nevis,KNA,2009,,13.0,,5.00208583,685.64206072,13100.0
St. Kitts and Nevis,KNA,2010,,12.5,,5.49998123,727.47988047,12650.0
St. Kitts and Nevis,KNA,2011,,12.1,,5.88112635,807.90929119,13090.0
St. Kitts and Nevis,KNA,2012,,11.7,,5.78722052,789.52129007,13110.0
St. Kitts and Nevis,KNA,2013,,11.3,,6.13575203,874.66648537,13990.0
St. Kitts and Nevis,KNA,2014,,10.9,,5.08036532,770.53685321,14960.0
St. Kitts and Nevis,KNA,2015,,10.5,,,,15560.0
St. Lucia,LCA,1985,70.435512195122,27.3,3.888,,,1430.0
St. Lucia,LCA,1986,70.5842682926829,26.1,3.78,,,1730.0
St. Lucia,LCA,1987,70.7087317073171,24.9,3.683,,,1900.0
St. Lucia,LCA,1988,70.8256097560976,24.0,3.589,,,2170.0
St. Lucia,LCA,1989,70.9407317073171,23.2,3.495,,,2330.0
St. Lucia,LCA,1990,71.0494390243903,22.6,3.398,,,2730.0
St. Lucia,LCA,1991,71.1381707317073,22.1,3.298,,,2830.0
St. Lucia,LCA,1992,71.194512195122,21.6,3.195,,,3180.0
St. Lucia,LCA,1993,71.214512195122,21.2,3.09,,,3270.0
St. Lucia,LCA,1994,71.2051463414634,20.6,2.983,,,3370.0
St. Lucia,LCA,1995,71.1809512195122,20.1,2.873,6.08686468,232.15324277,3540.0
St. Lucia,LCA,1996,71.1574878048781,19.6,2.76,7.06552219,268.63913916,3720.0
St. Lucia,LCA,1997,71.1552926829268,19.0,2.644,6.39578175,256.01556897,3700.0
St. Lucia,LCA,1998,71.1913658536585,18.6,2.528,5.13965062,220.78530259,3800.0
St. Lucia,LCA,1999,71.2761707317073,18.2,2.416,5.53624275,247.23124229,4010.0
St. Lucia,LCA,2000,71.4230487804878,17.8,2.313,5.52822822,275.05544773,4410.0
St. Lucia,LCA,2001,71.6428048780488,17.6,2.224,6.09831345,283.96849345,4300.0
St. Lucia,LCA,2002,71.9248536585366,17.4,2.152,6.32567716,292.94071357,4390.0
St. Lucia,LCA,2003,72.2547317073171,17.3,2.098,6.10343642,304.04056427,4660.0
St. Lucia,LCA,2004,72.6195609756098,17.2,2.062,6.19944529,335.73620078,5210.0
St. Lucia,LCA,2005,72.9990731707317,17.1,2.04,6.24652588,353.27375016,5360.0
St. Lucia,LCA,2006,73.3690731707317,17.0,2.029,6.37266722,402.77936756,6030.0
St. Lucia,LCA,2007,73.7118536585366,16.8,2.022,6.8131974,457.88525021,6250.0
St. Lucia,LCA,2008,74.0131463414634,16.6,2.013,7.43456753,504.17940798,6600.0
St. Lucia,LCA,2009,74.2660487804878,16.3,2.0,8.11908183,545.27357686,6730.0
St. Lucia,LCA,2010,74.4710975609756,16.1,1.982,8.09611928,567.87770026,6600.0
St. Lucia,LCA,2011,74.6357073170732,15.8,1.96,7.58420617,545.5256777,6900.0
St. Lucia,LCA,2012,74.7776341463415,15.4,1.936,8.34772855,601.15583153,6960.0
St. Lucia,LCA,2013,74.9127073170732,15.1,1.913,7.85441263,575.49942724,7110.0
St. Lucia,LCA,2014,75.0468536585366,14.7,1.89,6.71904145,499.57022819,7260.0
St. Lucia,LCA,2015,,14.3,,,,7390.0
St. Martin (French part),MAF,1985,72.6682926829268,,2.24,,,
St. Martin (French part),MAF,1986,73.519512195122,,2.06,,,
St. Martin (French part),MAF,1987,73.6707317073171,,2.13,,,
St. Martin (French part),MAF,1988,74.2707317073171,,2.13,,,
St. Martin (French part),MAF,1989,74.3219512195122,,2.2,,,
St. Martin (French part),MAF,1990,74.5219512195122,,2.12,,,
St. Martin (French part),MAF,1991,75.9243902439025,,2.05,,,
St. Martin (French part),MAF,1992,75.4243902439025,,1.94,,,
St. Martin (French part),MAF,1993,75.5731707317073,,1.84,,,
St. Martin (French part),MAF,1994,75.8219512195122,,1.84,,,
St. Martin (French part),MAF,1995,75.9707317073171,,1.84,,,
St. Martin (French part),MAF,1996,76.1707317073171,,1.84,,,
St. Martin (French part),MAF,1997,76.3707317073171,,1.84,,,
St. Martin (French part),MAF,1998,76.5707317073171,,1.83,,,
St. Martin (French part),MAF,1999,76.7707317073171,,1.83,,,
St. Martin (French part),MAF,2000,76.9707317073171,,1.83,,,
St. Martin (French part),MAF,2001,77.1707317073171,,1.83,,,
St. Martin (French part),MAF,2002,77.3707317073171,,1.83,,,
St. Martin (French part),MAF,2003,77.5707317073171,,1.83,,,
St. Martin (French part),MAF,2004,77.7219512195122,,1.83,,,
St. Martin (French part),MAF,2005,77.8707317073171,,1.83,,,
St. Martin (French part),MAF,2006,78.0707317073171,,1.82,,,
St. Martin (French part),MAF,2007,78.2219512195122,,1.82,,,
St. Martin (French part),MAF,2008,78.3707317073171,,1.82,,,
St. Martin (French part),MAF,2009,78.5707317073171,,1.82,,,
St. Martin (French part),MAF,2010,78.7219512195122,,1.82,,,
St. Martin (French part),MAF,2011,78.8707317073171,,1.82,,,
St. Martin (French part),MAF,2012,79.0219512195122,,1.82,,,
St. Martin (French part),MAF,2013,79.1707317073171,,1.81,,,
St. Martin (French part),MAF,2014,79.3219512195122,,1.81,,,
St. Martin (French part),MAF,2015,,,,,,
St. Vincent and the Grenadines,VCT,1985,68.9823414634146,34.9,3.328,,,1340.0
St. Vincent and the Grenadines,VCT,1986,69.2323658536586,31.8,3.23,,,1460.0
St. Vincent and the Grenadines,VCT,1987,69.4650731707317,29.3,3.144,,,1660.0
St. Vincent and the Grenadines,VCT,1988,69.6846341463415,27.3,3.072,,,1950.0
St. Vincent and the Grenadines,VCT,1989,69.8900243902439,25.7,3.01,,,2030.0
St. Vincent and the Grenadines,VCT,1990,70.0766585365854,24.5,2.956,,,2110.0
St. Vincent and the Grenadines,VCT,1991,70.2374390243903,23.6,2.907,,,2230.0
St. Vincent and the Grenadines,VCT,1992,70.3681463414634,23.0,2.86,,,2540.0
St. Vincent and the Grenadines,VCT,1993,70.4666097560976,22.6,2.811,,,2680.0
St. Vincent and the Grenadines,VCT,1994,70.5362682926829,22.4,2.76,,,2640.0
St. Vincent and the Grenadines,VCT,1995,70.577512195122,22.4,2.703,6.72311994,165.7004983,2890.0
St. Vincent and the Grenadines,VCT,1996,70.5917804878049,22.4,2.641,6.7303465,175.31015945,3000.0
St. Vincent and the Grenadines,VCT,1997,70.5876585365854,22.4,2.576,7.47797437,202.92151731,3070.0
St. Vincent and the Grenadines,VCT,1998,70.5763170731707,22.4,2.509,6.80509482,200.42175417,3180.0
St. Vincent and the Grenadines,VCT,1999,70.5693902439025,22.3,2.442,6.46801482,198.97463628,3300.0
St. Vincent and the Grenadines,VCT,2000,70.5821219512195,22.2,2.379,3.7286133,136.93665146,3470.0
St. Vincent and the Grenadines,VCT,2001,70.6293170731707,22.1,2.321,3.64487016,145.14787333,3650.0
St. Vincent and the Grenadines,VCT,2002,70.7181463414634,22.0,2.271,3.93148728,167.90465606,3940.0
St. Vincent and the Grenadines,VCT,2003,70.8491463414634,21.9,2.229,3.90559599,173.66601195,4380.0
St. Vincent and the Grenadines,VCT,2004,71.0212926829268,21.8,2.196,3.72254162,178.98124021,4730.0
St. Vincent and the Grenadines,VCT,2005,71.2289024390244,21.8,2.17,3.65905803,185.30267964,4950.0
St. Vincent and the Grenadines,VCT,2006,71.4602195121951,21.7,2.149,3.88350892,217.79510404,5460.0
St. Vincent and the Grenadines,VCT,2007,71.6994146341464,21.6,2.131,3.92014582,245.90522833,5590.0
St. Vincent and the Grenadines,VCT,2008,71.9317317073171,21.4,2.112,4.69654243,299.19031289,6210.0
St. Vincent and the Grenadines,VCT,2009,72.1500731707317,21.1,2.092,5.13037013,316.92847691,6270.0
St. Vincent and the Grenadines,VCT,2010,72.3463902439024,20.8,2.07,4.70791229,293.44590672,6030.0
St. Vincent and the Grenadines,VCT,2011,72.518756097561,20.3,2.046,4.99199565,309.10433554,6070.0
St. Vincent and the Grenadines,VCT,2012,72.6718536585366,19.8,2.021,8.47719837,538.43776378,6350.0
St. Vincent and the Grenadines,VCT,2013,72.8108780487805,19.3,1.997,5.2086,342.49138803,6540.0
St. Vincent and the Grenadines,VCT,2014,72.9368536585366,18.8,1.974,8.63023974,575.05734597,6610.0
St. Vincent and the Grenadines,VCT,2015,,18.3,,,,6670.0
Sub-Saharan Africa,SSF,1985,49.5160664127445,188.511746143488,6.62387616483629,,,489.17897165621
Sub-Saharan Africa,SSF,1986,49.6863282046747,186.944044899643,6.58273361015176,,,491.397677890683
Sub-Saharan Africa,SSF,1987,49.8095285224568,185.338184276341,6.53518901158176,,,545.395340116606
Sub-Saharan Africa,SSF,1988,49.8784458350966,183.822602101179,6.48305923125348,,,620.544357277415
Sub-Saharan Africa,SSF,1989,49.9099736360454,182.352485055309,6.42532857981954,,,626.285374679542
Sub-Saharan Africa,SSF,1990,49.9139166240877,180.89938789495,6.36402226180499,,,598.663754676214
Sub-Saharan Africa,SSF,1991,49.9083589030101,179.444536490097,6.29836281190836,,,589.981945295011
Sub-Saharan Africa,SSF,1992,49.9068722955631,177.953256949942,6.2325128691991,,,570.699129049
Sub-Saharan Africa,SSF,1993,49.9054262824568,176.488436351445,6.16874193708585,,,549.285571784153
Sub-Saharan Africa,SSF,1994,49.9105746720359,175.858330016713,6.10768113709673,,,528.373519029126
Sub-Saharan Africa,SSF,1995,49.9179577648716,173.226551264516,6.04980597046017,6.13776049398334,40.5008304702659,545.029963021742
Sub-Saharan Africa,SSF,1996,49.9322657645424,169.904586956548,5.99502291622491,6.06979708867802,43.2628395741261,563.645016907595
Sub-Saharan Africa,SSF,1997,49.968084040408,167.122349117376,5.94203905656569,6.12764590721271,44.0310741304963,574.531849688302
Sub-Saharan Africa,SSF,1998,50.0325203023396,163.776139494841,5.8913403109712,6.14155638362719,42.7855803253168,536.856938568866
Sub-Saharan Africa,SSF,1999,50.1498527740258,159.451468086412,5.84202456096315,6.06134678022278,33.4790186019162,518.627794339334
Sub-Saharan Africa,SSF,2000,50.3393935890217,154.834546026801,5.79291801529219,5.51994124804835,32.5771994559509,504.901803251916
Sub-Saharan Africa,SSF,2001,50.6201370977426,149.740864749261,5.74398876703277,5.79190381898707,30.676205853587,492.654998918624
Sub-Saharan Africa,SSF,2002,51.0038552379403,144.271302849405,5.69619082416368,5.38091204351135,29.5815930065477,486.145923270303
Sub-Saharan Africa,SSF,2003,51.4865984908909,138.613172367459,5.64579737876871,5.98522131320436,42.4262715912,530.835501943496
Sub-Saharan Africa,SSF,2004,52.0626209015073,132.897617836504,5.59326440124525,6.03616098407027,50.9240373116628,663.182127634888
Sub-Saharan Africa,SSF,2005,52.7176601605401,127.227040366446,5.53804733381905,5.85499668863745,56.8600773288907,802.692868885517
Sub-Saharan Africa,SSF,2006,53.4326231873192,121.707589669063,5.48009144671371,5.6604778851086,62.4012122667921,923.000136287733
Sub-Saharan Africa,SSF,2007,54.1785518165329,116.322499744866,5.42080805628976,5.6242732325373,71.3239458116445,1028.2050263468
Sub-Saharan Africa,SSF,2008,54.9257234918549,111.120135750312,5.36092569006052,5.59907841218196,77.3807501020038,1144.78422162807
Sub-Saharan Africa,SSF,2009,55.652055541695,106.162587021288,5.30019414526205,6.14105656684519,77.635006877717,1178.25487638273
Sub-Saharan Africa,SSF,2010,56.3365395341918,101.396245664146,5.2382392263979,5.79594638184041,88.4873611436174,1281.09935731391
Sub-Saharan Africa,SSF,2011,56.9668627834189,97.0751807214534,5.17411071769895,5.81189310904567,97.6272863340147,1403.15593544634
Sub-Saharan Africa,SSF,2012,57.5461879014457,93.0223876779742,5.10819236662907,5.5977595339883,95.865644620014,1617.82342446178
Sub-Saharan Africa,SSF,2013,58.0765604637882,89.3577772918284,5.04031677651894,5.64427935445753,98.8502597698371,1692.28442428742
Sub-Saharan Africa,SSF,2014,58.5588549567745,86.0596039181548,4.97124253175181,5.4616287794936,97.6705125813537,1728.63453566338
Sub-Saharan Africa,SSF,2015,,83.1799740855184,,,,1628.16720704512
Sub-Saharan Africa (IDA & IBRD countries),TSS,1985,49.5160664127445,188.511746143488,6.62387616483629,,,489.17897165621
Sub-Saharan Africa (IDA & IBRD countries),TSS,1986,49.6863282046747,186.944044899643,6.58273361015176,,,491.397677890683
Sub-Saharan Africa (IDA & IBRD countries),TSS,1987,49.8095285224568,185.338184276341,6.53518901158176,,,545.395340116606
Sub-Saharan Africa (IDA & IBRD countries),TSS,1988,49.8784458350966,183.822602101179,6.48305923125348,,,620.544357277415
Sub-Saharan Africa (IDA & IBRD countries),TSS,1989,49.9099736360454,182.352485055309,6.42532857981954,,,626.285374679542
Sub-Saharan Africa (IDA & IBRD countries),TSS,1990,49.9139166240877,180.89938789495,6.36402226180498,,,598.663754676214
Sub-Saharan Africa (IDA & IBRD countries),TSS,1991,49.9083589030101,179.444536490097,6.29836281190836,,,589.981945295011
Sub-Saharan Africa (IDA & IBRD countries),TSS,1992,49.9068722955632,177.953256949942,6.2325128691991,,,570.699129049
Sub-Saharan Africa (IDA & IBRD countries),TSS,1993,49.9054262824568,176.488436351445,6.16874193708585,,,549.285571784153
Sub-Saharan Africa (IDA & IBRD countries),TSS,1994,49.9105746720359,175.858330016713,6.10768113709673,,,528.373519029126
Sub-Saharan Africa (IDA & IBRD countries),TSS,1995,49.9179577648716,173.226551264516,6.04980597046018,6.13776049398334,40.5008304702659,545.029963021742
Sub-Saharan Africa (IDA & IBRD countries),TSS,1996,49.9322657645424,169.904586956548,5.99502291622491,6.06979708867803,43.2628395741261,563.645016907595
Sub-Saharan Africa (IDA & IBRD countries),TSS,1997,49.968084040408,167.122349117376,5.9420390565657,6.12764590721271,44.0310741304963,574.531849688302
Sub-Saharan Africa (IDA & IBRD countries),TSS,1998,50.0325203023396,163.776139494841,5.8913403109712,6.14155638362719,42.7855803253168,536.856938568866
Sub-Saharan Africa (IDA & IBRD countries),TSS,1999,50.1498527740258,159.451468086412,5.84202456096315,6.06134678022278,33.4790186019162,518.627794339334
Sub-Saharan Africa (IDA & IBRD countries),TSS,2000,50.3393935890217,154.834546026801,5.7929180152922,5.51994124804835,32.5771994559509,504.901803251916
Sub-Saharan Africa (IDA & IBRD countries),TSS,2001,50.6201370977426,149.740864749261,5.74398876703277,5.79190381898707,30.676205853587,492.654998918624
Sub-Saharan Africa (IDA & IBRD countries),TSS,2002,51.0038552379403,144.271302849405,5.69619082416368,5.38091204351135,29.5815930065477,486.145923270303
Sub-Saharan Africa (IDA & IBRD countries),TSS,2003,51.4865984908909,138.613172367459,5.64579737876871,5.98522131320436,42.4262715912,530.835501943496
Sub-Saharan Africa (IDA & IBRD countries),TSS,2004,52.0626209015073,132.897617836504,5.59326440124525,6.03616098407027,50.9240373116628,663.182127634888
Sub-Saharan Africa (IDA & IBRD countries),TSS,2005,52.7176601605401,127.227040366446,5.53804733381905,5.85499668863745,56.8600773288907,802.692868885517
Sub-Saharan Africa (IDA & IBRD countries),TSS,2006,53.4326231873192,121.707589669063,5.48009144671371,5.6604778851086,62.4012122667921,923.000136287733
Sub-Saharan Africa (IDA & IBRD countries),TSS,2007,54.1785518165328,116.322499744866,5.42080805628976,5.6242732325373,71.3239458116445,1028.2050263468
Sub-Saharan Africa (IDA & IBRD countries),TSS,2008,54.9257234918548,111.120135750312,5.36092569006052,5.59907841218196,77.3807501020038,1144.78422162807
Sub-Saharan Africa (IDA & IBRD countries),TSS,2009,55.652055541695,106.162587021288,5.30019414526205,6.14105656684519,77.635006877717,1178.25487638273
Sub-Saharan Africa (IDA & IBRD countries),TSS,2010,56.3365395341918,101.396245664146,5.2382392263979,5.79594638184041,88.4873611436174,1281.09935731391
Sub-Saharan Africa (IDA & IBRD countries),TSS,2011,56.9668627834189,97.0751807214534,5.17411071769895,5.81189310904567,97.6272863340147,1403.15593544634
Sub-Saharan Africa (IDA & IBRD countries),TSS,2012,57.5461879014457,93.0223876779742,5.10819236662907,5.5977595339883,95.865644620014,1617.82342446178
Sub-Saharan Africa (IDA & IBRD countries),TSS,2013,58.0765604637882,89.3577772918284,5.04031677651894,5.64427935445753,98.8502597698371,1692.28442428742
Sub-Saharan Africa (IDA & IBRD countries),TSS,2014,58.5588549567745,86.0596039181548,4.97124253175181,5.4616287794936,97.6705125813537,1728.63453566338
Sub-Saharan Africa (IDA & IBRD countries),TSS,2015,,83.1799740855183,,,,1628.16720704512
Sub-Saharan Africa (excluding high income),SSA,1985,49.5160664127445,188.2,6.62387616483629,,,488.910338773922
Sub-Saharan Africa (excluding high income),SSA,1986,49.6863282046747,186.6,6.58273361015176,,,491.097816047418
Sub-Saharan Africa (excluding high income),SSA,1987,49.8066142780506,184.9,6.53573520868308,,,545.026904673557
Sub-Saharan Africa (excluding high income),SSA,1988,49.8784458350966,183.3,6.48305923125348,,,620.08665062645
Sub-Saharan Africa (excluding high income),SSA,1989,49.9099736360454,181.8,6.42532857981954,,,625.755248988932
Sub-Saharan Africa (excluding high income),SSA,1990,49.9139166240877,180.3,6.36402226180498,,,598.069353650051
Sub-Saharan Africa (excluding high income),SSA,1991,49.9083589030101,178.9,6.29836281190836,,,589.370596774517
Sub-Saharan Africa (excluding high income),SSA,1992,49.9041051217755,177.4,6.23302945737401,,,569.98887363045
Sub-Saharan Africa (excluding high income),SSA,1993,49.9054262824568,175.8,6.16874193708584,,,548.523158881492
Sub-Saharan Africa (excluding high income),SSA,1994,49.9105746720359,174.8,6.10768113709673,,,527.588251862767
Sub-Saharan Africa (excluding high income),SSA,1995,49.9179577648716,172.3,6.04980597046017,6.13959079265371,40.4618736374578,544.267150526567
Sub-Saharan Africa (excluding high income),SSA,1996,49.9322657645424,169.2,5.99502291622491,6.07129956127071,43.2248499993331,562.858732820927
Sub-Saharan Africa (excluding high income),SSA,1997,49.9653924823957,166.3,5.94260116867541,6.12854994340922,43.984394415624,573.68287607018
Sub-Saharan Africa (excluding high income),SSA,1998,50.0325203023396,163.0,5.89190716076142,6.14377452432182,42.7418453097513,536.010177238378
Sub-Saharan Africa (excluding high income),SSA,1999,50.1498527740258,158.8,5.84258614252719,6.0634286821594,33.4336271722218,517.785498537197
Sub-Saharan Africa (excluding high income),SSA,2000,50.3393935890217,154.3,5.79346009772076,5.52147764146815,32.537817417624,504.072575952056
Sub-Saharan Africa (excluding high income),SSA,2001,50.6201370977426,149.3,5.74453432474028,5.79437940904401,30.639280694011,491.842595442878
Sub-Saharan Africa (excluding high income),SSA,2002,51.0012452858447,143.9,5.69672910128774,5.38318048013137,29.5427704934683,485.384813941943
Sub-Saharan Africa (excluding high income),SSA,2003,51.4843596331968,138.3,5.64630316423538,5.98727638121684,42.386497317493,530.033745350325
Sub-Saharan Africa (excluding high income),SSA,2004,52.0603370466082,132.7,5.59376259109238,6.03889099131792,50.8842686360654,662.219470689519
Sub-Saharan Africa (excluding high income),SSA,2005,52.715549146102,127.1,5.53850003004716,5.85765445635916,56.8214158156187,801.563438602648
Sub-Saharan Africa (excluding high income),SSA,2006,53.4305943105605,121.6,5.48054115315487,5.66297581717856,62.3615478659415,921.734595698265
Sub-Saharan Africa (excluding high income),SSA,2007,54.1765429979446,116.2,5.42121681313893,5.62690095196982,71.2910676151222,1027.01238540454
Sub-Saharan Africa (excluding high income),SSA,2008,54.9238062199385,111.0,5.36131237282286,5.60182643717512,77.3591473963902,1143.73177982046
Sub-Saharan Africa (excluding high income),SSA,2009,55.6502705558944,106.0,5.30054784306293,6.14402995678043,77.6177582637687,1177.32515249917
Sub-Saharan Africa (excluding high income),SSA,2010,56.3348070968264,101.2,5.23861767948122,5.79754325588309,88.4572958402661,1280.18367773912
Sub-Saharan Africa (excluding high income),SSA,2011,56.9653282729585,96.9,5.17442336952228,5.81361168894956,97.5987226824085,1402.21601453889
Sub-Saharan Africa (excluding high income),SSA,2012,57.5445916686109,92.9,5.10848825290977,5.59883912177335,95.8275170531962,1616.80695293388
Sub-Saharan Africa (excluding high income),SSA,2013,58.0751342720134,89.2,5.04059855863438,5.64602050637119,98.8089059038871,1691.16414898367
Sub-Saharan Africa (excluding high income),SSA,2014,58.5574786839339,86.0,4.97152036110332,5.46333059252273,97.6329138737277,1727.47460096315
Sub-Saharan Africa (excluding high income),SSA,2015,,83.1,,,,1626.94735803478
Sudan,SDN,1985,54.7589756097561,136.0,6.467,,,400.0
Sudan,SDN,1986,54.8944634146341,134.5,6.401,,,550.0
Sudan,SDN,1987,55.0393658536585,132.8,6.338,,,800.0
Sudan,SDN,1988,55.1896829268293,131.1,6.275,,,790.0
Sudan,SDN,1989,55.3473902439024,129.3,6.214,,,720.0
Sudan,SDN,1990,55.5144634146342,127.5,6.153,,,530.0
Sudan,SDN,1991,55.6908536585366,125.7,6.092,,,440.0
Sudan,SDN,1992,55.8795853658537,123.9,6.028,,,340.0
Sudan,SDN,1993,56.0811707317073,122.1,5.962,,,300.0
Sudan,SDN,1994,56.2986585365854,120.2,5.893,,,310.0
Sudan,SDN,1995,56.5330731707317,118.2,5.821,3.98472106,20.7335606,390.0
Sudan,SDN,1996,56.7859512195122,116.1,5.747,4.43545193,14.59029107,380.0
Sudan,SDN,1997,57.0558780487805,113.9,5.672,4.23135527,16.57142676,370.0
Sudan,SDN,1998,57.3443902439025,111.4,5.596,4.11402925,16.783946,320.0
Sudan,SDN,1999,57.6505853658537,108.8,5.52,3.82070938,14.93651263,320.0
Sudan,SDN,2000,57.9749756097561,105.9,5.444,3.22544835,15.03872204,320.0
Sudan,SDN,2001,58.3166341463415,103.1,5.366,2.96223361,16.16240572,330.0
Sudan,SDN,2002,58.6755609756098,100.2,5.287,2.94690725,18.07519257,360.0
Sudan,SDN,2003,59.050243902439,97.3,5.206,3.17703293,22.34329951,400.0
Sudan,SDN,2004,59.4381463414634,94.5,5.123,3.39271563,28.99705246,470.0
Sudan,SDN,2005,59.8408292682927,91.9,5.039,3.1765208,34.93542591,560.0
Sudan,SDN,2006,60.262243902439,89.3,4.956,3.92670182,54.17337061,710.0
Sudan,SDN,2007,60.7008780487805,87.0,4.873,4.72342094,83.46598036,880.0
Sudan,SDN,2008,61.1506097560976,84.7,4.792,8.16712987,114.68490041,1080.0
Sudan,SDN,2009,61.6023902439024,82.4,4.713,8.0387379,109.97087204,1130.0
Sudan,SDN,2010,62.0425853658537,80.2,4.636,7.96507777,118.97410975,1200.0
Sudan,SDN,2011,62.4555365853659,78.2,4.562,8.02944311,120.34461155,1410.0
Sudan,SDN,2012,62.8321951219512,76.3,4.491,8.20038881,112.64870777,1650.0
Sudan,SDN,2013,63.1670487804878,74.2,4.421,8.42182058,119.37811314,1670.0
Sudan,SDN,2014,63.4585365853658,72.2,4.353,8.42877471,129.84387706,1710.0
Sudan,SDN,2015,,70.1,,,,1840.0
Suriname,SUR,1985,67.0202926829268,54.1,3.537,,,2280.0
Suriname,SUR,1986,67.1391219512195,52.7,3.483,,,2340.0
Suriname,SUR,1987,67.2393902439024,51.4,3.432,,,2320.0
Suriname,SUR,1988,67.3304878048781,50.2,3.382,,,2890.0
Suriname,SUR,1989,67.4178536585366,48.9,3.332,,,2270.0
Suriname,SUR,1990,67.5018780487805,47.6,3.282,,,1430.0
Suriname,SUR,1991,67.5804878048781,46.3,3.231,,,1120.0
Suriname,SUR,1992,67.6510731707317,44.9,3.181,,,1010.0
Suriname,SUR,1993,67.7120731707317,43.5,3.131,,,
Suriname,SUR,1994,67.7639756097561,42.2,3.083,,,1080.0
Suriname,SUR,1995,67.8057317073171,40.9,3.035,6.96915487,108.29141072,1320.0
Suriname,SUR,1996,67.8343414634146,39.6,2.987,7.41196355,140.60687652,1640.0
Suriname,SUR,1997,67.8518780487805,38.3,2.941,10.05899763,201.79973261,1850.0
Suriname,SUR,1998,67.8664146341464,37.0,2.896,11.12889527,223.29055223,1940.0
Suriname,SUR,1999,67.8864878048781,35.7,2.853,8.91031536,171.0279756,1780.0
Suriname,SUR,2000,67.9291707317073,34.4,2.81,9.65099515,178.76320613,1870.0
Suriname,SUR,2001,68.0119756097561,33.3,2.769,8.37819571,132.21126146,1370.0
Suriname,SUR,2002,68.1439756097561,32.1,2.73,7.1421666,158.61102604,1720.0
Suriname,SUR,2003,68.3296341463415,31.1,2.692,6.62355609,172.64256819,1980.0
Suriname,SUR,2004,68.5659756097561,30.1,2.655,6.87614002,208.58640554,2620.0
Suriname,SUR,2005,68.846,29.2,2.619,6.7755102,247.02799726,3240.0
Suriname,SUR,2006,69.1567317073171,28.3,2.586,6.21722335,329.23473818,4060.0
Suriname,SUR,2007,69.4790731707317,27.4,2.553,5.92394468,347.26467102,5110.0
Suriname,SUR,2008,69.795,26.4,2.523,5.92226887,412.96564252,6460.0
Suriname,SUR,2009,70.0929024390244,25.6,2.493,6.13576782,463.95307749,7110.0
Suriname,SUR,2010,70.3627317073171,24.9,2.465,5.80511399,489.42073508,7780.0
Suriname,SUR,2011,70.5993902439024,24.1,2.438,5.93024378,501.12091821,8070.0
Suriname,SUR,2012,70.8063170731707,23.4,2.411,6.08716678,577.35347664,8760.0
Suriname,SUR,2013,70.99,22.6,2.386,5.96477182,592.48403946,9180.0
Suriname,SUR,2014,71.1514390243903,21.9,2.36,5.68746988,588.62778397,9590.0
Suriname,SUR,2015,,21.3,,,,9300.0
Swaziland,SWZ,1985,57.3709268292683,89.5,6.384,,,
Swaziland,SWZ,1986,57.9031463414634,84.4,6.291,,,
Swaziland,SWZ,1987,58.3978780487805,80.3,6.18,,,
Swaziland,SWZ,1988,58.8320487804878,77.2,6.051,,,
Swaziland,SWZ,1989,59.1686341463415,75.2,5.905,,,
Swaziland,SWZ,1990,59.3451951219512,74.7,5.744,,,1230.0
Swaziland,SWZ,1991,59.2932682926829,75.8,5.571,,,1290.0
Swaziland,SWZ,1992,58.9774634146342,78.8,5.392,,,1500.0
Swaziland,SWZ,1993,58.3843902439024,83.7,5.211,,,1520.0
Swaziland,SWZ,1994,57.5221463414634,89.9,5.035,,,1510.0
Swaziland,SWZ,1995,56.3908048780488,96.9,4.866,4.96022014,87.46728608,1750.0
Swaziland,SWZ,1996,55.004512195122,104.3,4.709,5.40336559,87.96815911,1850.0
Swaziland,SWZ,1997,53.437243902439,111.3,4.564,5.11770422,87.27136285,1870.0
Swaziland,SWZ,1998,51.7894390243902,117.7,4.432,5.50584997,84.40432081,1650.0
Swaziland,SWZ,1999,50.1564390243903,123.3,4.313,5.32938564,78.70496633,1640.0
Swaziland,SWZ,2000,48.6640731707317,128.3,4.209,5.25519849,75.31834634,1520.0
Swaziland,SWZ,2001,47.4340975609756,131.6,4.121,5.11405331,64.20722702,1480.0
Swaziland,SWZ,2002,46.5233170731707,133.1,4.046,5.15565081,58.32180412,1260.0
Swaziland,SWZ,2003,45.9580975609756,133.7,3.982,5.70622138,97.24077523,1340.0
Swaziland,SWZ,2004,45.7453414634146,132.7,3.925,5.88376476,130.09009998,1710.0
Swaziland,SWZ,2005,45.8600731707317,130.2,3.871,6.79799069,159.02471477,2390.0
Swaziland,SWZ,2006,46.2413658536585,122.7,3.818,6.81322502,179.61710931,2560.0
Swaziland,SWZ,2007,46.7723902439024,117.2,3.761,7.0494846,189.69488358,2720.0
Swaziland,SWZ,2008,47.3458292682927,113.8,3.699,8.19474448,214.4853543,2770.0
Swaziland,SWZ,2009,47.892756097561,104.2,3.632,8.46365405,226.79875003,2670.0
Swaziland,SWZ,2010,48.345756097561,88.4,3.559,8.46995395,250.43437663,2600.0
Swaziland,SWZ,2011,48.6613902439024,79.1,3.483,8.61329306,270.43795114,3010.0
Swaziland,SWZ,2012,48.8506341463415,72.6,3.407,8.75829595,267.41284345,3460.0
Swaziland,SWZ,2013,48.9379268292683,67.6,3.334,9.65813772,272.6272312,3680.0
Swaziland,SWZ,2014,48.9347317073171,62.6,3.266,9.25193954,247.89642482,3550.0
Swaziland,SWZ,2015,,60.7,,,,3230.0
Sweden,SWE,1985,76.6678048780488,7.6,1.74,,,13080.0
Sweden,SWE,1986,76.9312195121951,7.5,1.8,,,15330.0
Sweden,SWE,1987,77.0921951219512,7.4,1.84,,,19360.0
Sweden,SWE,1988,76.9792682926829,7.3,1.96,,,24190.0
Sweden,SWE,1989,77.7268292682927,7.2,2.01,,,26090.0
Sweden,SWE,1990,77.5368292682927,6.9,2.13,,,27760.0
Sweden,SWE,1991,77.6668292682927,6.6,2.11,,,29110.0
Sweden,SWE,1992,77.9987804878049,6.1,2.09,,,31340.0
Sweden,SWE,1993,78.0604878048781,5.7,1.99,,,28200.0
Sweden,SWE,1994,78.650243902439,5.2,1.88,,,27690.0
Sweden,SWE,1995,78.7404878048781,4.8,1.73,7.96455521,2291.80616591,28070.0
Sweden,SWE,1996,78.9590243902439,4.5,1.6,8.20030584,2565.39395978,30390.0
Sweden,SWE,1997,79.1975609756098,4.3,1.52,8.02636126,2297.71594614,31380.0
Sweden,SWE,1998,79.3390243902439,4.2,1.5,8.11535567,2336.58547589,31120.0
Sweden,SWE,1999,79.4414634146342,4.1,1.5,8.19761871,2396.25815759,30910.0
Sweden,SWE,2000,79.6439024390244,4.1,1.54,8.17961312,2282.45522873,31220.0
Sweden,SWE,2001,79.7951219512195,4.1,1.57,8.85949228,2267.83358641,29390.0
Sweden,SWE,2002,79.8463414634146,4.0,1.65,9.22815647,2599.50664264,28740.0
Sweden,SWE,2003,80.0951219512195,3.9,1.71,9.31003467,3277.39680083,32410.0
Sweden,SWE,2004,80.4975609756098,3.7,1.75,9.08797098,3666.47386995,39390.0
Sweden,SWE,2005,80.5463414634146,3.6,1.77,9.06150305,3726.56581759,45350.0
Sweden,SWE,2006,80.7487804878049,3.4,1.85,8.94799761,3947.08522993,48650.0
Sweden,SWE,2007,80.9,3.3,1.88,8.91722313,4525.76574195,52190.0
Sweden,SWE,2008,81.1,3.2,1.91,9.22835422,4886.12904725,55600.0
Sweden,SWE,2009,81.3512195121951,3.1,1.94,9.93895273,4357.23636704,51900.0
Sweden,SWE,2010,81.4512195121951,3.1,1.98,9.46876598,4694.46341116,53900.0
Sweden,SWE,2011,81.8024390243903,3.0,1.9,11.70251308,6662.30187694,56090.0
Sweden,SWE,2012,81.7048780487805,3.0,1.91,11.80240408,6521.5779726,58680.0
Sweden,SWE,2013,81.9560975609756,3.0,1.89,11.96648921,7000.16264587,61340.0
Sweden,SWE,2014,81.9560975609756,3.0,1.89,11.92983965,6807.71777756,60590.0
Sweden,SWE,2015,,3.0,,,,57810.0
Switzerland,CHE,1985,76.7336585365854,9.0,1.52,,,18060.0
Switzerland,CHE,1986,76.8990243902439,8.9,1.53,,,20340.0
Switzerland,CHE,1987,77.1975609756098,8.8,1.52,,,25630.0
Switzerland,CHE,1988,77.2265853658537,8.6,1.57,,,33620.0
Switzerland,CHE,1989,77.4212195121951,8.4,1.56,,,35220.0
Switzerland,CHE,1990,77.2424390243902,8.2,1.58,,,36900.0
Switzerland,CHE,1991,77.5146341463415,7.9,1.58,,,37510.0
Switzerland,CHE,1992,77.8060975609756,7.5,1.58,,,40880.0
Switzerland,CHE,1993,78.0853658536586,7.1,1.51,,,40780.0
Switzerland,CHE,1994,78.35,6.7,1.49,,,41860.0
Switzerland,CHE,1995,78.4170731707317,6.4,1.48,9.33430835,4308.47711494,45400.0
Switzerland,CHE,1996,78.8960975609756,6.1,1.5,9.71518238,4292.36122604,48350.0
Switzerland,CHE,1997,79.079512195122,6.0,1.48,9.66982037,3717.91939765,48040.0
Switzerland,CHE,1998,79.3243902439025,5.8,1.47,9.84654167,3869.84622054,44960.0
Switzerland,CHE,1999,79.580487804878,5.7,1.48,10.00292799,3841.31436161,43130.0
Switzerland,CHE,2000,79.6804878048781,5.6,1.5,9.90805016,3540.85552818,43490.0
Switzerland,CHE,2001,80.1804878048781,5.6,1.38,10.28167391,3751.83727585,40950.0
Switzerland,CHE,2002,80.3853658536585,5.5,1.39,10.60657136,4190.44595558,39730.0
Switzerland,CHE,2003,80.5365853658537,5.3,1.39,10.933913,5001.94538676,45630.0
Switzerland,CHE,2004,81.0878048780488,5.2,1.42,10.96120293,5570.15899745,53810.0
Switzerland,CHE,2005,81.2365853658537,5.1,1.42,10.86294204,5636.55036955,61550.0
Switzerland,CHE,2006,81.490243902439,5.0,1.44,10.38772207,5642.66766191,63900.0
Switzerland,CHE,2007,81.7414634146342,4.8,1.46,10.20985654,6125.96531777,62680.0
Switzerland,CHE,2008,81.9926829268293,4.7,1.48,10.2889506,7103.95757869,63020.0
Switzerland,CHE,2009,82.0439024390244,4.6,1.5,11.00053859,7276.70470633,70230.0
Switzerland,CHE,2010,82.2463414634147,4.5,1.52,11.07054472,7807.62313333,77360.0
Switzerland,CHE,2011,82.6951219512195,4.4,1.52,11.21213823,9386.51427661,79290.0
Switzerland,CHE,2012,82.6975609756098,4.3,1.52,11.58918948,9195.74952894,84590.0
Switzerland,CHE,2013,82.7975609756098,4.2,1.52,11.70740988,9471.53560309,88120.0
Switzerland,CHE,2014,82.8487804878049,4.0,1.52,11.65926872,9673.5235346,86000.0
Switzerland,CHE,2015,,3.9,,,,84180.0
Syrian Arab Republic,SYR,1985,68.3119268292683,47.0,6.359,,,1690.0
Syrian Arab Republic,SYR,1986,68.7289756097561,44.8,6.168,,,1480.0
Syrian Arab Republic,SYR,1987,69.1153170731707,42.7,5.963,,,1270.0
Syrian Arab Republic,SYR,1988,69.4709268292683,40.7,5.748,,,1190.0
Syrian Arab Republic,SYR,1989,69.799756097561,38.9,5.529,,,890.0
Syrian Arab Republic,SYR,1990,70.1062682926829,37.2,5.313,,,910.0
Syrian Arab Republic,SYR,1991,70.396,35.5,5.11,,,990.0
Syrian Arab Republic,SYR,1992,70.6744146341463,33.9,4.925,,,1110.0
Syrian Arab Republic,SYR,1993,70.9466097560976,32.4,4.76,,,1070.0
Syrian Arab Republic,SYR,1994,71.2156097560976,30.9,4.618,,,970.0
Syrian Arab Republic,SYR,1995,71.4814390243902,29.5,4.495,5.51687902,51.11359767,900.0
Syrian Arab Republic,SYR,1996,71.7420975609756,28.1,4.386,5.5004147,58.60641388,860.0
Syrian Arab Republic,SYR,1997,71.9936585365854,26.8,4.282,5.29796706,57.93162481,860.0
Syrian Arab Republic,SYR,1998,72.2366829268293,25.6,4.178,5.12370263,55.34802256,920.0
Syrian Arab Republic,SYR,1999,72.4717317073171,24.4,4.07,5.24971554,57.27955089,890.0
Syrian Arab Republic,SYR,2000,72.7216829268293,23.4,3.958,4.91917628,57.89443659,970.0
Syrian Arab Republic,SYR,2001,73.0174878048781,22.3,3.841,4.91523547,56.90526184,1110.0
Syrian Arab Republic,SYR,2002,73.3606341463415,21.4,3.723,4.9424633,57.16557591,1210.0
Syrian Arab Republic,SYR,2003,73.7313658536585,20.5,3.609,5.11607166,61.07294379,1240.0
Syrian Arab Republic,SYR,2004,74.0956829268293,19.6,3.499,4.47860155,61.74400108,1390.0
Syrian Arab Republic,SYR,2005,74.3638536585366,18.8,3.399,4.10970595,63.78206888,1530.0
Syrian Arab Republic,SYR,2006,74.4324146341464,18.0,3.312,3.77755937,66.96213549,1650.0
Syrian Arab Republic,SYR,2007,74.2460731707317,17.3,3.238,3.72233305,77.48379099,1860.0
Syrian Arab Republic,SYR,2008,73.797243902439,16.5,3.178,3.39762749,88.84600425,
Syrian Arab Republic,SYR,2009,73.1204146341463,15.9,3.131,3.54647033,93.05910222,
Syrian Arab Republic,SYR,2010,72.3074390243903,15.3,3.093,3.27644738,95.14002508,
Syrian Arab Republic,SYR,2011,71.4861463414634,15.0,3.06,3.23254125,85.5282835,
Syrian Arab Republic,SYR,2012,70.7859024390244,16.0,3.027,3.2546046,70.97569991,
Syrian Arab Republic,SYR,2013,70.3015365853659,15.3,2.991,3.25453108,68.8345282,
Syrian Arab Republic,SYR,2014,70.0710243902439,14.3,2.95,3.25453108,66.45497393,
Syrian Arab Republic,SYR,2015,,12.9,,,,
Tajikistan,TJK,1985,63.2769756097561,122.6,5.486,,,
Tajikistan,TJK,1986,63.3734146341464,118.3,5.453,,,
Tajikistan,TJK,1987,63.3734146341464,113.6,5.408,,,
Tajikistan,TJK,1988,63.2763658536585,109.9,5.347,,,
Tajikistan,TJK,1989,63.0958780487805,108.1,5.27,,,
Tajikistan,TJK,1990,62.8647804878049,108.4,5.175,,,
Tajikistan,TJK,1991,62.6275365853659,111.2,5.067,,,
Tajikistan,TJK,1992,62.4331951219512,115.7,4.95,,,340.0
Tajikistan,TJK,1993,62.3181463414634,119.9,4.83,,,290.0
Tajikistan,TJK,1994,62.3015853658537,121.4,4.709,,,230.0
Tajikistan,TJK,1995,62.3874878048781,119.8,4.588,3.06601222,3.01029342,200.0
Tajikistan,TJK,1996,62.5631951219512,116.2,4.465,3.10434972,5.52795174,170.0
Tajikistan,TJK,1997,62.7973414634146,111.3,4.34,3.63343559,5.64187587,170.0
Tajikistan,TJK,1998,63.0656829268293,105.6,4.214,3.5587818,7.81404205,180.0
Tajikistan,TJK,1999,63.3636341463415,99.4,4.089,3.87736245,6.91323992,180.0
Tajikistan,TJK,2000,63.6952926829268,93.0,3.969,4.64098196,7.22817764,170.0
Tajikistan,TJK,2001,64.0748292682927,86.6,3.857,4.58575814,7.80652494,160.0
Tajikistan,TJK,2002,64.5109024390244,80.4,3.756,4.47985599,8.48205551,170.0
Tajikistan,TJK,2003,65.002,74.6,3.669,4.46175837,10.62567328,210.0
Tajikistan,TJK,2004,65.5370243902439,69.5,3.597,5.07023451,15.77612443,270.0
Tajikistan,TJK,2005,66.0972195121951,65.2,3.543,5.88684129,19.96296132,320.0
Tajikistan,TJK,2006,66.6618048780488,61.5,3.51,5.70209357,23.16019317,370.0
Tajikistan,TJK,2007,67.2074878048781,58.6,3.495,5.34661226,27.99867389,440.0
Tajikistan,TJK,2008,67.7145853658537,56.2,3.493,5.58479823,39.74212385,570.0
Tajikistan,TJK,2009,68.1705365853659,54.3,3.502,5.92820612,39.44307851,660.0
Tajikistan,TJK,2010,68.5633902439025,52.6,3.514,6.04279741,44.95927823,730.0
Tajikistan,TJK,2011,68.8917804878049,50.9,3.523,5.98248817,50.15923244,790.0
Tajikistan,TJK,2012,69.1669756097561,49.3,3.525,6.39187459,61.18867071,890.0
Tajikistan,TJK,2013,69.4001707317073,47.8,3.514,6.75199215,70.80293492,1000.0
Tajikistan,TJK,2014,69.5979756097561,46.3,3.49,6.880884,76.39130143,1350.0
Tajikistan,TJK,2015,,44.8,,,,1240.0
Tanzania,TZA,1985,50.9541707317073,176.3,6.465,,,
Tanzania,TZA,1986,50.9129024390244,174.5,6.424,,,
Tanzania,TZA,1987,50.7883414634146,172.1,6.379,,,
Tanzania,TZA,1988,50.5800731707317,169.4,6.328,,,
Tanzania,TZA,1989,50.3041219512195,167.1,6.273,,,
Tanzania,TZA,1990,49.9775609756098,165.2,6.213,,,200.0
Tanzania,TZA,1991,49.6234146341464,163.9,6.148,,,180.0
Tanzania,TZA,1992,49.2801463414634,162.6,6.081,,,180.0
Tanzania,TZA,1993,48.9871463414634,161.5,6.013,,,170.0
Tanzania,TZA,1994,48.7793170731707,159.9,5.946,,,160.0
Tanzania,TZA,1995,48.691512195122,157.6,5.883,3.01301851,6.76660486,170.0
Tanzania,TZA,1996,48.7481219512195,154.3,5.828,2.77587875,7.49788278,190.0
Tanzania,TZA,1997,48.9524878048781,149.9,5.78,2.77628591,8.64499482,210.0
Tanzania,TZA,1998,49.304512195122,144.5,5.741,2.54390649,9.39856834,250.0
Tanzania,TZA,1999,49.8066341463415,137.9,5.711,2.67091378,9.98946115,280.0
Tanzania,TZA,2000,50.4653414634146,130.6,5.689,2.64168592,10.11583608,300.0
Tanzania,TZA,2001,51.2807073170732,122.6,5.675,3.27675923,12.45874797,300.0
Tanzania,TZA,2002,52.2298048780488,114.7,5.666,3.5897047,13.82450905,310.0
Tanzania,TZA,2003,53.2841707317073,106.9,5.659,4.05540452,16.38962563,330.0
Tanzania,TZA,2004,54.416243902439,99.4,5.651,4.09591423,17.69656335,360.0
Tanzania,TZA,2005,55.6047804878049,92.4,5.638,4.66284406,21.57059274,410.0
Tanzania,TZA,2006,56.832,85.8,5.616,6.86400679,31.22308754,450.0
Tanzania,TZA,2007,58.0777804878049,79.5,5.585,4.71826274,24.4326427,510.0
Tanzania,TZA,2008,59.3147073170732,73.7,5.542,4.21458618,26.94161235,580.0
Tanzania,TZA,2009,60.509512195122,68.6,5.489,3.97365888,25.67596588,640.0
Tanzania,TZA,2010,61.6256097560976,63.4,5.427,5.29671631,36.09241915,700.0
Tanzania,TZA,2011,62.6320975609756,58.9,5.359,5.71831577,40.72677825,740.0
Tanzania,TZA,2012,63.5209024390244,55.7,5.287,5.72109354,45.64167972,780.0
Tanzania,TZA,2013,64.2918292682927,53.3,5.215,5.56967822,49.17452487,850.0
Tanzania,TZA,2014,64.9439024390244,50.5,5.145,5.58011591,51.71747631,920.0
Tanzania,TZA,2015,,48.7,,,,910.0
Thailand,THA,1985,67.9077804878049,48.3,2.571,,,790.0
Thailand,THA,1986,68.6316097560976,46.0,2.451,,,830.0
Thailand,THA,1987,69.2499024390244,43.7,2.346,,,950.0
Thailand,THA,1988,69.727512195122,41.5,2.256,,,1160.0
Thailand,THA,1989,70.0524146341463,39.2,2.179,,,1320.0
Thailand,THA,1990,70.2306097560976,37.0,2.113,,,1490.0
Thailand,THA,1991,70.287243902439,35.0,2.055,,,1660.0
Thailand,THA,1992,70.2730731707317,33.1,2.003,,,1880.0
Thailand,THA,1993,70.2374390243903,31.3,1.956,,,2140.0
Thailand,THA,1994,70.2070243902439,29.7,1.911,,,2400.0
Thailand,THA,1995,70.2006097560976,28.3,1.867,3.84085361,108.88767515,2750.0
Thailand,THA,1996,70.2278780487805,27.0,1.823,4.17947887,126.997249,2970.0
Thailand,THA,1997,70.2823902439024,25.8,1.781,4.37752519,109.09766548,2690.0
Thailand,THA,1998,70.3626341463415,24.6,1.742,4.14323514,75.6658767,2090.0
Thailand,THA,1999,70.4755609756098,23.5,1.705,3.89214559,77.0150611,1990.0
Thailand,THA,2000,70.6340731707317,22.5,1.671,3.79191144,74.22852023,1990.0
Thailand,THA,2001,70.8490487804878,21.5,1.641,3.73841269,68.11031734,1970.0
Thailand,THA,2002,71.118243902439,20.5,1.616,4.68076464,92.59617126,1980.0
Thailand,THA,2003,71.4339268292683,19.6,1.595,4.76460406,104.85225444,2170.0
Thailand,THA,2004,71.7864634146342,18.7,1.58,4.56710231,112.66121812,2520.0
Thailand,THA,2005,72.1572682926829,17.8,1.568,4.64478993,124.36497337,2770.0
Thailand,THA,2006,72.5257317073171,17.0,1.561,4.85773975,152.01992493,3080.0
Thailand,THA,2007,72.8744390243903,16.3,1.557,5.45259025,202.95281468,3520.0
Thailand,THA,2008,73.1884390243902,15.6,1.553,5.66074957,232.19248016,3990.0
Thailand,THA,2009,73.4617317073171,15.0,1.551,5.79526267,229.64966011,4160.0
Thailand,THA,2010,73.6943658536586,14.5,1.547,5.4092974,258.66174884,4610.0
Thailand,THA,2011,73.8923902439024,14.0,1.542,5.91425697,305.57575041,5000.0
Thailand,THA,2012,74.0719024390244,13.5,1.534,6.15854473,335.56853053,5610.0
Thailand,THA,2013,74.2469268292683,13.1,1.524,6.17521536,354.53189559,5830.0
Thailand,THA,2014,74.4220243902439,12.6,1.512,6.52943298,360.38300316,5780.0
Thailand,THA,2015,,12.3,,,,5620.0
Timor-Leste,TMP,1985,43.4949756097561,,5.336,,,
Timor-Leste,TMP,1986,44.766512195122,210.0,5.308,,,
Timor-Leste,TMP,1987,45.8391219512195,201.0,5.271,,,
Timor-Leste,TMP,1988,46.7923414634146,192.1,5.256,,,
Timor-Leste,TMP,1989,47.6564634146342,183.8,5.273,,,
Timor-Leste,TMP,1990,48.4847317073171,175.7,5.34,,,
Timor-Leste,TMP,1991,49.3442682926829,168.2,5.469,,,
Timor-Leste,TMP,1992,50.2802682926829,161.0,5.651,,,
Timor-Leste,TMP,1993,51.3184146341464,153.9,5.874,,,
Timor-Leste,TMP,1994,52.4634146341464,147.0,6.125,,,
Timor-Leste,TMP,1995,53.6883170731707,140.4,6.384,,,
Timor-Leste,TMP,1996,54.9431219512195,134.0,6.627,,,
Timor-Leste,TMP,1997,56.1655121951219,127.8,6.832,,,
Timor-Leste,TMP,1998,57.3108780487805,121.9,6.986,,,
Timor-Leste,TMP,1999,58.365756097561,116.0,7.079,,,
Timor-Leste,TMP,2000,59.3469756097561,110.2,7.112,3.26442873,16.99290083,
Timor-Leste,TMP,2001,60.2905853658537,104.6,7.092,3.74927975,21.08798819,
Timor-Leste,TMP,2002,61.2376341463415,99.1,7.037,3.88859344,20.85882513,810.0
Timor-Leste,TMP,2003,62.2079024390244,93.7,6.965,2.48303393,13.38453312,700.0
Timor-Leste,TMP,2004,63.1929756097561,88.4,6.64875,1.30917431,14.82391023,740.0
Timor-Leste,TMP,2005,64.1560975609756,83.3,6.3325,1.04740904,19.20167519,910.0
Timor-Leste,TMP,2006,65.0478536585366,78.5,6.01625,0.65286624,18.29651057,1340.0
Timor-Leste,TMP,2007,65.8241951219512,74.1,5.7,0.36832022,10.69000888,1860.0
Timor-Leste,TMP,2008,66.4578292682927,70.2,5.7,0.73921941,31.82992761,3010.0
Timor-Leste,TMP,2009,66.9466829268293,66.7,5.7,1.01851052,32.24189521,2370.0
Timor-Leste,TMP,2010,67.3083902439025,63.8,5.6,0.92235429,36.77648669,2770.0
Timor-Leste,TMP,2011,67.5767317073171,61.1,5.5,0.75749142,40.25044402,3630.0
Timor-Leste,TMP,2012,67.8001463414634,58.7,5.3,1.00788672,51.0218896,3940.0
Timor-Leste,TMP,2013,68.0209024390244,56.5,5.2,1.28677234,56.59535397,3680.0
Timor-Leste,TMP,2014,68.2591463414634,54.5,5.1,1.47530345,57.08171056,2670.0
Timor-Leste,TMP,2015,,52.6,,,,1920.0
Togo,TGO,1985,54.6347317073171,159.0,6.869,,,230.0
Togo,TGO,1986,54.9881707317073,156.1,6.775,,,250.0
Togo,TGO,1987,55.2963902439024,153.3,6.672,,,310.0
Togo,TGO,1988,55.5518048780488,150.8,6.561,,,390.0
Togo,TGO,1989,55.744243902439,148.5,6.444,,,400.0
Togo,TGO,1990,55.8484390243902,146.2,6.324,,,400.0
Togo,TGO,1991,55.8350243902439,144.1,6.202,,,400.0
Togo,TGO,1992,55.6976829268293,142.1,6.082,,,410.0
Togo,TGO,1993,55.4501951219512,140.0,5.965,,,330.0
Togo,TGO,1994,55.1134390243903,137.7,5.855,,,300.0
Togo,TGO,1995,54.7248780487805,135.4,5.755,3.98928561,13.4497743,300.0
Togo,TGO,1996,54.3296097560976,132.7,5.666,4.00722916,14.40155829,310.0
Togo,TGO,1997,53.9733902439025,129.9,5.588,3.87706166,13.83234037,350.0
Togo,TGO,1998,53.6964878048781,127.0,5.52,3.91614866,12.88490978,330.0
Togo,TGO,1999,53.5240243902439,123.9,5.461,4.00537259,12.86098944,320.0
Togo,TGO,2000,53.4686829268293,120.8,5.41,4.34587672,11.52425748,300.0
Togo,TGO,2001,53.5265853658537,117.6,5.364,4.28754557,11.39667368,270.0
Togo,TGO,2002,53.673243902439,114.4,5.32,4.0672205,11.6488095,250.0
Togo,TGO,2003,53.8871219512195,111.2,5.276,4.99880284,15.81643176,290.0
Togo,TGO,2004,54.1632195121951,108.1,5.229,5.06130245,18.03817192,330.0
Togo,TGO,2005,54.5079756097561,105.1,5.179,5.17180825,19.58650912,360.0
Togo,TGO,2006,54.930756097561,102.1,5.123,5.56021357,21.34110357,380.0
Togo,TGO,2007,55.4334390243903,99.2,5.064,5.54708083,23.73468488,400.0
Togo,TGO,2008,56.0059024390244,96.4,5.002,5.73187263,29.919543,400.0
Togo,TGO,2009,56.6306097560976,93.6,4.936,6.63672007,33.75042354,440.0
Togo,TGO,2010,57.2815609756098,90.9,4.868,5.36773553,26.64986683,450.0
Togo,TGO,2011,57.9307804878049,88.3,4.798,5.20927104,29.79840168,460.0
Togo,TGO,2012,58.5538536585366,85.8,4.727,5.11056848,29.66658106,480.0
Togo,TGO,2013,59.1323658536585,83.3,4.655,5.11926485,32.14176626,500.0
Togo,TGO,2014,59.6558048780488,80.8,4.584,5.24687674,33.89092289,550.0
Togo,TGO,2015,,78.4,,,,540.0
Tonga,TON,1985,68.7596585365854,25.4,5.128,,,720.0
Tonga,TON,1986,68.9659024390244,24.8,4.989,,,770.0
Tonga,TON,1987,69.1519268292683,24.1,4.864,,,860.0
Tonga,TON,1988,69.3151951219512,23.4,4.763,,,1070.0
Tonga,TON,1989,69.4576829268293,22.7,4.691,,,1160.0
Tonga,TON,1990,69.5823170731707,21.9,4.644,,,1220.0
Tonga,TON,1991,69.6930487804878,21.1,4.612,,,1350.0
Tonga,TON,1992,69.7972195121951,20.4,4.583,,,1450.0
Tonga,TON,1993,69.9007317073171,19.8,4.547,,,1530.0
Tonga,TON,1994,70.0064634146342,19.3,4.501,,,1820.0
Tonga,TON,1995,70.1192682926829,18.9,4.447,4.13074967,87.25118703,2010.0
Tonga,TON,1996,70.238512195122,18.6,4.391,4.21472348,96.22436079,2280.0
Tonga,TON,1997,70.3636829268293,18.4,4.34,4.47885371,98.43958032,2260.0
Tonga,TON,1998,70.4928536585366,18.1,4.3,4.7273677,92.01436852,2210.0
Tonga,TON,1999,70.6250731707317,17.9,4.27,5.14424756,102.8160543,2140.0
Tonga,TON,2000,70.7604390243903,17.6,4.25,4.75456523,91.60761819,2030.0
Tonga,TON,2001,70.8985853658537,17.3,4.236,5.65871081,96.02971682,1920.0
Tonga,TON,2002,71.0366829268293,17.0,4.221,5.02974129,92.3611898,1880.0
Tonga,TON,2003,71.1754390243902,16.8,4.202,5.08974932,106.14304211,1950.0
Tonga,TON,2004,71.3144390243903,16.7,4.177,4.87078703,114.81375465,2250.0
Tonga,TON,2005,71.4533414634146,16.7,4.144,6.52379264,167.35733178,2500.0
Tonga,TON,2006,71.5937073170732,16.7,4.104,5.60594356,159.04635622,2720.0
Tonga,TON,2007,71.737,16.8,4.059,5.81765428,170.62671756,2810.0
Tonga,TON,2008,71.8831951219512,17.0,4.012,5.12973873,169.65108434,3170.0
Tonga,TON,2009,72.031756097561,17.2,3.963,4.66848316,145.0456649,3300.0
Tonga,TON,2010,72.1826097560976,17.4,3.913,4.59400374,163.44362031,3550.0
Tonga,TON,2011,72.3347317073171,17.5,3.864,4.06038924,171.62506719,3830.0
Tonga,TON,2012,72.488,17.5,3.815,4.51094427,196.87075877,4210.0
Tonga,TON,2013,72.6403414634147,17.3,3.768,4.98418762,205.21450521,4300.0
Tonga,TON,2014,72.7921951219512,17.1,3.722,5.17677064,212.97503549,4260.0
Tonga,TON,2015,,16.7,,,,
Trinidad and Tobago,TTO,1985,67.5566829268293,34.0,3.06,,,5890.0
Trinidad and Tobago,TTO,1986,67.649243902439,33.1,2.949,,,5090.0
Trinidad and Tobago,TTO,1987,67.7429268292683,32.3,2.827,,,4480.0
Trinidad and Tobago,TTO,1988,67.8371219512195,31.6,2.7,,,3930.0
Trinidad and Tobago,TTO,1989,67.9311951219512,31.0,2.574,,,3630.0
Trinidad and Tobago,TTO,1990,68.0229024390244,30.5,2.453,,,3710.0
Trinidad and Tobago,TTO,1991,68.1105853658537,30.0,2.339,,,3850.0
Trinidad and Tobago,TTO,1992,68.1916341463415,29.7,2.231,,,4030.0
Trinidad and Tobago,TTO,1993,68.2641219512195,29.4,2.131,,,3840.0
Trinidad and Tobago,TTO,1994,68.3280975609756,29.2,2.04,,,3810.0
Trinidad and Tobago,TTO,1995,68.383756097561,29.0,1.961,5.09811641,216.48567376,3890.0
Trinidad and Tobago,TTO,1996,68.4308292682927,28.9,1.896,4.73247124,216.60647615,4230.0
Trinidad and Tobago,TTO,1997,68.4726097560976,28.8,1.843,4.57741344,208.33369818,4500.0
Trinidad and Tobago,TTO,1998,68.5113170731707,28.8,1.801,4.17963328,200.07589256,4620.0
Trinidad and Tobago,TTO,1999,68.5515609756098,28.7,1.772,4.70723528,253.41503759,4880.0
Trinidad and Tobago,TTO,2000,68.5964390243903,28.7,1.753,4.16756233,268.01398268,5420.0
Trinidad and Tobago,TTO,2001,68.6489512195122,28.6,1.744,4.39833331,305.05460729,6080.0
Trinidad and Tobago,TTO,2002,68.7104390243903,28.3,1.744,4.99769053,352.31862766,6760.0
Trinidad and Tobago,TTO,2003,68.7842682926829,28.0,1.749,5.12558072,448.50849256,8070.0
Trinidad and Tobago,TTO,2004,68.8718292682927,27.5,1.758,5.2241969,521.58492949,9690.0
Trinidad and Tobago,TTO,2005,68.9790487804878,26.9,1.769,5.31033616,654.40440943,11210.0
Trinidad and Tobago,TTO,2006,69.1083414634146,26.3,1.78,4.48975901,632.87745172,13290.0
Trinidad and Tobago,TTO,2007,69.2596585365854,25.6,1.79,4.82306179,797.25951233,14990.0
Trinidad and Tobago,TTO,2008,69.4289268292683,24.9,1.799,4.3981753,931.88457366,17330.0
Trinidad and Tobago,TTO,2009,69.6105853658537,24.3,1.804,6.47087206,938.84400013,16190.0
Trinidad and Tobago,TTO,2010,69.7975609756098,23.6,1.806,5.28531009,818.94310157,15770.0
Trinidad and Tobago,TTO,2011,69.9803170731707,22.9,1.804,5.05638554,891.80192588,14160.0
Trinidad and Tobago,TTO,2012,70.1513902439024,22.2,1.798,5.78214255,1000.98311196,15270.0
Trinidad and Tobago,TTO,2013,70.3052926829268,21.5,1.789,5.98343264,1084.3623824,17710.0
Trinidad and Tobago,TTO,2014,70.4405609756098,20.9,1.778,5.93319696,1136.30552886,18380.0
Trinidad and Tobago,TTO,2015,,20.4,,,,18600.0
Tunisia,TUN,1985,65.8676829268293,71.5,4.454,,,1160.0
Tunisia,TUN,1986,66.4496097560976,67.9,4.265,,,1140.0
Tunisia,TUN,1987,67.0230731707317,64.7,4.077,,,1270.0
Tunisia,TUN,1988,67.6079024390244,61.9,3.893,,,1340.0
Tunisia,TUN,1989,68.2100731707317,59.3,3.714,,,1310.0
Tunisia,TUN,1990,70.3073170731707,57.0,3.38,,,1430.0
Tunisia,TUN,1991,70.5073170731707,54.8,3.31,,,1480.0
Tunisia,TUN,1992,70.7560975609756,52.5,3.27,,,1700.0
Tunisia,TUN,1993,70.7536585365854,50.1,3.12,,,1700.0
Tunisia,TUN,1994,70.9536585365854,47.5,2.9,,,1740.0
Tunisia,TUN,1995,71.3536585365854,44.9,2.67,5.85903889,127.25657864,1820.0
Tunisia,TUN,1996,71.5536585365854,42.1,2.51,5.4307356,126.17134374,2010.0
Tunisia,TUN,1997,71.9024390243902,39.3,2.38,5.13826157,113.59766872,2160.0
Tunisia,TUN,1998,72.0512195121951,36.5,2.23,5.39805385,123.8960448,2190.0
Tunisia,TUN,1999,72.5,34.0,2.09,5.42520205,129.60788489,2300.0
Tunisia,TUN,2000,72.6,31.7,2.08,5.39590538,119.46242539,2310.0
Tunisia,TUN,2001,72.8487804878049,29.6,2.05,5.29072381,119.30169496,2280.0
Tunisia,TUN,2002,73.0,27.8,2.0,5.31933929,124.79332669,2210.0
Tunisia,TUN,2003,73.0512195121951,26.0,2.06,5.35778086,147.98820667,2480.0
Tunisia,TUN,2004,73.3024390243903,24.5,2.02,5.62538521,175.11634755,2930.0
Tunisia,TUN,2005,73.5024390243903,23.0,2.04,5.56702876,177.83770271,3190.0
Tunisia,TUN,2006,73.9,21.7,2.03,5.64434473,190.29556057,3360.0
Tunisia,TUN,2007,74.2024390243903,20.5,2.04,5.64191897,213.15896917,3560.0
Tunisia,TUN,2008,74.3024390243903,19.4,2.06,5.6286516,242.57432911,3880.0
Tunisia,TUN,2009,74.4512195121951,18.3,2.05,6.18404687,255.39533004,4110.0
Tunisia,TUN,2010,74.6024390243903,17.4,2.13,6.54360565,270.93524251,4170.0
Tunisia,TUN,2011,74.3439024390244,16.5,2.15,7.15464127,305.08415555,4000.0
Tunisia,TUN,2012,73.9951219512195,15.8,2.2,7.17870481,297.74271126,4110.0
Tunisia,TUN,2013,74.0439024390244,15.2,2.2,7.26466474,309.46925507,4160.0
Tunisia,TUN,2014,74.1439024390244,14.6,2.2,7.00385794,305.305519,4160.0
Tunisia,TUN,2015,,14.0,,,,3970.0
Turkey,TUR,1985,61.7144390243903,99.3,3.703,,,1310.0
Turkey,TUR,1986,62.2622682926829,93.9,3.563,,,1440.0
Turkey,TUR,1987,62.787512195122,88.7,3.426,,,1740.0
Turkey,TUR,1988,63.2945365853659,83.7,3.298,,,1860.0
Turkey,TUR,1989,63.7903170731707,79.0,3.181,,,1920.0
Turkey,TUR,1990,64.2823414634146,74.5,3.076,,,2300.0
Turkey,TUR,1991,64.7830975609756,70.3,2.986,,,2580.0
Turkey,TUR,1992,65.3002195121951,66.3,2.908,,,2930.0
Turkey,TUR,1993,65.8379024390244,62.4,2.84,,,3140.0
Turkey,TUR,1994,66.3987317073171,58.8,2.781,,,2680.0
Turkey,TUR,1995,66.9819268292683,55.2,2.728,2.5070327,96.21737516,2850.0
Turkey,TUR,1996,67.5862195121951,51.8,2.679,2.90240258,117.5499808,2920.0
Turkey,TUR,1997,68.1996829268293,48.6,2.63,3.13356918,130.79247741,3190.0
Turkey,TUR,1998,68.8122682926829,45.4,2.581,3.59344282,155.89010523,3410.0
Turkey,TUR,1999,69.4153902439025,42.4,2.531,4.76552076,189.18588608,3530.0
Turkey,TUR,2000,69.9993414634146,39.6,2.479,4.94898488,206.7453495,4200.0
Turkey,TUR,2001,70.5558048780488,36.9,2.426,5.16018215,156.34443518,3470.0
Turkey,TUR,2002,71.0819756097561,34.4,2.376,5.35671343,189.96289385,3470.0
Turkey,TUR,2003,71.5741951219512,32.0,2.329,5.33861757,243.47200557,3800.0
Turkey,TUR,2004,72.0298780487805,29.7,2.287,5.37016598,312.92740445,5060.0
Turkey,TUR,2005,72.4481219512195,27.7,2.25,5.44880157,386.1940968,6510.0
Turkey,TUR,2006,72.8285853658537,25.7,2.219,5.81085626,447.24121374,7520.0
Turkey,TUR,2007,73.1770731707317,23.9,2.193,6.03715628,559.68580846,8510.0
Turkey,TUR,2008,73.500756097561,22.2,2.17,6.07447864,627.88923319,9350.0
Turkey,TUR,2009,73.8032195121951,20.6,2.151,6.07952123,522.02870105,9140.0
Turkey,TUR,2010,74.0909268292683,19.1,2.134,5.61321761,565.87161546,9960.0
Turkey,TUR,2011,74.3673414634146,17.8,2.118,5.28676115,557.46566168,10450.0
Turkey,TUR,2012,74.6368048780488,16.5,2.103,5.2363833,555.06195987,10700.0
Turkey,TUR,2013,74.9007073170732,15.4,2.087,5.384456,588.20485371,10800.0
Turkey,TUR,2014,75.163512195122,14.3,2.07,5.41495949,567.63112672,10630.0
Turkey,TUR,2015,,13.5,,,,9950.0
Turkmenistan,TKM,1985,62.2764146341463,103.6,4.669,,,
Turkmenistan,TKM,1986,62.4534146341464,100.0,4.623,,,
Turkmenistan,TKM,1987,62.5744390243903,96.7,4.572,,,
Turkmenistan,TKM,1988,62.6429268292683,94.0,4.513,,,
Turkmenistan,TKM,1989,62.6704390243902,91.9,4.44,,,
Turkmenistan,TKM,1990,62.6741463414634,90.5,4.345,,,
Turkmenistan,TKM,1991,62.6782926829268,89.7,4.222,,,
Turkmenistan,TKM,1992,62.7061463414634,89.6,4.071,,,
Turkmenistan,TKM,1993,62.7713658536585,89.7,3.898,,,800.0
Turkmenistan,TKM,1994,62.8805609756098,89.6,3.707,,,690.0
Turkmenistan,TKM,1995,63.030243902439,89.4,3.512,3.06731472,43.02047946,610.0
Turkmenistan,TKM,1996,63.2098292682927,88.7,3.325,3.1335062,17.47230592,610.0
Turkmenistan,TKM,1997,63.4001219512195,87.5,3.159,4.96003169,30.66873646,550.0
Turkmenistan,TKM,1998,63.5824634146342,85.8,3.021,5.03036799,32.75487667,560.0
Turkmenistan,TKM,1999,63.7512195121951,83.8,2.914,3.88163143,33.64737492,620.0
Turkmenistan,TKM,2000,63.8992926829268,81.6,2.837,3.94217882,43.98185755,600.0
Turkmenistan,TKM,2001,64.0260975609756,79.2,2.783,3.87186243,58.97969588,650.0
Turkmenistan,TKM,2002,64.1376097560976,76.9,2.741,3.3377542,63.12472999,750.0
Turkmenistan,TKM,2003,64.2403902439025,74.7,2.701,3.85321101,94.70501255,990.0
Turkmenistan,TKM,2004,64.3374390243903,72.4,2.66,4.03345977,121.91000015,1310.0
Turkmenistan,TKM,2005,64.4323658536586,70.1,2.615,3.51024521,126.98084653,1600.0
Turkmenistan,TKM,2006,64.5318048780488,68.0,2.569,2.90279089,129.34406622,1960.0
Turkmenistan,TKM,2007,64.6388292682927,66.0,2.523,2.15851852,115.34736697,2330.0
Turkmenistan,TKM,2008,64.7560731707317,63.9,2.482,1.9252072,83.59909933,3050.0
Turkmenistan,TKM,2009,64.8835365853659,61.9,2.445,1.88168599,76.39572691,3570.0
Turkmenistan,TKM,2010,65.021243902439,60.1,2.411,1.98723852,87.29381562,4110.0
Turkmenistan,TKM,2011,65.1656097560976,58.2,2.381,1.98105412,113.4061784,4790.0
Turkmenistan,TKM,2012,65.3115853658537,56.5,2.353,1.96187546,133.36282344,5660.0
Turkmenistan,TKM,2013,65.4565609756098,54.7,2.326,2.12069027,165.98162605,6690.0
Turkmenistan,TKM,2014,65.5985365853659,53.1,2.301,2.06738625,186.71622853,7530.0
Turkmenistan,TKM,2015,,51.4,,,,7510.0
Turks and Caicos Islands,TCA,1985,,,,,,
Turks and Caicos Islands,TCA,1986,,,,,,
Turks and Caicos Islands,TCA,1987,,,,,,
Turks and Caicos Islands,TCA,1988,,,,,,
Turks and Caicos Islands,TCA,1989,,,,,,
Turks and Caicos Islands,TCA,1990,,,,,,
Turks and Caicos Islands,TCA,1991,,,,,,
Turks and Caicos Islands,TCA,1992,,,,,,
Turks and Caicos Islands,TCA,1993,,,,,,
Turks and Caicos Islands,TCA,1994,,,,,,
Turks and Caicos Islands,TCA,1995,,,,,,
Turks and Caicos Islands,TCA,1996,,,,,,
Turks and Caicos Islands,TCA,1997,,,,,,
Turks and Caicos Islands,TCA,1998,,,,,,
Turks and Caicos Islands,TCA,1999,,,,,,
Turks and Caicos Islands,TCA,2000,,,,,,
Turks and Caicos Islands,TCA,2001,,,,,,
Turks and Caicos Islands,TCA,2002,,,,,,
Turks and Caicos Islands,TCA,2003,,,,,,
Turks and Caicos Islands,TCA,2004,,,,,,
Turks and Caicos Islands,TCA,2005,,,,,,
Turks and Caicos Islands,TCA,2006,,,,,,
Turks and Caicos Islands,TCA,2007,,,,,,
Turks and Caicos Islands,TCA,2008,,,,,,
Turks and Caicos Islands,TCA,2009,,,,,,
Turks and Caicos Islands,TCA,2010,,,,,,
Turks and Caicos Islands,TCA,2011,,,,,,
Turks and Caicos Islands,TCA,2012,,,,,,
Turks and Caicos Islands,TCA,2013,,,,,,
Turks and Caicos Islands,TCA,2014,,,,,,
Turks and Caicos Islands,TCA,2015,,,,,,
Tuvalu,TUV,1985,,60.0,,,,
Tuvalu,TUV,1986,,59.3,,,,
Tuvalu,TUV,1987,,58.8,,,,
Tuvalu,TUV,1988,,58.3,,,,
Tuvalu,TUV,1989,,57.8,,,,
Tuvalu,TUV,1990,,57.2,,,,
Tuvalu,TUV,1991,,56.4,,,,
Tuvalu,TUV,1992,,55.4,,,,
Tuvalu,TUV,1993,,54.3,,,,
Tuvalu,TUV,1994,,52.9,,,,
Tuvalu,TUV,1995,,51.4,,8.16984768,104.15510953,
Tuvalu,TUV,1996,,49.7,,11.38689783,153.56469297,
Tuvalu,TUV,1997,,47.8,,8.264683,119.08906184,
Tuvalu,TUV,1998,,46.0,,8.76363644,121.88063658,
Tuvalu,TUV,1999,,44.2,,9.34381366,137.37997791,
Tuvalu,TUV,2000,,42.6,,15.69767024,231.89756194,
Tuvalu,TUV,2001,,41.1,,17.43301317,247.52479841,2710.0
Tuvalu,TUV,2002,,39.8,,14.5805306,241.06150632,3330.0
Tuvalu,TUV,2003,,38.7,,21.88030831,414.31689922,2530.0
Tuvalu,TUV,2004,,37.6,,16.93131245,374.35314475,3310.0
Tuvalu,TUV,2005,,36.6,,18.41012845,406.08335975,3740.0
Tuvalu,TUV,2006,,35.6,,19.37748443,449.80797276,3930.0
Tuvalu,TUV,2007,,34.6,,16.99930755,466.18594388,4710.0
Tuvalu,TUV,2008,,33.6,,13.42532962,414.18299047,4910.0
Tuvalu,TUV,2009,,32.6,,12.8212381,356.83347051,5130.0
Tuvalu,TUV,2010,,31.7,,16.75279266,547.32368468,4720.0
Tuvalu,TUV,2011,,30.7,,16.97994463,676.10931513,5080.0
Tuvalu,TUV,2012,,29.8,,13.77340665,564.08088644,5650.0
Tuvalu,TUV,2013,,28.9,,16.61044357,649.48055058,5840.0
Tuvalu,TUV,2014,,28.0,,16.53663877,632.84116105,5720.0
Tuvalu,TUV,2015,,27.1,,,,
Uganda,UGA,1985,47.6906097560976,195.8,7.103,,,190.0
Uganda,UGA,1986,47.1889756097561,193.2,7.103,,,250.0
Uganda,UGA,1987,46.6467804878049,191.8,7.102,,,310.0
Uganda,UGA,1988,46.0931219512195,190.9,7.1,,,400.0
Uganda,UGA,1989,45.5555853658537,189.5,7.097,,,400.0
Uganda,UGA,1990,45.0562682926829,187.1,7.091,,,320.0
Uganda,UGA,1991,44.6122195121951,183.7,7.082,,,250.0
Uganda,UGA,1992,44.2392926829268,179.6,7.071,,,190.0
Uganda,UGA,1993,43.9573414634146,175.6,7.057,,,180.0
Uganda,UGA,1994,43.794243902439,172.2,7.039,,,180.0
Uganda,UGA,1995,43.7833170731707,169.5,7.018,5.69237231,18.40695805,230.0
Uganda,UGA,1996,43.9574146341463,166.9,6.994,5.67241225,19.16251876,280.0
Uganda,UGA,1997,44.3188780487805,163.9,6.967,5.56349662,19.89027711,300.0
Uganda,UGA,1998,44.8590975609756,159.9,6.937,6.20038827,19.78723239,290.0
Uganda,UGA,1999,45.5649756097561,154.8,6.903,6.17789466,18.5602203,290.0
Uganda,UGA,2000,46.4199756097561,148.4,6.865,6.77320288,19.02343215,270.0
Uganda,UGA,2001,47.4041463414634,141.0,6.822,7.26084954,20.52951983,250.0
Uganda,UGA,2002,48.4755853658537,132.8,6.772,7.78265962,22.39944921,250.0
Uganda,UGA,2003,49.5878048780488,124.2,6.716,7.5364715,22.16982022,250.0
Uganda,UGA,2004,50.701243902439,115.6,6.653,8.89591147,30.27831986,270.0
Uganda,UGA,2005,51.7702195121951,107.4,6.583,9.36187998,36.67008561,300.0
Uganda,UGA,2006,52.7570487804878,99.7,6.507,9.86250092,40.96791919,340.0
Uganda,UGA,2007,53.6541463414634,92.5,6.424,9.76286949,48.25066973,380.0
Uganda,UGA,2008,54.4619756097561,85.9,6.337,9.10394727,52.68008919,430.0
Uganda,UGA,2009,55.1820975609756,80.1,6.247,8.42938791,49.68286165,500.0
Uganda,UGA,2010,55.8366585365854,75.2,6.154,11.02478546,65.3348763,550.0
Uganda,UGA,2011,56.463756097561,69.8,6.059,9.08972092,57.95094404,610.0
Uganda,UGA,2012,57.1001951219512,64.1,5.964,7.58352882,52.79119205,630.0
Uganda,UGA,2013,57.7676829268293,60.3,5.869,7.47352248,52.03034883,640.0
Uganda,UGA,2014,58.4664146341464,56.9,5.775,7.22213686,52.29424027,670.0
Uganda,UGA,2015,,54.6,,,,670.0
Ukraine,UKR,1985,69.5747804878049,22.7,2.06,,,
Ukraine,UKR,1986,69.791243902439,21.8,2.08,,,
Ukraine,UKR,1987,70.4951219512195,21.0,2.05,,,
Ukraine,UKR,1988,70.4975609756098,20.3,2.02,,,
Ukraine,UKR,1989,70.5390243902439,19.8,1.92,,,1620.0
Ukraine,UKR,1990,70.1365853658537,19.5,1.844,,,1610.0
Ukraine,UKR,1991,68.8780487804878,19.5,1.773,,,1520.0
Ukraine,UKR,1992,69.0682926829269,19.7,1.674,,,1420.0
Ukraine,UKR,1993,68.4756097560976,19.9,1.563,,,1230.0
Ukraine,UKR,1994,67.8385365853659,20.2,1.47,,,1010.0
Ukraine,UKR,1995,67.1370731707317,20.5,1.397,7.00905529,51.04945328,920.0
Ukraine,UKR,1996,66.8878048780488,20.5,1.332,6.85169783,60.46763771,860.0
Ukraine,UKR,1997,67.2953658536585,20.3,1.27,6.85355266,68.60927153,890.0
Ukraine,UKR,1998,67.9887804878049,19.9,1.207,6.60425133,55.7056667,850.0
Ukraine,UKR,1999,68.2134146341463,19.2,1.121,5.89209752,37.82313978,760.0
Ukraine,UKR,2000,67.859512195122,18.5,1.11,5.58890298,35.8444553,700.0
Ukraine,UKR,2001,68.2870731707317,17.6,1.085,5.65578135,44.54756253,730.0
Ukraine,UKR,2002,68.2756097560976,16.7,1.126,6.25127679,55.32707831,790.0
Ukraine,UKR,2003,68.2107317073171,15.9,1.172,6.93362184,73.19053656,980.0
Ukraine,UKR,2004,68.1853658536585,15.1,1.218,6.60913962,91.00615616,1270.0
Ukraine,UKR,2005,67.9568292682927,14.5,1.213,6.41043647,118.3073894,1540.0
Ukraine,UKR,2006,68.0775609756098,14.0,1.31,6.39231981,148.11867109,1950.0
Ukraine,UKR,2007,68.2221951219512,13.4,1.345,6.35521436,196.11365806,2570.0
Ukraine,UKR,2008,68.2514634146342,12.9,1.458,6.63441822,253.62421389,3220.0
Ukraine,UKR,2009,69.19,12.3,1.473,7.79946242,199.03562806,2840.0
Ukraine,UKR,2010,70.2653658536586,11.8,1.443,7.80753352,233.45175699,2990.0
Ukraine,UKR,2011,70.8092682926829,11.2,1.459,6.98430531,250.57808884,3110.0
Ukraine,UKR,2012,70.9441463414634,10.6,1.531,7.46947303,289.70574929,3500.0
Ukraine,UKR,2013,71.159512195122,10.0,1.506,7.66658213,311.16035123,3780.0
Ukraine,UKR,2014,71.1865853658537,9.5,1.498,7.09573611,202.6585798,3530.0
Ukraine,UKR,2015,,9.0,,,,2620.0
United Arab Emirates,ARE,1985,70.0766341463415,22.7,5.065,,,
United Arab Emirates,ARE,1986,70.4363902439024,21.1,4.973,,,
United Arab Emirates,ARE,1987,70.7781219512195,19.7,4.86,,,
United Arab Emirates,ARE,1988,71.1048292682927,18.5,4.724,,,
United Arab Emirates,ARE,1989,71.418,17.4,4.566,,,
United Arab Emirates,ARE,1990,71.7201463414634,16.5,4.388,,,
United Arab Emirates,ARE,1991,72.0122926829268,15.6,4.193,,,
United Arab Emirates,ARE,1992,72.2964146341463,14.8,3.989,,,
United Arab Emirates,ARE,1993,72.5730243902439,14.2,3.784,,,
United Arab Emirates,ARE,1994,72.8455853658537,13.6,3.583,,,
United Arab Emirates,ARE,1995,73.1150731707317,13.0,3.393,2.63613172,737.42407792,
United Arab Emirates,ARE,1996,73.3839268292683,12.6,3.215,2.45902483,733.11812537,
United Arab Emirates,ARE,1997,73.6526585365854,12.2,3.052,2.48706386,755.50700897,
United Arab Emirates,ARE,1998,73.9202195121951,11.8,2.902,2.89439211,801.20626516,
United Arab Emirates,ARE,1999,74.1871707317073,11.5,2.766,2.71378769,794.56301232,
United Arab Emirates,ARE,2000,74.4515365853659,11.1,2.644,2.37999034,814.13692852,
United Arab Emirates,ARE,2001,74.7128780487805,10.9,2.532,2.48427471,797.59251222,32820.0
United Arab Emirates,ARE,2002,74.9682682926829,10.6,2.428,2.71758304,879.28514869,31710.0
United Arab Emirates,ARE,2003,75.2172195121951,10.3,2.329,2.64640737,907.58262622,33560.0
United Arab Emirates,ARE,2004,75.4572682926829,10.1,2.236,2.46216142,915.42306321,37000.0
United Arab Emirates,ARE,2005,75.6863902439025,9.8,2.149,2.32021865,935.01622766,38390.0
United Arab Emirates,ARE,2006,75.9045365853659,9.6,2.071,2.32534364,998.78516967,40360.0
United Arab Emirates,ARE,2007,76.1111707317073,9.4,2.004,2.56564188,1101.01430073,40630.0
United Arab Emirates,ARE,2008,76.307756097561,9.1,1.948,2.92853487,1338.92670304,41010.0
United Arab Emirates,ARE,2009,76.4947804878049,8.8,1.903,4.04992386,1332.63012978,36040.0
United Arab Emirates,ARE,2010,76.675243902439,8.5,1.868,3.92945183,1349.44865722,34140.0
United Arab Emirates,ARE,2011,76.8511951219512,8.2,1.841,3.7038587,1473.33909581,35250.0
United Arab Emirates,ARE,2012,77.0241463414634,7.8,1.82,3.44599956,1433.10554702,40130.0
United Arab Emirates,ARE,2013,77.1956341463415,7.4,1.801,3.48564353,1551.34690283,43480.0
United Arab Emirates,ARE,2014,77.3681707317073,7.1,1.784,3.64398564,1610.79897995,44640.0
United Arab Emirates,ARE,2015,,6.8,,,,43170.0
United Kingdom,GBR,1985,74.6292682926829,11.4,1.79,,,8530.0
United Kingdom,GBR,1986,74.9292682926829,11.1,1.78,,,9540.0
United Kingdom,GBR,1987,75.280487804878,10.8,1.81,,,11840.0
United Kingdom,GBR,1988,75.3804878048781,10.4,1.82,,,15080.0
United Kingdom,GBR,1989,75.5829268292683,9.9,1.79,,,16190.0
United Kingdom,GBR,1990,75.8804878048781,9.3,1.83,,,17270.0
United Kingdom,GBR,1991,76.0829268292683,8.7,1.82,,,18020.0
United Kingdom,GBR,1992,76.4341463414634,8.2,1.79,,,20000.0
United Kingdom,GBR,1993,76.3853658536585,7.8,1.76,,,19910.0
United Kingdom,GBR,1994,76.8853658536585,7.4,1.74,,,20410.0
United Kingdom,GBR,1995,76.8365853658537,7.2,1.71,6.69419941,1364.12318162,20790.0
United Kingdom,GBR,1996,77.0878048780488,7.0,1.73,6.7213642,1436.86932937,21880.0
United Kingdom,GBR,1997,77.2109756097561,6.9,1.72,6.49146782,1542.68363069,23400.0
United Kingdom,GBR,1998,77.190243902439,6.8,1.71,6.56273213,1660.74458725,24810.0
United Kingdom,GBR,1999,77.390243902439,6.7,1.68,6.82592898,1769.17749767,26170.0
United Kingdom,GBR,2000,77.7414634146342,6.6,1.64,6.9408116,1763.46127917,27400.0
United Kingdom,GBR,2001,77.9926829268293,6.4,1.63,7.31085769,1840.43894415,27220.0
United Kingdom,GBR,2002,78.1439024390244,6.3,1.63,7.56801541,2070.69322445,27580.0
United Kingdom,GBR,2003,78.4463414634146,6.3,1.7,7.81211385,2462.0571798,30570.0
United Kingdom,GBR,2004,78.7463414634146,6.1,1.75,7.97890281,2963.50983978,36140.0
United Kingdom,GBR,2005,79.0487804878049,6.0,1.76,8.23536912,3176.57297279,41150.0
United Kingdom,GBR,2006,79.2487804878049,5.9,1.82,8.36326097,3425.61038268,43480.0
United Kingdom,GBR,2007,79.4487804878049,5.8,1.86,8.41613855,3937.18789433,46240.0
United Kingdom,GBR,2008,79.6,5.6,1.91,8.85089693,3863.73637452,46990.0
United Kingdom,GBR,2009,80.0512195121951,5.4,1.89,9.80995593,3491.24951634,42820.0
United Kingdom,GBR,2010,80.4024390243902,5.2,1.92,9.50702943,3491.21979734,40480.0
United Kingdom,GBR,2011,80.9512195121951,5.0,1.91,9.33870027,3648.94756377,40190.0
United Kingdom,GBR,2012,80.9048780487805,4.8,1.92,9.41083326,3648.67961034,41010.0
United Kingdom,GBR,2013,81.0048780487805,4.6,1.83,9.33908653,3684.74751976,42040.0
United Kingdom,GBR,2014,81.0560975609756,4.4,1.83,9.11547172,3934.82356101,43350.0
United Kingdom,GBR,2015,,4.2,,,,43340.0
United States,USA,1985,74.5634146341464,12.7,1.844,,,17510.0
United States,USA,1986,74.6146341463415,12.4,1.8375,,,19160.0
United States,USA,1987,74.7658536585366,12.2,1.872,,,21460.0
United States,USA,1988,74.7658536585366,11.9,1.934,,,23580.0
United States,USA,1989,75.0170731707317,11.6,2.014,,,23860.0
United States,USA,1990,75.2146341463415,11.2,2.081,,,24150.0
United States,USA,1991,75.3658536585366,10.9,2.0625,,,24370.0
United States,USA,1992,75.6170731707317,10.5,2.046,,,25780.0
United States,USA,1993,75.419512195122,10.1,2.0195,,,26480.0
United States,USA,1994,75.619512195122,9.8,2.0015,,,27750.0
United States,USA,1995,75.6219512195122,9.5,1.978,13.08665381,3788.30984177,29150.0
United States,USA,1996,76.0268292682927,9.2,1.976,13.04409768,3944.28122935,30380.0
United States,USA,1997,76.4292682926829,8.9,1.971,12.96264222,4116.24644468,31390.0
United States,USA,1998,76.5804878048781,8.7,1.999,12.98733834,4302.44109902,32150.0
United States,USA,1999,76.5829268292683,8.6,2.0075,12.99005116,4521.68837276,33780.0
United States,USA,2000,76.6365853658537,8.4,2.056,13.06983845,4788.31156037,36070.0
United States,USA,2001,76.8365853658537,8.3,2.0305,13.72876259,5140.22936138,36840.0
United States,USA,2002,76.9365853658537,8.2,2.0205,14.54940527,5575.82983061,37470.0
United States,USA,2003,77.0365853658537,8.1,2.0475,15.05869771,5995.08222626,39950.0
United States,USA,2004,77.4878048780488,8.1,2.0515,15.13565701,6369.43110795,43680.0
United States,USA,2005,77.4878048780488,8.0,2.057,15.15399054,6741.0336808,46340.0
United States,USA,2006,77.6878048780488,7.9,2.108,15.2700426,7122.36644143,48080.0
United States,USA,2007,77.9878048780488,7.8,2.12,15.56604376,7511.96298843,48640.0
United States,USA,2008,78.0390243902439,7.7,2.072,16.02261006,7786.21190164,49330.0
United States,USA,2009,78.390243902439,7.5,2.002,16.99914257,8022.99802458,48050.0
United States,USA,2010,78.5414634146342,7.4,1.931,17.0167582,8269.36518147,48950.0
United States,USA,2011,78.6414634146341,7.2,1.8945,17.05713122,8523.83368559,50450.0
United States,USA,2012,78.7414634146342,7.1,1.8805,17.01736133,8789.76751317,52520.0
United States,USA,2013,78.8414634146341,6.9,1.8575,16.89772211,8987.90148711,53670.0
United States,USA,2014,78.9414634146341,6.7,1.8615,17.14075435,9402.53697133,54400.0
United States,USA,2015,,6.5,,,,54960.0
Upper middle income,UMC,1985,67.0205470131439,61.7,2.99945619550996,,,900.251843786117
Upper middle income,UMC,1986,67.4150156400711,59.8,2.99211429367237,,,955.10015353696
Upper middle income,UMC,1987,67.6729393899167,58.3,2.96300915661868,,,1026.44691125914
Upper middle income,UMC,1988,67.9158873487182,57.3,2.89749252270139,,,1078.21598987038
Upper middle income,UMC,1989,68.1198255273197,56.3,2.80627103921093,,,1096.08068756088
Upper middle income,UMC,1990,68.3133352150661,55.4,2.68987355740287,,,1173.99120772602
Upper middle income,UMC,1991,68.4945208608521,54.3,2.55564629106645,,,1304.9537861985
Upper middle income,UMC,1992,68.5693888366635,53.1,2.42049777319278,,,1380.44561601909
Upper middle income,UMC,1993,68.6259058137216,51.6,2.28817493327584,,,1444.02904133199
Upper middle income,UMC,1994,68.8024200765284,50.0,2.17949196034068,,,1500.25316935639
Upper middle income,UMC,1995,69.0815486903989,48.3,2.08004279697679,5.24017429001612,88.0703453087064,1606.93069800078
Upper middle income,UMC,1996,69.3955946302128,46.7,1.999793752697,5.28900155349027,98.7692420820487,1762.65551329255
Upper middle income,UMC,1997,69.732337255919,45.0,1.93632690029478,5.56310079680653,110.24042156202,1888.3105602197
Upper middle income,UMC,1998,70.0227881236658,43.2,1.89342840602658,5.52714453004287,106.653613990248,1847.03145234988
Upper middle income,UMC,1999,70.3013566219535,41.4,1.85815564352587,5.61035763376386,102.368601946235,1803.03026442227
Upper middle income,UMC,2000,70.595740042194,39.6,1.83976301721848,5.52275064975415,112.190663044885,1881.1898179211
Upper middle income,UMC,2001,70.9344315421279,37.7,1.82982710969042,5.60723554534262,115.542931888114,1887.20415511899
Upper middle income,UMC,2002,71.2321677416224,35.8,1.8255711082423,5.54246725490381,108.620825945384,1916.31517251925
Upper middle income,UMC,2003,71.5443628714835,33.9,1.82191583025111,5.63148206307022,121.840542036672,2085.716863043
Upper middle income,UMC,2004,71.8709871508207,32.1,1.82097061277522,5.52761177636392,143.391231122948,2441.55671404064
Upper middle income,UMC,2005,72.151493265572,30.5,1.81353924304988,5.65141854538779,175.228076968983,2881.35802872658
Upper middle income,UMC,2006,72.4840306930389,28.9,1.81098190342715,5.59447863223096,205.366749033018,3378.30090092569
Upper middle income,UMC,2007,72.7812540165489,27.6,1.81451647084678,5.56421600297348,252.30475679565,4058.02699215983
Upper middle income,UMC,2008,73.0329426151403,26.5,1.81908264374267,5.72595420260422,314.458598426035,4837.57479658598
Upper middle income,UMC,2009,73.3077066031379,25.3,1.81999016860949,6.27673934331907,328.8036250765,5205.45741341686
Upper middle income,UMC,2010,73.5303190962746,24.0,1.82134348096735,6.01817080047784,378.781853047607,5889.01925982496
Upper middle income,UMC,2011,73.7910465478282,22.9,1.82206759596656,5.94384681143949,441.582064461523,6578.30953449567
Upper middle income,UMC,2012,74.0357676433304,21.8,1.83055151667424,6.03760793363169,472.548270407102,7481.02673729632
Upper middle income,UMC,2013,74.2401224532884,20.7,1.83079130786899,6.13046551564563,505.312331559107,8132.08179791763
Upper middle income,UMC,2014,74.4388386735044,19.8,1.83223648666875,6.17952673586597,517.701562939292,8429.17100184585
Upper middle income,UMC,2015,,19.1,,,,8186.1906989609
Uruguay,URY,1985,71.5834634146342,28.6,2.53,,,1510.0
Uruguay,URY,1986,71.7985853658537,27.5,2.524,,,1780.0
Uruguay,URY,1987,71.9975609756098,26.3,2.524,,,2210.0
Uruguay,URY,1988,72.1849024390244,25.1,2.525,,,2600.0
Uruguay,URY,1989,72.3641951219512,24.0,2.525,,,2730.0
Uruguay,URY,1990,72.5395365853659,23.1,2.52,,,2840.0
Uruguay,URY,1991,72.7190487804878,22.3,2.509,,,3180.0
Uruguay,URY,1992,72.9068048780488,21.8,2.49,,,3830.0
Uruguay,URY,1993,73.1048536585366,21.5,2.465,,,4350.0
Uruguay,URY,1994,73.316243902439,21.1,2.435,,,5040.0
Uruguay,URY,1995,73.5384390243903,20.6,2.4,12.63050196,755.82561155,5530.0
Uruguay,URY,1996,73.7698780487805,20.0,2.363,10.70709205,676.28773001,6160.0
Uruguay,URY,1997,74.005,19.2,2.327,8.39879148,615.45695341,6970.0
Uruguay,URY,1998,74.2381707317073,18.3,2.294,8.90614574,686.75948946,7240.0
Uruguay,URY,1999,74.4663414634147,17.5,2.266,7.75073941,561.72693736,7260.0
Uruguay,URY,2000,74.6859756097561,16.8,2.242,7.81923694,537.33083552,7050.0
Uruguay,URY,2001,74.8960487804878,16.2,2.222,7.45887275,468.51905556,6500.0
Uruguay,URY,2002,75.0955609756098,15.8,2.205,7.17898084,293.53264542,5140.0
Uruguay,URY,2003,75.284512195122,15.3,2.189,6.51517001,235.98300614,4240.0
Uruguay,URY,2004,75.4644146341464,14.8,2.174,11.58763842,477.09996912,4130.0
Uruguay,URY,2005,75.6347073170732,14.3,2.158,11.1496572,582.11886292,4720.0
Uruguay,URY,2006,75.7964146341464,13.8,2.142,11.17178456,656.66517736,5380.0
Uruguay,URY,2007,75.9510243902439,13.3,2.126,8.22815252,576.76638429,6370.0
Uruguay,URY,2008,76.1010731707317,13.0,2.11,8.17280036,740.64234699,7690.0
Uruguay,URY,2009,76.2485853658537,12.7,2.094,8.78469846,827.09345172,8770.0
Uruguay,URY,2010,76.3946097560976,12.3,2.078,8.62826624,1030.06232208,10390.0
Uruguay,URY,2011,76.5411951219512,12.0,2.063,8.55410488,1211.82163732,12000.0
Uruguay,URY,2012,76.6883902439024,11.6,2.048,8.7407876,1322.25079831,13910.0
Uruguay,URY,2013,76.8361951219512,11.1,2.033,8.67769884,1464.74757851,15580.0
Uruguay,URY,2014,76.9861463414634,10.6,2.02,8.5814914,1442.27645098,16210.0
Uruguay,URY,2015,,10.1,,,,15720.0
Uzbekistan,UZB,1985,66.7852195121951,85.3,4.539,,,
Uzbekistan,UZB,1986,66.9424390243903,80.8,4.474,,,
Uzbekistan,UZB,1987,67.002512195122,77.3,4.5,,,
Uzbekistan,UZB,1988,66.9683414634146,74.5,4.28,,,
Uzbekistan,UZB,1989,66.8519024390244,72.5,4.179,,,
Uzbekistan,UZB,1990,66.6841707317073,71.5,4.072,,,
Uzbekistan,UZB,1991,66.5062682926829,71.1,4.199,,,
Uzbekistan,UZB,1992,66.3592682926829,71.0,4.004,,,600.0
Uzbekistan,UZB,1993,66.2722682926829,70.6,3.8,,,590.0
Uzbekistan,UZB,1994,66.2588048780488,70.2,3.537,,,570.0
Uzbekistan,UZB,1995,66.3168292682927,69.5,3.596,6.74492996,29.88148962,580.0
Uzbekistan,UZB,1996,66.4317804878049,68.7,3.32,7.1251374,42.43660993,600.0
Uzbekistan,UZB,1997,66.5711219512195,67.7,3.082,6.81584604,42.95802623,610.0
Uzbekistan,UZB,1998,66.7087804878049,66.5,2.815,6.30520983,39.50567647,620.0
Uzbekistan,UZB,1999,66.8333170731707,65.0,2.72,5.53580821,39.07646406,650.0
Uzbekistan,UZB,2000,66.9407804878049,63.2,2.58,5.29449957,29.71507593,630.0
Uzbekistan,UZB,2001,67.0292682926829,61.4,2.46,5.27690086,24.75619022,560.0
Uzbekistan,UZB,2002,67.1083658536586,59.6,2.52,5.43685001,20.92919275,450.0
Uzbekistan,UZB,2003,67.1866097560976,57.8,2.36,5.16997656,20.65254496,420.0
Uzbekistan,UZB,2004,67.2650243902439,56.0,2.46,5.11436038,23.99079169,460.0
Uzbekistan,UZB,2005,67.3470487804878,54.2,2.36,5.11296685,28.19646782,530.0
Uzbekistan,UZB,2006,67.4351463414634,52.5,2.39,5.49300901,35.62839039,600.0
Uzbekistan,UZB,2007,67.5312195121951,50.8,2.55,5.81239577,48.75463179,760.0
Uzbekistan,UZB,2008,67.6341951219512,49.2,2.64,5.92163254,61.2728105,960.0
Uzbekistan,UZB,2009,67.7445609756098,47.6,2.53,6.31487791,75.74763336,1130.0
Uzbekistan,UZB,2010,67.8612926829268,46.1,2.34,5.34396144,75.74480851,1300.0
Uzbekistan,UZB,2011,67.9814146341463,44.6,2.3,5.64815804,90.90451018,1510.0
Uzbekistan,UZB,2012,68.1019756097561,43.2,2.3,6.49281819,116.16043758,1700.0
Uzbekistan,UZB,2013,68.222,41.8,2.3,6.31652519,123.48715524,1910.0
Uzbekistan,UZB,2014,68.3390243902439,40.4,2.2,5.83852176,124.10909747,2070.0
Uzbekistan,UZB,2015,,39.1,,,,2150.0
Vanuatu,VUT,1985,61.0821951219512,47.8,5.209,,,960.0
Vanuatu,VUT,1986,61.5022195121951,44.6,5.141,,,980.0
Vanuatu,VUT,1987,61.9146341463415,41.7,5.078,,,860.0
Vanuatu,VUT,1988,62.331756097561,39.3,5.022,,,990.0
Vanuatu,VUT,1989,62.7580243902439,37.3,4.971,,,1090.0
Vanuatu,VUT,1990,63.1968536585366,35.6,4.927,,,1200.0
Vanuatu,VUT,1991,63.6477804878049,34.1,4.887,,,1090.0
Vanuatu,VUT,1992,64.1034146341463,32.9,4.85,,,1120.0
Vanuatu,VUT,1993,64.5593414634146,31.9,4.814,,,1210.0
Vanuatu,VUT,1994,65.0121463414634,31.0,4.775,,,1170.0
Vanuatu,VUT,1995,65.4593414634146,30.4,4.73,2.67060661,39.57934583,1270.0
Vanuatu,VUT,1996,65.8994878048781,29.9,4.677,2.30245085,35.02815847,1280.0
Vanuatu,VUT,1997,66.3300975609756,34.1,4.614,2.83190881,44.13847374,1310.0
Vanuatu,VUT,1998,66.7511951219512,29.1,4.542,3.60614404,53.11655865,1420.0
Vanuatu,VUT,1999,67.1598292682927,28.8,4.459,3.21916418,47.57526872,1420.0
Vanuatu,VUT,2000,67.555,28.5,4.368,3.28357898,48.26495264,1430.0
Vanuatu,VUT,2001,67.9347073170732,28.2,4.268,3.36538173,45.85723421,1370.0
Vanuatu,VUT,2002,68.2999512195122,27.9,4.162,3.52286849,47.69578083,1230.0
Vanuatu,VUT,2003,68.6517073170732,27.9,4.056,4.01906287,63.52338977,1360.0
Vanuatu,VUT,2004,68.99,27.9,3.95,4.11663165,73.60102809,1590.0
Vanuatu,VUT,2005,69.3178536585366,27.9,3.851,3.86851559,72.97012906,1780.0
Vanuatu,VUT,2006,69.636756097561,28.0,3.76,3.96261637,81.11489553,1990.0
Vanuatu,VUT,2007,69.9487317073171,28.2,3.679,3.67007251,87.83874474,2130.0
Vanuatu,VUT,2008,70.254756097561,28.2,3.608,3.66361488,98.84513924,2530.0
Vanuatu,VUT,2009,70.5558292682927,28.4,3.549,3.90267183,103.16298035,2620.0
Vanuatu,VUT,2010,70.8499512195122,28.5,3.499,4.71116665,139.71942865,2690.0
Vanuatu,VUT,2011,71.1345609756098,28.6,3.456,3.84552673,125.9419654,2860.0
Vanuatu,VUT,2012,71.4081707317073,28.6,3.419,3.70249939,116.94052111,2950.0
Vanuatu,VUT,2013,71.669243902439,28.4,3.383,3.92031081,124.15840697,3200.0
Vanuatu,VUT,2014,71.9183170731707,28.1,3.347,5.02357493,157.51068884,3160.0
Vanuatu,VUT,2015,,27.5,,,,
"Venezuela, RB",VEN,1985,69.1748536585366,36.1,3.794,,,3450.0
"Venezuela, RB",VEN,1986,69.3120243902439,34.8,3.73,,,3380.0
"Venezuela, RB",VEN,1987,69.4382195121951,33.5,3.665,,,3150.0
"Venezuela, RB",VEN,1988,69.5603170731708,32.1,3.597,,,3230.0
"Venezuela, RB",VEN,1989,69.6871707317073,30.8,3.524,,,2430.0
"Venezuela, RB",VEN,1990,69.8286097560976,29.6,3.448,,,2560.0
"Venezuela, RB",VEN,1991,69.9944146341464,28.6,3.37,,,2580.0
"Venezuela, RB",VEN,1992,70.1880243902439,27.8,3.292,,,2740.0
"Venezuela, RB",VEN,1993,70.4094390243903,27.3,3.218,,,2720.0
"Venezuela, RB",VEN,1994,70.6562195121951,26.8,3.147,,,2620.0
"Venezuela, RB",VEN,1995,70.9269268292683,26.3,3.082,5.42406837,183.06749351,2910.0
"Venezuela, RB",VEN,1996,71.2157073170732,25.5,3.022,4.72752848,142.46875903,2960.0
"Venezuela, RB",VEN,1997,71.5122682926829,24.5,2.967,4.05839035,150.75418199,3350.0
"Venezuela, RB",VEN,1998,71.8053902439025,23.5,2.915,4.44394708,172.23981013,3340.0
"Venezuela, RB",VEN,1999,72.0862682926829,27.7,2.867,4.91966378,200.63536192,3530.0
"Venezuela, RB",VEN,2000,72.3461219512195,21.7,2.822,4.9066524,234.78851744,4070.0
"Venezuela, RB",VEN,2001,72.5756097560976,21.0,2.779,5.20843586,256.68345606,4540.0
"Venezuela, RB",VEN,2002,72.7752682926829,20.4,2.739,4.93143968,180.35231124,3940.0
"Venezuela, RB",VEN,2003,72.9445609756098,19.8,2.701,4.93347186,159.36875494,3450.0
"Venezuela, RB",VEN,2004,73.0864390243903,19.2,2.664,4.77964216,204.25157226,4050.0
"Venezuela, RB",VEN,2005,73.2033170731707,18.5,2.629,4.6940286,255.16139256,4920.0
"Venezuela, RB",VEN,2006,73.3010487804878,17.9,2.595,4.85046028,326.93249678,6050.0
"Venezuela, RB",VEN,2007,73.3889024390244,17.4,2.562,5.25316087,437.33700575,7520.0
"Venezuela, RB",VEN,2008,73.476243902439,17.1,2.531,3.98047064,446.79375171,9230.0
"Venezuela, RB",VEN,2009,73.568,16.8,2.501,5.81361503,670.59120465,10150.0
"Venezuela, RB",VEN,2010,73.6716097560976,16.6,2.472,5.03666547,684.05784328,11530.0
"Venezuela, RB",VEN,2011,73.7916585365854,16.4,2.444,5.2449473,564.07273431,11790.0
"Venezuela, RB",VEN,2012,73.9257317073171,16.1,2.417,4.80160508,613.2415622,12500.0
"Venezuela, RB",VEN,2013,74.0744146341464,15.7,2.391,4.93680816,605.50489095,11780.0
"Venezuela, RB",VEN,2014,74.2361951219512,15.3,2.365,5.2567025,873.38432219,
"Venezuela, RB",VEN,2015,,14.9,,,,
Vietnam,VNM,1985,68.8685365853659,60.3,4.205,,,
Vietnam,VNM,1986,69.1859024390244,58.5,4.062,,,
Vietnam,VNM,1987,69.5095853658537,56.7,3.929,,,
Vietnam,VNM,1988,69.8225121951219,54.8,3.802,,,
Vietnam,VNM,1989,70.1241951219512,52.8,3.68,,,220.0
Vietnam,VNM,1990,70.4181951219512,50.8,3.553,,,130.0
Vietnam,VNM,1991,70.7080731707317,48.8,3.415,,,110.0
Vietnam,VNM,1992,70.9954634146342,46.8,3.26,,,130.0
Vietnam,VNM,1993,71.2824146341463,44.8,3.089,,,170.0
Vietnam,VNM,1994,71.568487804878,43.0,2.904,,,200.0
Vietnam,VNM,1995,71.8522195121951,41.2,2.714,5.18751136,14.30465923,260.0
Vietnam,VNM,1996,72.1315609756098,39.5,2.529,5.0518596,16.30967746,310.0
Vietnam,VNM,1997,72.403512195122,38.0,2.359,4.87738848,16.90240917,350.0
Vietnam,VNM,1998,72.664512195122,36.5,2.213,4.91848196,17.05646327,360.0
Vietnam,VNM,1999,72.9135365853659,35.1,2.096,4.88350828,17.6420315,370.0
Vietnam,VNM,2000,73.1485853658537,33.8,2.01,4.89132806,20.49500152,400.0
Vietnam,VNM,2001,73.3695853658537,32.5,1.954,5.17364313,22.50697102,430.0
Vietnam,VNM,2002,73.5765609756098,31.4,1.92,4.69805786,21.76353955,460.0
Vietnam,VNM,2003,73.7725365853659,30.4,1.901,4.83899044,24.99998954,510.0
Vietnam,VNM,2004,73.9590243902439,29.4,1.894,5.08710719,30.13258629,590.0
Vietnam,VNM,2005,74.1381219512195,28.5,1.894,5.37666261,36.80053658,680.0
Vietnam,VNM,2006,74.3123658536585,27.7,1.901,5.56258599,43.44546244,760.0
Vietnam,VNM,2007,74.4838536585366,26.9,1.911,6.0923572,54.98803667,850.0
Vietnam,VNM,2008,74.6530975609756,26.2,1.923,5.52834177,63.2902605,1000.0
Vietnam,VNM,2009,74.8226097560976,25.5,1.935,6.0398131,73.2207569,1120.0
Vietnam,VNM,2010,74.9903658536585,24.8,1.946,6.36084929,83.45891629,1270.0
Vietnam,VNM,2011,75.1568048780488,24.2,1.953,6.2016319,94.10525085,1390.0
Vietnam,VNM,2012,75.3193902439024,23.5,1.957,6.96358104,120.11497648,1550.0
Vietnam,VNM,2013,75.477,22.9,1.96,7.16550866,134.2645765,1740.0
Vietnam,VNM,2014,75.6291219512195,22.3,1.961,7.06677833,142.37388905,1900.0
Vietnam,VNM,2015,,21.7,,,,1980.0
Virgin Islands (U.S.),VIR,1985,73.0557317073171,,2.973,,,8930.0
Virgin Islands (U.S.),VIR,1986,73.4168292682927,,2.986,,,9850.0
Virgin Islands (U.S.),VIR,1987,73.7759512195122,,2.997,,,11550.0
Virgin Islands (U.S.),VIR,1988,74.1262926829268,,2.999,,,12590.0
Virgin Islands (U.S.),VIR,1989,74.4644390243903,,2.987,,,13660.0
Virgin Islands (U.S.),VIR,1990,74.788,,2.954,,,
Virgin Islands (U.S.),VIR,1991,75.0990243902439,,2.895,,,
Virgin Islands (U.S.),VIR,1992,75.400512195122,,2.813,,,
Virgin Islands (U.S.),VIR,1993,75.6949024390244,,2.712,,,
Virgin Islands (U.S.),VIR,1994,75.9821951219512,,2.599,,,
Virgin Islands (U.S.),VIR,1995,76.2629024390244,,2.481,,,
Virgin Islands (U.S.),VIR,1996,76.5365609756098,,2.367,,,
Virgin Islands (U.S.),VIR,1997,76.8025609756098,,2.265,,,
Virgin Islands (U.S.),VIR,1998,77.0592926829268,,2.184,,,
Virgin Islands (U.S.),VIR,1999,77.3061707317073,,2.128,,,
Virgin Islands (U.S.),VIR,2000,76.619512195122,,2.06,,,
Virgin Islands (U.S.),VIR,2001,77.8731707317073,,1.9,,,
Virgin Islands (U.S.),VIR,2002,78.0243902439024,,2.19,,,
Virgin Islands (U.S.),VIR,2003,78.1731707317073,,2.05,,,
Virgin Islands (U.S.),VIR,2004,78.7243902439024,,2.15,,,
Virgin Islands (U.S.),VIR,2005,78.5243902439025,,2.23,,,
Virgin Islands (U.S.),VIR,2006,78.6243902439025,,2.02,,,
Virgin Islands (U.S.),VIR,2007,78.8243902439024,,1.97,,,
Virgin Islands (U.S.),VIR,2008,78.9243902439025,,1.91,,,
Virgin Islands (U.S.),VIR,2009,79.0731707317073,,1.86,,,
Virgin Islands (U.S.),VIR,2010,79.1731707317073,,1.81,,,
Virgin Islands (U.S.),VIR,2011,79.3731707317073,,1.8,,,
Virgin Islands (U.S.),VIR,2012,79.4731707317073,,1.78,,,
Virgin Islands (U.S.),VIR,2013,79.6243902439024,,1.77,,,
Virgin Islands (U.S.),VIR,2014,79.7731707317073,,1.75,,,
Virgin Islands (U.S.),VIR,2015,,,,,,
West Bank and Gaza,WBG,1985,,58.9,,,,
West Bank and Gaza,WBG,1986,,55.5,,,,
West Bank and Gaza,WBG,1987,,52.3,,,,
West Bank and Gaza,WBG,1988,,49.4,,,,
West Bank and Gaza,WBG,1989,,46.7,,,,
West Bank and Gaza,WBG,1990,68.0528780487805,44.4,6.719,,,
West Bank and Gaza,WBG,1991,68.3945365853659,42.3,6.675,,,
West Bank and Gaza,WBG,1992,68.7170731707317,40.4,6.608,,,
West Bank and Gaza,WBG,1993,69.0269512195122,38.7,6.515,,,
West Bank and Gaza,WBG,1994,69.3266829268293,37.2,6.396,,,
West Bank and Gaza,WBG,1995,69.6153170731707,35.7,6.251,,,
West Bank and Gaza,WBG,1996,69.8878780487805,34.4,6.085,,,1520.0
West Bank and Gaza,WBG,1997,70.1403902439024,33.1,5.907,,,1740.0
West Bank and Gaza,WBG,1998,70.3694146341463,31.9,5.729,,,1940.0
West Bank and Gaza,WBG,1999,70.5749268292683,30.8,5.554,,,1960.0
West Bank and Gaza,WBG,2000,70.7589024390244,29.8,5.39,,,1580.0
West Bank and Gaza,WBG,2001,70.9222682926829,28.9,5.24,,,1390.0
West Bank and Gaza,WBG,2002,71.0699756097561,28.2,5.105,,,1300.0
West Bank and Gaza,WBG,2003,71.2075365853659,27.5,4.983,,,1390.0
West Bank and Gaza,WBG,2004,71.3394634146342,26.9,4.875,,,1480.0
West Bank and Gaza,WBG,2005,71.4708780487805,26.3,4.782,,,1660.0
West Bank and Gaza,WBG,2006,71.6058780487805,25.8,4.7,,,1570.0
West Bank and Gaza,WBG,2007,71.7470487804878,25.2,4.627,,,1600.0
West Bank and Gaza,WBG,2008,71.8949512195122,24.7,4.56,,,1660.0
West Bank and Gaza,WBG,2009,72.0510975609756,24.2,4.496,,,2110.0
West Bank and Gaza,WBG,2010,72.2149268292683,23.8,4.433,,,2310.0
West Bank and Gaza,WBG,2011,72.3853902439024,23.3,4.369,,,2560.0
West Bank and Gaza,WBG,2012,72.5588536585366,22.8,4.305,,,3070.0
West Bank and Gaza,WBG,2013,72.7322439024391,22.3,4.241,,,3060.0
West Bank and Gaza,WBG,2014,72.9040243902439,21.7,4.176,,,3090.0
West Bank and Gaza,WBG,2015,,21.1,,,,
World,WLD,1985,64.2179642476759,101.2,3.5415345688977,,,2557.89512196478
World,WLD,1986,64.5150695079898,98.6,3.50840673822299,,,2819.41137032573
World,WLD,1987,64.7668539595321,96.2,3.46831387919371,,,3287.58998240363
World,WLD,1988,64.9719800086873,94.0,3.4163942729638,,,3884.56946353263
World,WLD,1989,65.1906101950495,92.1,3.3487503954374,,,4038.83227138407
World,WLD,1990,65.3861824365191,90.6,3.27706504976496,,,4192.01843868075
World,WLD,1991,65.5745386495467,89.2,3.18932134403118,,,4336.46408772463
World,WLD,1992,65.7389764149568,88.2,3.10272533183084,,,4647.08761986994
World,WLD,1993,65.8641059653504,87.3,3.01364691473272,,,4730.58399187792
World,WLD,1994,66.072466934273,86.5,2.93896404169234,,,4920.07215709985
World,WLD,1995,66.2831125014436,85.3,2.86762502172084,8.52170916763249,461.545234506415,5216.12012687392
World,WLD,1996,66.5646362304982,84.0,2.80965901252176,8.57109439867863,467.645662190095,5457.80544758438
World,WLD,1997,66.8574223428474,82.5,2.75782318427772,8.66613035244113,463.148891303112,5501.40390287265
World,WLD,1998,67.1010522187661,80.6,2.71913112131043,8.89056782999397,466.76476078538,5261.8008842445
World,WLD,1999,67.3388105268717,78.3,2.68343439856941,8.99651333763167,483.957037116142,5266.33098321889
World,WLD,2000,67.606037986828,75.9,2.66157646527684,9.02011766415514,493.050308816671,5441.35053856524
World,WLD,2001,67.9028311357575,73.4,2.63270180746971,9.43338817312901,506.374711070337,5416.85982541892
World,WLD,2002,68.1584411645814,70.7,2.61184845515343,9.78480332805746,535.385556736093,5377.44781107209
World,WLD,2003,68.4229803308163,67.9,2.59526823779365,9.93398833726675,601.737791275973,5780.11379663475
World,WLD,2004,68.7523568388897,65.5,2.58103480679664,9.81286505229809,661.903750149033,6593.16501349146
World,WLD,2005,69.0134323119067,62.6,2.56124681909534,9.8009268036835,706.812353800971,7308.18398305412
World,WLD,2006,69.3390709741998,60.1,2.55170123332238,9.69651974955383,748.814060401144,7797.43952634114
World,WLD,2007,69.6418542733147,57.8,2.54274186062798,9.54895655999277,822.305554616346,8316.52136633218
World,WLD,2008,69.914714154355,55.8,2.53217890403377,9.62203719530527,895.873122675708,8910.67056549731
World,WLD,2009,70.2203520362215,53.5,2.51423858074985,10.4035510481014,906.913628537332,8937.60609338698
World,WLD,2010,70.4854652468648,51.7,2.50001830340849,10.0361697037407,948.697373861547,9362.52322156025
World,WLD,2011,70.764917994639,49.4,2.48451776106682,9.84734740622074,1019.76342698985,9833.22395410373
World,WLD,2012,71.0049775062799,47.4,2.47738914353831,9.8554601829934,1026.15480217145,10415.8168642487
World,WLD,2013,71.243252170123,45.6,2.4625187593512,9.84089217470938,1041.74995700284,10758.1047298237
World,WLD,2014,71.4549981566129,43.9,2.45332081768493,9.94453920095723,1060.98712764105,10799.1940250707
World,WLD,2015,,42.5,,,,10437.270854936
"Yemen, Rep.",YEM,1985,55.0385853658537,154.4,8.873,,,
"Yemen, Rep.",YEM,1986,55.7386341463415,147.0,8.865,,,
"Yemen, Rep.",YEM,1987,56.3567317073171,140.7,8.838,,,
"Yemen, Rep.",YEM,1988,56.8963414634146,135.2,8.789,,,
"Yemen, Rep.",YEM,1989,57.363,130.4,8.714,,,
"Yemen, Rep.",YEM,1990,57.7641951219512,126.3,8.607,,,
"Yemen, Rep.",YEM,1991,58.1109024390244,122.8,8.459,,,
"Yemen, Rep.",YEM,1992,58.4186341463415,119.6,8.27,,,500.0
"Yemen, Rep.",YEM,1993,58.7028780487805,116.8,8.045,,,450.0
"Yemen, Rep.",YEM,1994,58.9726341463415,114.4,7.792,,,370.0
"Yemen, Rep.",YEM,1995,59.2364146341464,112.2,7.521,4.20394144,39.65532113,310.0
"Yemen, Rep.",YEM,1996,59.4961951219512,109.8,7.248,4.11404036,23.33038735,290.0
"Yemen, Rep.",YEM,1997,59.7479756097561,107.2,6.986,4.25990346,20.31450104,320.0
"Yemen, Rep.",YEM,1998,59.9912682926829,103.8,6.744,4.97697955,21.44267557,370.0
"Yemen, Rep.",YEM,1999,60.2275609756098,99.9,6.527,4.28163482,21.51043167,370.0
"Yemen, Rep.",YEM,2000,60.4563658536585,95.4,6.335,4.13856617,25.26729843,420.0
"Yemen, Rep.",YEM,2001,60.6766829268293,90.7,6.164,4.33521896,26.61915889,470.0
"Yemen, Rep.",YEM,2002,60.888,85.9,6.002,4.2192872,27.43931418,510.0
"Yemen, Rep.",YEM,2003,61.0918292682927,81.3,5.842,5.00406928,35.01216658,530.0
"Yemen, Rep.",YEM,2004,61.2926585365854,76.8,5.68,4.8988836,38.38332031,600.0
"Yemen, Rep.",YEM,2005,61.4979268292683,72.6,5.515,4.5804801,42.53610453,690.0
"Yemen, Rep.",YEM,2006,61.7171707317073,68.5,5.347,4.81712889,52.0957528,790.0
"Yemen, Rep.",YEM,2007,61.9548048780488,64.7,5.18,4.91766097,58.08815663,930.0
"Yemen, Rep.",YEM,2008,62.2113658536585,61.0,5.016,5.11744651,69.6851483,1100.0
"Yemen, Rep.",YEM,2009,62.4853414634146,57.6,4.856,5.31633725,65.91392692,1260.0
"Yemen, Rep.",YEM,2010,62.7687317073171,54.2,4.703,5.17144739,67.74874258,1250.0
"Yemen, Rep.",YEM,2011,63.0535365853659,51.1,4.556,5.0414585,64.65160379,1060.0
"Yemen, Rep.",YEM,2012,63.3272926829268,48.4,4.416,5.73349373,73.90669273,1180.0
"Yemen, Rep.",YEM,2013,63.583512195122,46.0,4.284,5.77556499,78.52249036,1300.0
"Yemen, Rep.",YEM,2014,63.8181951219512,43.8,4.16,5.63699019,79.93696624,
"Yemen, Rep.",YEM,2015,,41.9,,,,
Zambia,ZMB,1985,48.7342926829268,174.7,6.834,,,340.0
Zambia,ZMB,1986,47.858756097561,180.1,6.767,,,250.0
Zambia,ZMB,1987,46.9363658536585,184.7,6.701,,,260.0
Zambia,ZMB,1988,46.0106829268293,188.0,6.634,,,330.0
Zambia,ZMB,1989,45.1237317073171,190.0,6.568,,,400.0
Zambia,ZMB,1990,44.3124634146342,190.6,6.502,,,430.0
Zambia,ZMB,1991,43.6023170731707,190.3,6.439,,,390.0
Zambia,ZMB,1992,43.0046097560976,189.4,6.38,,,360.0
Zambia,ZMB,1993,42.5331219512195,187.5,6.325,,,370.0
Zambia,ZMB,1994,42.2072195121951,184.5,6.276,,,350.0
Zambia,ZMB,1995,42.0382926829268,181.1,6.233,4.97742828,20.47757919,370.0
Zambia,ZMB,1996,42.0248048780488,178.1,6.196,6.00546828,22.73446894,400.0
Zambia,ZMB,1997,42.1581951219512,175.7,6.165,6.27948539,27.67649894,400.0
Zambia,ZMB,1998,42.4329024390244,172.9,6.139,7.0649671,24.90824007,350.0
Zambia,ZMB,1999,42.8557804878049,169.1,6.116,7.36514479,24.3207841,350.0
Zambia,ZMB,2000,43.4566829268293,163.1,6.097,7.16155106,24.36048524,330.0
Zambia,ZMB,2001,44.2724878048781,154.2,6.08,6.56316538,24.74165066,340.0
Zambia,ZMB,2002,45.3066585365854,142.9,6.064,6.92776191,26.08083993,350.0
Zambia,ZMB,2003,46.5386341463415,131.2,6.048,8.17601711,35.07592245,400.0
Zambia,ZMB,2004,47.9323902439024,120.6,6.028,7.32536011,38.86516106,460.0
Zambia,ZMB,2005,49.4293902439024,111.7,6.001,7.55610861,52.27383468,550.0
Zambia,ZMB,2006,50.9666097560976,104.5,5.963,6.10709037,62.92278027,710.0
Zambia,ZMB,2007,52.4771463414634,98.0,5.911,4.36579232,48.1756618,880.0
Zambia,ZMB,2008,53.9056341463415,93.1,5.847,4.8719934,66.53854373,1160.0
Zambia,ZMB,2009,55.2141707317073,87.4,5.772,4.72867894,53.65967398,1260.0
Zambia,ZMB,2010,56.3838536585366,82.1,5.687,4.40728156,64.17510388,1310.0
Zambia,ZMB,2011,57.4221951219512,78.6,5.599,4.262571,70.52581827,1390.0
Zambia,ZMB,2012,58.3633170731707,74.4,5.511,4.91328998,82.86919808,1660.0
Zambia,ZMB,2013,59.2373658536585,70.2,5.429,4.99279017,87.83302346,1750.0
Zambia,ZMB,2014,60.0470487804878,66.6,5.353,4.98676469,85.85307416,1740.0
Zambia,ZMB,2015,,64.0,,,,1500.0
Zimbabwe,ZWE,1985,61.8590975609756,80.6,6.223,,,740.0
Zimbabwe,ZWE,1986,61.9253170731707,77.1,6.004,,,690.0
Zimbabwe,ZWE,1987,61.7538048780488,74.6,5.784,,,700.0
Zimbabwe,ZWE,1988,61.3226341463415,73.5,5.569,,,810.0
Zimbabwe,ZWE,1989,60.6128780487805,73.9,5.365,,,840.0
Zimbabwe,ZWE,1990,59.5830731707317,75.8,5.176,,,860.0
Zimbabwe,ZWE,1991,58.1971707317073,78.8,5.001,,,850.0
Zimbabwe,ZWE,1992,56.4919756097561,82.7,4.84,,,690.0
Zimbabwe,ZWE,1993,54.5387073170732,87.0,4.69,,,630.0
Zimbabwe,ZWE,1994,52.4221219512195,91.2,4.553,,,620.0
Zimbabwe,ZWE,1995,50.239,95.5,4.431,,,600.0
Zimbabwe,ZWE,1996,48.0876341463415,99.2,4.326,,,670.0
Zimbabwe,ZWE,1997,46.0659024390244,102.0,4.237,,,670.0
Zimbabwe,ZWE,1998,44.2725853658537,103.9,4.165,,,590.0
Zimbabwe,ZWE,1999,42.7914878048781,105.2,4.108,,,540.0
Zimbabwe,ZWE,2000,41.6894390243903,105.8,4.065,7.00975099,37.51600657,490.0
Zimbabwe,ZWE,2001,40.9968048780488,105.6,4.036,6.15713524,33.10799264,510.0
Zimbabwe,ZWE,2002,40.6791463414634,105.1,4.018,6.53175852,32.64026949,460.0
Zimbabwe,ZWE,2003,40.7024878048781,104.0,4.008,6.51500899,29.2115538,410.0
Zimbabwe,ZWE,2004,41.0593414634146,103.0,4.005,7.13051837,32.17087301,420.0
Zimbabwe,ZWE,2005,41.7596097560976,101.9,4.006,6.43560337,28.52517713,430.0
Zimbabwe,ZWE,2006,42.8107073170732,100.0,4.012,5.1241363,21.24877429,410.0
Zimbabwe,ZWE,2007,44.177756097561,98.0,4.022,4.47385581,17.80401666,380.0
Zimbabwe,ZWE,2008,45.8044878048781,95.4,4.034,4.95530438,16.21371054,300.0
Zimbabwe,ZWE,2009,47.6246585365854,92.9,4.044,6.25858308,37.20702422,400.0
Zimbabwe,ZWE,2010,49.5746585365854,89.5,4.048,5.37316536,36.36279411,500.0
Zimbabwe,ZWE,2011,51.6003658536585,85.6,4.039,6.30657418,48.46958014,690.0
Zimbabwe,ZWE,2012,53.6430731707317,78.5,4.016,6.68618346,57.25376348,770.0
Zimbabwe,ZWE,2013,55.633,74.5,3.977,6.88119338,62.30922835,820.0
Zimbabwe,ZWE,2014,57.4983170731707,72.3,3.923,6.43947119,57.71045218,840.0
Zimbabwe,ZWE,2015,,70.7,,,,850.0
